Bursa;(10. Yarış Günü);16/05/2025
1. Kosu :   14.00;Handikap 15/DHÖW /H2/Y1; 4 Yaşlı Araplar; kg; 1400m; Kum;;;;Rekor Derece :1.33.63
İkramiye;;;;;Yetiştirici Primi;;;;
1.)350.000 TL;2.)140.000 TL;3.)70.000 TL;4.)35.000 TL;5.)17.500 TL;1.)63.000 TL;2.)25.200 TL;3.)12.600 TL;4.)6.300 TL;5.)3.150 TL;
At No;At İsmi;Yaş;Orijin(Baba);Orijin(Anne);Kilo;Jokey Adı;Sahip Adı;Antrenör Adı;St;AGF;H;Derece;Ganyan;Fark
1;BÜYÜK MACELAN KG ÖG;4y a  a;ÖZGÜNHAN;NECİBE;54,5 +0.50;M.KEÇECİ;GÖKHAN ALVEROĞLU;At Sahibi;6;%19.9(2);42;1:37.11;3,00;2 Boy
2;TERZİOĞLU DB SKG SK;4y a  a;HİSARBEY;MAHRURKIZ;57,5;R.KETME;ERHAN KAVÇİN;G.DÜŞÜNCELİ;3;%19.78(3);48;1:37.43;4,45;3 Boy
3;ERDALIN OĞLU DB SKG SK;4y d  a;ABUŞ;TOPLUNUR;56,5;HA.GÖKÇE;SERDAR ÇETİNKAYA;R.KILIÇ;7;%11.63(4);46;1:37.94;6,80;6 Boy
4;EL FURAT K;4y k  a;RED ROSE;ALYA EYLÜL;60;ER.CANKILIÇ;MEHMET DEMİRKOL;A.TEMİZER;9;%21.36(1);53;1:39.04;4,15;2,5 Boy
5;ÇİMENGÖZ KG DB SK GKR;4y k  a;AYABAKAN;BESTEN;52 +0.10;EFE KORKMAZ;RAMAZAN YILMAZ;Z.KAYA;5;%0.93(12);37;1:39.53;44,70;
6;İLBAN BEYİ KG DB SK;4y k  a;TÜMÖZ BEY;NEŞE;55,5 +0.30;M.F.KAYA;AHMET KAYA;M.DEMİRTAŞ;2;%5.87(6);44;1:39.56;12,85;
7;YILMA OĞLUM DB SKG SK;4y k  a;YILMABAŞAR;ÖZFİDAN;52,5 +2.00;İ.AKIN;MÜHİTTİN ALAK;ENG.ALTIN;4;%6.51(5);38;1:39.75;10,15;
8;TUNA TUNA KG DB SK;4y k  a;BOZYİĞİT;GÜLBALIM;52 +0.60;Ç.TAŞCI;NUMAN AFACAN;A.TEKDEMİR;8;%0.97(11);37;1:40.50;61,65;
9;BENİCE GÜLÜ DB SKG SK;4y k k;YAŞARCIK;SEVDANUR;53 +1.90;A.E.ELMAS;ÖZGÜR KAHRAMAN;A.R.YILDIZ;1;%1.44(10);39;1:40.71;31,60;
10;ŞANLI ANKA KG K DB;4y k  a;ANKA;ŞANKUTLU;54,5 +1.80;H.TURAN;FATMA NİLGÜN KUTLU;M.MEHMET İNAL;12 - DS;%3.11(9);42;1:41.24;22,00;
11;BARBUDA KG K;4y k  a;ARHANBEY;TAMBORA;61;E.AKKAYA;H.TARIK DİKENCİK;M.ÖZGÜL;11 - DS;%4.92(7);55;1:41.65;18,75;
12;ROL MODEL DB SKG SK;4y k  a;TURBO;ZEPKA;52,5 +2.00;E.AKPINAR;AREK GÖVER;A.R.YILDIZ;10;%3.57(8);38;1:42.21;21,45;
GANYAN(6) :3,00 TL, İKİLİ(3/6) :7,50 TL, SIRALI İKİLİ(6/3) :13,55 TL

2. Kosu :   14.30;Handikap 15 /H2; 3 Yaşlı İngilizler; kg; 1400m; Çim;;;;Rekor Derece :1.20.59
İkramiye;;;;;Yetiştirici Primi;;;;
1.)350.000 TL;2.)140.000 TL;3.)70.000 TL;4.)35.000 TL;5.)17.500 TL;1.)63.000 TL;2.)25.200 TL;3.)12.600 TL;4.)6.300 TL;5.)3.150 TL;
At No;At İsmi;Yaş;Orijin(Baba);Orijin(Anne);Kilo;Jokey Adı;Sahip Adı;Antrenör Adı;St;AGF;H;Derece;Ganyan;Fark
1;BIÇKIDERELİ EGE DB SK;3y d  e;MARCAVELLY (USA);TUYA NAZ;54,5;C.PASO;EROL ÇOKLAR;HÜS.KARABULUT;4;%4.17(6);38;1:23.51;16,45;1 Boy
2;DRAGON BLUE K;3y a  e;DRAGON PULSE* (IRE);EVANGELICAL (GB);59,5;N.ŞEN;A.LEVENT DİLMAÇ;İ.ÇAK;3;%63.1(1);48;1:23.62;1,20;2 Boy
3;YAZ SK;3y d  d;LION HEART (USA);CRACKER BABY;55 +0.80;O.ÖZTÜRK;BARIŞ KARAGÖZ;A.ÖCAL;9;%0.71(9);39;1:23.92;52,70;1 Boy
4;QUEEN REDAMANCY SK;3y d  d;APPROVE (IRE);NURMAHAL;59;E.BOZDAĞ AP;HASAN TARIK ŞEKER;At Sahibi;2;%4.26(5);51;1:24.05;23,85;Boyun
5;FIFTY FIFTY KG K DB GKR;3y d  e;SCARFACE;WESTSIDE;58;R.KETME AP;EMİR KAVÇİN;E.ÇİLEK;5;%7.61(3);51;1:24.09;12,15;
6;THE LAST MAN KG K;3y d  e;TIGHT END;BULLSEYE;58,5;M.M.BİLGİN;M.MELİH KILIÇ;Y.KARAKÜÇÜK;8;%9.61(2);46;1:24.41;6,80;
7;MISS CANOSH KG K;3y d  d;VICTOIRE PISA (JPN);ENE;54;E.KADİRLER AP;NEDİM AKAGÜNDÜZ;M.ÖZGÜL;1;%2.63(7);41;1:24.54;20,40;
8;GREEN GÖLE K DB;3y d  e;VICTOIRE PISA (JPN);ARİN;57,5;C.ALTUN AP;BİROL BULUT;M.E.AVCI;10;%6.23(4);48;1:25.02;12,35;
9;KURTULUŞ AĞA K;3y d  e;MARCAVELLY (USA);FATO ANA;53,5 +0.90;A.İNCİ;MÜCAHİT DEMİRKAN;A.MANTAŞ;6;%0.5(10);36;1:26.40;50,45;
10;MASKED WOLF DB SK;3y d  d;CORINTHIAN (USA);PRINCESS İLKE;55,5 +1.20;T.ALICI;SEDAT CAN;D.KAYA;7;%1.17(8);40;Derecesiz;40,95;
GANYAN(9) :16,45 TL, İKİLİ(3/9) :6,10 TL, SIRALI İKİLİ(9/3) :29,55 TL, ÜÇLÜ BAHİS(9/3/8) :590,25 TL, PLASE(3) :1,05 TL, PLASE(9) :1,05 TL, PLASE İKİLİ(3/8) :30,00 TL, PLASE İKİLİ(3/9) :11,10 TL, PLASE İKİLİ(8/9) :80,10 TL, 1. ÇİFTE(6/9) :77,85 TL

3. Kosu :   15.00;ŞARTLI 3/DHÖW/Dişi; 4 ve Yukarı Araplar; 57.50kg; 60.00 kg; 2200m; Çim;;;;Rekor Derece :2.26.71
İkramiye;;;;;Yetiştirici Primi;;;;
1.)285.000 TL;2.)114.000 TL;3.)57.000 TL;4.)28.500 TL;5.)14.250 TL;1.)51.300 TL;2.)20.520 TL;3.)10.260 TL;4.)5.130 TL;5.)2.565 TL;
At No;At İsmi;Yaş;Orijin(Baba);Orijin(Anne);Kilo;Jokey Adı;Sahip Adı;Antrenör Adı;St;AGF;H;Derece;Ganyan;Fark
1;SİNSİNATEŞİ K;5y a k;KAIZBERT (RU);BAĞGÜZELİ;57;O.YILDIZ;MERT ÇELİK;S.ÖNDER;10;%18.02(3);70;2:30.91;3,85;Burun
2;PRENSES DI KG K DB GKR;6y a k;GÜNTAY;KOŞUCU;57;C.PASO;MURAT AKÇA;K.KAYALIK;4;%1.76(8);72;2:30.92;32,75;1,5  Boy
3;YAHYABEY GÜLÜ KG DB GKR;9y k k;KARADENİZ;HIZEL TO HIZEL;53;R.KETME AP;GIYASETTİN ŞEN;G.ŞEN;11;%0.93(10);55;2:31.13;38,05;1,5  Boy
4;BELKIS ANA KG DB SK;5y a k;SAADIN GÜCÜ;SEVDALIMSINCAN;58;M.ÇİÇEK;TUNCAY PALIT;Y.TAŞKIN;7;%25.08(2);80;2:31.38;3,00;Yarım Boy
5;KIVILCIMKIZ KG SK;6y k k;ÖZGÜNHAN;TEMENNİ;54;C.ALTUN AP;ABDİ ARSLAN;At Sahibi;1;%8.97(4);74;2:31.46;11,85;
6;ADEN PERİSİ KG SK;6y k k;TURBO;KAFKAS PERİSİ;57;M.M.BİLGİN;GÜNSEN SOYUPAK;M.U.TURAN;3;%29.72(1);88;2:33.51;3,10;
7;NEVESTA KG DB SK;5y a k;CANKARDEŞLER;KOBAT;57;B.M.MIRIK;SERKAN ALSANCAK;R.AKDUMAN;9;%8.56(5);64;2:35.87;6,75;
8;DILDA KG SK;5y a k;JOKER;TATLI HABER;57;M.AKYAVUZ;HACİ YILDIZ;A.TEMİZER;5;%2.03(7);61;2:36.68;31,35;
9;BURCUNUN ÇİÇEĞİ DB SK GKR;4y a k;GÜNTAY;BURCUNUR;54,5 +1.60;O.AÇAR AP;ONUR TÜRKER;G.DÜŞÜNCELİ;8;%0.13(11);11;2:48.54;108,00;
10;ALLER GÜLÜ KG K;5y a k;KAMAN;DERİNCAN;54 +1.10;F.KARAKURT AP;ARMAĞAN TURHAN;A.ÖZGEN;2;%3.17(6);47;Derecesiz;18,25;
11;DENİZCANLI KG K DB;5y a k;GÜRSU;SARDES;53;HA.GÖKÇE AP;DENİZ KURTEL;A.A.ZÜMBÜLLER;6;%1.63(9);45;Derecesiz;25,25;
GANYAN(9) :3,85 TL, İKİLİ(8/9) :83,00 TL, SIRALI İKİLİ(9/8) :115,50 TL, ÜÇLÜ BAHİS(9/8/10) :2.428,40 TL, PLASE(8) :25,20 TL, PLASE(9) :2,70 TL, PLASE İKİLİ(8/10) :117,30 TL, PLASE İKİLİ(8/9) :50,80 TL, PLASE İKİLİ(9/10) :39,80 TL, 2. ÇİFTE(9/9) :65,75 TL

4. Kosu :   15.30;ŞARTLI 4; 3 ve Yukarı İngilizler; 51.50kg; 60.00 kg; 61.50 kg; 2100m; Kum;;;;Rekor Derece :2.10.76
İkramiye;;;;;Yetiştirici Primi;;;;
1.)350.000 TL;2.)140.000 TL;3.)70.000 TL;4.)35.000 TL;5.)17.500 TL;1.)63.000 TL;2.)25.200 TL;3.)12.600 TL;4.)6.300 TL;5.)3.150 TL;
At No;At İsmi;Yaş;Orijin(Baba);Orijin(Anne);Kilo;Jokey Adı;Sahip Adı;Antrenör Adı;St;AGF;H;Derece;Ganyan;Fark
1;ANADOLU LİDERİ K;4y d  a;MENDIP (USA);TAPIT GIRL;56 +0.60;M.M.BİLGİN;ŞEYDA ERCAN;A.AKBULUT;9;%39.15(1)  %48.41(1);86;2:17.07;1,60;Burun
2;GÖKHAN BABAM KG DB SK;6y d  a;GÜNGÖR BABA;SABUR;55,5;İ.AKIN AP;HASAN AKBULUT;M.Y.AKKEYİK;3;%8.54(4)  %7.02(4);82;2:17.08;12,65;3,5 Boy
3;LORD PROTECTOR DB SKG SK;4y d  a;PRESERVATIONIST (USA);SALUTE REGINA (USA);63;B.M.MIRIK;BAHRİ ÇABUK;İ.KIZILDAĞ;12 - DS;%2.29(7)  %1.88(7);89;2:17.60;20,65;1,5  Boy
4;KING OF THE NIGHT SK;6y a  a;PACO BOY (IRE);NURMAHAL;57,5;M.ÇİÇEK;HASAN TARIK ŞEKER;At Sahibi;5;%4.56(5)  %3.86(5);80;2:17.86;19,15;1,5  Boy
5;ZİSİNO DB SKG SK;5y d k;WIN RIVER WIN (USA);NESRİN SULTAN;58,5;E.KADİRLER AP;GAMZE YAZICI;K.ŞENGEL;4;%10.89(3)  %8.67(3);85;2:18.09;6,45;
6;ŞEN AKYÜZ DB SKG SK;6y d  a;POWERSCOURT (GB);MADENCİKIZI;57,5;R.KETME AP;GIYASETTİN ŞEN;G.ŞEN;2;%1.05(8)  %0.92(8);71;2:18.34;43,55;
7;HELLBOY KG SK;4y d  a;LION HEART (USA);SASICHA (IRE);56 +0.40;O.YILDIZ;EKREM BEŞERLER;A.TEMİZER;1;%3.15(6)  %2.9(6);55;2:20.28;21,40;
8;CIX LIFE K DB;6y d  a;SCARFACE;MY PARADISE (IRE);58,5;C.ALTUN AP;MUSTAFA GÜNDÜZ ÖZSÖZ;A.R.YILDIZ;8;%21.05(2)  %18.44(2);91;2:21.70;3,60;
9;SILVER CLOUD KG K;8y a  a;APPROVE (IRE);RAIN GODDESS;57,5;A.İNCİ;GÖKHAN AKSU;K.ŞENGEL;6;%0.71(10)  %0.73(9);85;2:21.73;42,20;
10;MAXBUENO DB SK;8y d  a;MAXIOS (GB);RAISONABLE (USA);54 +1.60;E.AKPINAR AP;BAŞAK UYSAL;G.TURAN;10;%0.79(9)  %0.7(10);79;2:22.23;72,75;
11;KANDIRABEYİ DB SKG SK SGKR;4y d  a;KULOĞLU;MERZUKA;56 +1.60;T.YILDIZ;GAMZE YAZICI;K.ŞENGEL;7;%1.74(3)  %1.36(3);63;2:22.55;6,45;
12;CESİ AFFETMEZ DB (Koşmaz);5y a  a;PRESENT PERFECT;ARRIVATA;57,5;C.PASO;SEDAT YILDIZ;U.YOĞURTCU;11 - DS;%6.08(11)  %5.11(11);93;Koşmaz;7,95;
[(4)ZİSİNO,(10)KANDIRABEYİ,] eküridir.GANYAN(9) :1,60 TL, İKİLİ(5/9) :8,25 TL, SIRALI İKİLİ(9/5) :9,75 TL, 3. ÇİFTE(9/9) :6,85 TL

5. Kosu :   16.00;Maiden; 3 Yaşlı İngilizler; 58.00kg; 1500m; Çim;;;;Rekor Derece :1.27.03
İkramiye;;;;;Yetiştirici Primi;;;;
1.)390.000 TL;2.)156.000 TL;3.)78.000 TL;4.)39.000 TL;5.)19.500 TL;1.)93.600 TL;2.)37.440 TL;3.)18.720 TL;4.)9.360 TL;5.)4.680 TL;
At No;At İsmi;Yaş;Orijin(Baba);Orijin(Anne);Kilo;Jokey Adı;Sahip Adı;Antrenör Adı;St;AGF;H;Derece;Ganyan;Fark
1;ARIZONA RIVER KG SK;3y d  e;VICTOIRE PISA (JPN);ANALUX;58;S.İPEK;HATİCE DEMİREL;F.KIRAN;15;%9.36(5)  %9.33(5);;1:29.80;7,35;Baş
2;KAVALA GÜCÜ DB SK;3y d  e;MENDIP (USA);DAY BY DAY;60;B.M.MIRIK;MEHMET SARP;Ş.AKDUMAN;13;%20.53(2)  %19.36(2);32;1:29.82;5,00;6 Boy
3;LAZ SULTAN KG DB SK;3y d  d;VICTOIRE PISA (JPN);GREEN HILL;56;F.HİM AP;BOZAN BAĞ;S.AYDEMİR;5;%2.47(6)  %2.75(6);14;1:30.83;30,05;2,5 Boy
4;CRUNCHTIME K DB;3y a  d;TRAPPE SHOT (USA);PENAPOLIS (GER);56 +1.40;M.AKYAVUZ;ALİ ÇAPACI;M.E.AVCI;7;%2.03(7)  %2.27(7);33;1:31.20;22,70;2 Boy
5;NAKUPENDA KG SK;3y d  d;LION HEART (USA);AYSUN SULTAN;56;O.ÖZTÜRK;BARIŞ KARAGÖZ;A.ÖCAL;1;%25.62(1)  %26.25(1);33;1:31.46;2,70;
6;EXBOYFRIEND KG K DB;3y d  e;FLY BY ME;EXDARLING;55;C.ALTUN AP;KEMAL KURT;D.KAYA;6;%15.7(3)  %15.36(3);33;1:32.06;4,35;
7;STAND BY ME K DB;3y d  d;HAKEEM (USA);ESBİKEY;56 +1.50;N.ŞEN;MURAT MAHMUT ŞİMŞEK;G.ŞEN;12;%0.72(10)  %0.98(10);12;1:32.48;49,10;
8;ROCKET TIME KG K;3y d  d;TIZWAY (USA);RICH CAT;56 +0.40;T.ALICI;İLKER YILMAZ;SEN.GÖKÇE;14;%0.36(13)  %0.31(13);11;1:32.87;84,30;
9;TATBİKAT KG K DB;3y k  e;GRAYSTORM;NEMASTEE;58;M.M.BİLGİN;A.MELİH KURA;F.KIRAN;11;%13.5(4)  %13.31(4);;1:32.96;5,45;
10;TOVILOG KG K;3y d  d;BLUEGRASS CAT (USA);SHAKEHEAD;56 +1.00;Ç.OK;H.TARIK DİKENCİK;M.ÖZGÜL;8;%0.26(14)  %0.24(14);11;1:33.52;90,95;
11;GRINGOLET KG DB SK;3y d  e;KANEKO;GREEN PENNY;58 +0.10;C.PASO;İBRAHİM ENGİN;At Sahibi;3;%1.6(8)  %1.64(8);;1:34.31;32,05;
12;KAMİNARİ KG K;3y d  e;HAKEEM (USA);SHADY LADY;54;R.KETME AP;FİRDES KARAÖRS;M.ATAL;2;%0.53(11)  %0.67(11);;1:34.59;27,35;
13;GELİRHAN KG K;3y d  e;EUPRHATES (USA);LUXENIA;55;Y.E.YÜKSEL AP;ÜNAL KAVÇİN;G.DÜŞÜNCELİ;9;%0.4(12)  %0.39(12);;1:35.21;67,55;
14;LA FA LA SOL KG SK;3y a  d;FINESSE;RİMİNİ;56 +1.60;T.YILDIZ;BAHRİ ÇABUK;İ.KIZILDAĞ;10;%1.02(9)  %1(9);18;1:39.67;57,30;
15;THE LAST CHAMPION SKG SK (Koşmaz);3y d  d;FINESSE;NANCY ROCK (IRE);58;M.ÇİÇEK;KEMAL ALTIN;ENG.ALTIN;4;%5.92(15)  %6.14(15);32;Koşmaz;7,45;
GANYAN(2) :7,35 TL, 1. 3'LÜ GANYAN(9/6,9/2) :88,42 TL, İKİLİ(1/2) :16,90 TL, SIRALI İKİLİ(2/1) :32,40 TL, PLASE(1) :2,75 TL, PLASE(2) :8,60 TL, PLASE İKİLİ(1/11) :27,20 TL, PLASE İKİLİ(1/2) :12,30 TL, PLASE İKİLİ(2/11) :15,10 TL, SIRALI 5 Lİ BAHİS(2/1/11/9/12) :14.064,75 TL, TABELA BAHİS(2/1/11/9) :3.409,30 TL Çıkan 1 Atla: 52,14 TL, TABELA BAHİS SIRASIZ(2/1/11/9) :104,33 TL, 4. ÇİFTE(9/2) :17,80 TL

6. Kosu :  TSYD BURSA ŞUBESİ KOŞUSU 16.30;KV-6; 3 Yaşlı İngilizler; 58.00kg; 2000m; Çim;;;;Rekor Derece :2.00.29
İkramiye;;;;;Yetiştirici Primi;;;;
1.)500.000 TL;2.)200.000 TL;3.)100.000 TL;4.)50.000 TL;5.)25.000 TL;1.)120.000 TL;2.)48.000 TL;3.)24.000 TL;4.)12.000 TL;5.)6.000 TL;
At No;At İsmi;Yaş;Orijin(Baba);Orijin(Anne);Kilo;Jokey Adı;Sahip Adı;Antrenör Adı;St;AGF;H;Derece;Ganyan;Fark
1;ÇERKEZKÖYLÜ DB;3y d  e;ÇAKAL CARLOS;UNLUCKY STAR;54 +1.80;M.ÇİÇEK;RAMAZAN YILMAZ;EM.KAYA;4;%25.35(1)  %24.48(1);66;2:04.48;2,10;Yarım Boy
2;DİDİ LAZİ DB SKG SK;3y d  e;GRAYSTORM;LEDA;54;O.ATMACA;M.TAŞKIN KÖROĞLU;A.AKBULUT;1;%13.18(5)  %13.34(5);47;2:04.54;9,95;1,5  Boy
3;BRUSK SHOT K SKG;3y a  e;TRAPPE SHOT (USA);ÇAR BRUSK;56;M.M.BİLGİN;NECLA AKBULUT;V.AKBULUT;8 - DS;%16.9(2)  %16.81(2);64;2:04.72;4,95;1,5  Boy
4;SAMURAI CEK DB SKG SK;3y d  e;VICTOIRE PISA (JPN);AKYAZILI HANDE;54;Ç.TAŞCI AP;CİHAN ERDEM KOPAL;Y.KARAKÜÇÜK;6;%4.92(7)  %4.83(7);38;2:04.91;19,95;2 Boy
5;SPEEDY BOSS KG K;3y d  e;BLUEGRASS CAT (USA);FINAL SENSE (USA);54 +0.40;C.PASO;AYŞEGÜL KURTEL;M.U.TURAN;2;%4.33(3)  %4.2(3);43;2:05.14;4,40;
6;NOBEL STAR DB SK;3y d  e;NOBEL PRIZE (IRE);MILADY (GB) (GB);55 +0.50;O.YILDIZ;M.ÖMER NAUSHAD MA;Y.ARHIM;3;%13.23(4)  %13.98(4);49;2:05.30;5,80;
7;TYRAXES KG K DB;3y d  e;MENDIP (USA);ALLURE D'AMOUR (IRE);58;M.AKYAVUZ;ERDAL BULUT;M.E.AVCI;7 - DS;%11.57(6)  %11.81(6);60;2:05.39;8,50;
8;DISTANCE RUNNER KG DB SK;3y d  e;MIDNIGHT STORM* (USA);DIETITIAN MICHELLE (USA);54 +2.00;T.ALICI;AYŞEGÜL KURTEL;M.U.TURAN;5;%10.52(3)  %10.54(3);42;2:07.86;4,40;
[(8)SPEEDY BOSS,(5)DISTANCE RUNNER,] eküridir.GANYAN(4) :2,10 TL, 1. 6'LI GANYAN(6/9/9/6,9/2/4) :18.390,81 TL, 1. 5'Lİ GANYAN(9/9/6,9/2/4) :4.170,48 TL, İKİLİ(4/6) :11,75 TL, SIRALI İKİLİ(4/6) :17,60 TL, ÜÇLÜ BAHİS(4/6/2) :62,10 TL, PLASE(4) :1,80 TL, PLASE(6) :1,75 TL, 5. ÇİFTE(2/4) :30,95 TL

7. Kosu :   17.00;ŞARTLI 4/DHÖW; 3 Yaşlı Araplar; 57.00kg; 1200m; Kum;;;;Rekor Derece :1.19.33
İkramiye;;;;;Yetiştirici Primi;;;;
1.)350.000 TL;2.)140.000 TL;3.)70.000 TL;4.)35.000 TL;5.)17.500 TL;1.)105.000 TL;2.)42.000 TL;3.)21.000 TL;4.)10.500 TL;5.)5.250 TL;
At No;At İsmi;Yaş;Orijin(Baba);Orijin(Anne);Kilo;Jokey Adı;Sahip Adı;Antrenör Adı;St;AGF;H;Derece;Ganyan;Fark
1;HIZLI KEREM KG K;3y k  e;GELİBOLU;ASTURBO;54;E.KADİRLER AP;HALİT KEKİK;A.R.AYDIN;1;%42.37(1);43;1:23.75;2,15;3 Boy
2;KARA AYHAN KG K;3y a  e;GÜMBÜRGÜMBÜR;KARAGÜL;57 +0.10;M.AKYAVUZ;BEŞİR KAYA;G.TAŞDELEN;5;%18.26(3);43;1:24.33;2,90;8 Boy
3;PRENSES MEHLİKA;3y k  d;BOZYİĞİT;GÜLBALIM;54 +1.80;E.BOZDAĞ AP;YÜKSEL CELİM;K.ŞENGEL;3;%3.82(5);42;1:25.92;12,10;Boyun
4;EĞRİCAN KG K;3y k  d;GELİBOLU;MURTECİZCAN;55 +0.80;M.M.BİLGİN;MUHARREM CAN;A.R.YILDIZ;2;%25.45(2);45;1:25.98;2,90;17 Boy
5;SANCARLI BEY KG K DB;3y k  e;KUTLUERİNOĞLU;HAN KUTLU;57;O.YILDIZ;İ.SUAT KUTLU;M.MEHMET İNAL;4;%10.11(4);42;1:29.44;9,30;
GANYAN(1) :2,15 TL, SIRALI İKİLİ(1/2) :6,50 TL, 6. ÇİFTE(4/1) :4,50 TL

8. Kosu :   17.30;Handikap 17 /H2; 3 ve Yukarı İngilizler; kg; 1500m; Çim;;;;Rekor Derece :1.27.03
İkramiye;;;;;Yetiştirici Primi;;;;
1.)490.000 TL;2.)196.000 TL;3.)98.000 TL;4.)49.000 TL;5.)24.500 TL;1.)117.600 TL;2.)47.040 TL;3.)23.520 TL;4.)11.760 TL;5.)5.880 TL;
At No;At İsmi;Yaş;Orijin(Baba);Orijin(Anne);Kilo;Jokey Adı;Sahip Adı;Antrenör Adı;St;AGF;H;Derece;Ganyan;Fark
1;İSEN BUGA KG K DB;5y a  a;YAVUZKAYA;INGLEWOOD;59,5;E.BOZDAĞ AP;LEVENT SARIKAYA;D.KAYA;5;%11.75(3);78;1:29.13;7,05;Yarım Boy
2;FIT AS A FIDDLE K;4y d  a;DAREDEVIL (USA);NAZO;61;E.KADİRLER AP;GÜNGÖR YILDIZ;M.ÖCAL;2;%8.55(4);82;1:29.23;8,35;1 Boy
3;DILO DB;5y d  a;APPROVE (IRE);YELE;60;C.ALTUN AP;EMİNE KAYA;EM.KAYA;8;%29.79(1);79;1:29.37;2,60;Yarım Boy
4;LA BOMBONERA KG K DB ÖG;5y k  a;WIN RIVER WIN (USA);GOLDEN OK;55 +0.80;M.M.BİLGİN;ULAŞ GÖKÇE;R.KILIÇ;14 - DS;%12.32(2);65;1:29.46;6,15;Burun
5;KING BORA DB SKG SK;6y d  a;JUSTENUFFHUMOR (USA);WEST OF GIRL;62,5 +0.10;O.YILDIZ;NURETTİN SEYHAN;F.KIRAN;9;%8.06(5);80;1:29.48;12,50;
6;ULTIMATE DECISION SKG SK;5y d  a;TOROK (IRE);MY CELERITY;52,5 +1.20;A.ASLAN;MUSTAFA YAVUZ PAŞAOĞLU;T.ŞİT;10 - DS;%7.06(6);60;1:29.50;8,55;
7;MITTELMEER KG K ÖG;6y d  a;TOROK (IRE);ROYA;59,5;A.İNCİ;ALİ KAYA;A.MANTAŞ;11 - DS;%4.82(8);74;1:29.86;13,35;
8;ŞAH BABA DB SKG SK;4y a  a;PACO BOY (IRE);PRENSES YAĞMUR;50 +2.00;O.ATMACA;MİRAY ARSLAN;S.ÖNDER;12 - DS;%6.47(7);55;1:29.96;9,95;
9;UYGAR BEY KG SK;5y d  a;CEBELTAY;GONDOR;58;S.TIRPAN;ERMAN ERDEM;K.ŞENGEL;4;%2.06(11);71;1:30.13;33,90;
10;GET OUT THE WAY KG DB;5y d  a;DONT STOP ME;MISS WINER;55 +1.60;E.AKKAYA AP;BEKTAŞ YILDIRIM;BEK.YILDIRIM;1;%2.38(10);67;1:30.84;25,15;
11;İŞİN ASLI K DB;9y d k;AGRESIVO (USA);DONT MAKE ME CRY;50 +1.80;HA.GÖKÇE AP;BEKTAŞ YILDIRIM;BEK.YILDIRIM;6;%0.63(10);53;1:31.29;25,15;
12;WINGS OF TIME KG DB SK;4y d k;BLUEGRASS CAT (USA);TOMESCU (AUS);60;F.HİM AP;BOZAN BAĞ;S.AYDEMİR;13 - DS;%3.28(9);76;1:31.37;18,35;
13;HARD FLOOD DB SKG SK;8y d  a;HAKEEM (USA);FEVZUŞ;53,5 +2.00;Ç.OK;SIDDIK KAYA;K.ŞENGEL;3;%1.46(12);62;1:31.84;29,35;
14;ROZERYA;5y d k;POWERSCOURT (GB);DESTE;54,5;C.PASO;EMİNE KAYA;EM.KAYA;7;%1.36(1);64;1:34.58;2,60;
[(3)DILO,(10)ROZERYA,] eküridir.[(8)GET OUT THE WAY],(14)İŞİN ASLI],] eküridir.GANYAN(4) :7,05 TL, İKİLİ(1/4) :40,90 TL, SIRALI İKİLİ(4/1) :80,80 TL, PLASE(1) :5,20 TL, PLASE(4) :3,70 TL, PLASE İKİLİ(1/3) :10,70 TL, PLASE İKİLİ(1/4) :33,10 TL, PLASE İKİLİ(3/4) :16,60 TL, SIRALI 5 Lİ BAHİS(4/1/3/9/2) :4.995,00 TL, TABELA BAHİS(4/1/3/9) :946,47 TL, TABELA BAHİS SIRASIZ(4/1/3/9) :11,81 TL, 7. ÇİFTE(1/4) :20,65 TL

9. Kosu :   18.00;Maiden; 3 Yaşlı İngilizler; 58.00kg; 1500m; Çim;;;;Rekor Derece :1.27.03
İkramiye;;;;;Yetiştirici Primi;;;;
1.)390.000 TL;2.)156.000 TL;3.)78.000 TL;4.)39.000 TL;5.)19.500 TL;1.)93.600 TL;2.)37.440 TL;3.)18.720 TL;4.)9.360 TL;5.)4.680 TL;
At No;At İsmi;Yaş;Orijin(Baba);Orijin(Anne);Kilo;Jokey Adı;Sahip Adı;Antrenör Adı;St;AGF;H;Derece;Ganyan;Fark
1;SHELDON KG SK;3y d  d;INVINCIBLE SON (IRE);SURE PEG (USA);54 +1.80;E.BOZDAĞ AP;MELİS KURTEL EMİN;MEHMET DEMİR;1;%1.58(3);;1:30.03;6,25;4,5 Boy
2;NURÖZGE KG K DB;3y a  d;SIDNEY'S CANDY (USA);EKSİK ETEK;60;M.AKYAVUZ;METİN SİVRİ;K.KAYALIK;14;%9.9(5);35;1:30.68;8,35;Baş
3;SOLAR ECLIPSE KG DB SK;3y d  e;VICTOIRE PISA (JPN);SUMATRA;58 +0.20;T.ALICI;YUSUF SERFİCELİ;F.KIRAN;8;%6.45(6);30;1:30.70;12,45;Yarım Boy
4;SAILORS PATH KG DB SK;3y d  e;INVINCIBLE SON (IRE);CELLO MASTER;58;M.M.BİLGİN;AYŞEGÜL KURTEL;MEHMET DEMİR;5;%20.37(2);32;1:30.76;3,70;3 Boy
5;POLE POLE KG DB SK;3y d  d;KANEKO;ZARAGOZA;52 +0.30;HA.GÖKÇE AP;EMRAH ORHAN;Y.KARAKÜÇÜK;2;%6.31(7);15;1:31.21;10,55;
6;TOUCH THE CUP KG K;3y d  d;KANEKO;ACOUSTIC;56;O.ÖZTÜRK;KEMAL KURT;M.AYDOĞDİ;15;%12.81(4);;1:31.22;5,55;
7;SECRET PATH DB SKG SK;3y d  e;INVINCIBLE SON (IRE);QUEEN OF FIRE;55;E.KADİRLER AP;MELİS KURTEL EMİN;A.A.ZÜMBÜLLER;13;%12.49(3);;1:31.26;6,25;
8;CLOUDY TIMES KG K DB;3y d  e;AVERY ISLAND (USA);CLOUD RUNNER;60;N.ŞEN;AYTUĞ ATALAY;MEHMET DEMİR;7;%22.51(1);36;1:31.29;3,35;
9;SNOW CRUSHER DB;3y k  e;GREY CORAL;HENNA;58;O.ATMACA;SELÇUK ACAR;F.KIRAN;4;%1.03(11);31;1:32.51;34,50;
10;YAVUZEMRE DB SK;3y d  e;ANGEL HORSE;PRENCES ROSALIN;58;Ç.OK;DİLEK BURAN;SEN.GÖKÇE;11;%0.73(12);18;1:32.88;52,70;
11;ROCKET FIRE KG DB SK;3y d  g;PACO BOY (IRE);QUEEN OF FORTUNE;58;O.YILDIZ;İ.SUAT KUTLU;M.MEHMET İNAL;12;%1.77(8);30;1:33.13;37,25;
12;AYLİNİN KIZI K DB;3y d  d;PACO BOY (IRE);ANTIOXIDANT;56 +1.30;T.YILDIZ;BORA GÖVEREN;Y.KARAKÜÇÜK;6;%1.49(9);15;1:35.59;36,75;
13;VIVO BIANCA K SKG;3y d  d;ABBAS YOLCU;VELVET GREEN;52;R.KETME AP;BİROL SACI;A.ÖZDENİZ;10;%0.45(13);;1:36.49;82,25;
14;CALYPSO GIRL KG K DB;3y d  d;TIZWAY (USA);CALYPSO SEA;56 +0.10;C.PASO;YUSUF KAYA;A.MANTAŞ;3;%1.28(10);;2:37.48;49,00;
15;VOICE OF REASON SK (Koşmaz);3y d  e;TIZWAY (USA);HOLD THAT MELODY;58;B.M.MIRIK;SEMA ULAŞ;A.A.ZÜMBÜLLER;9;%0.83(14);;Koşmaz;10,30;
[(13)SHELDON,(4)SECRET PATH,] eküridir.GANYAN(13) :6,25 TL, 7'Lİ PLASE(8,9/5,6,9/1,2/4,6/1,2/1,4/4,9,13) :1.673,06 TL, 2. 6'LI GANYAN(6,9/2/4/1/4/4,13) :3.361,41 TL, 2. 5'Lİ GANYAN(2/4/1/4/4,13) :2.290,50 TL, 4'LÜ GANYAN(4/1/4/4,13) :359,37 TL, 2. 3'LÜ GANYAN(1/4/4,13) :124,12 TL, İKİLİ(9/13) :109,30 TL, SIRALI İKİLİ(13/9) :338,90 TL, PLASE(13) :5,25 TL, PLASE(9) :3,90 TL, PLASE İKİLİ(6/13) :72,00 TL, PLASE İKİLİ(6/9) :18,60 TL, PLASE İKİLİ(9/13) :58,70 TL, SIRALI 5 Lİ BAHİS(13/9/6/3/12) :368.606,25 TL, TABELA BAHİS(13/9/6/3) :8.681,09 TL Çıkan 1 Atla: 47,89 TL, TABELA BAHİS SIRASIZ(13/9/6/3) :95,83 TL, 8. ÇİFTE(4/4,13) :50,85 TL

