Elazığ;(10. Yarış Günü);14/05/2025
1. Kosu :   17.15;Maiden; 3 Yaşlı İngilizler; 58.00kg; 1700m; Kum;;;;Rekor Derece :1.47.45
İkramiye;;;;;Yetiştirici Primi;;;;
1.)285.000 TL;2.)114.000 TL;3.)57.000 TL;4.)28.500 TL;5.)14.250 TL;1.)68.400 TL;2.)27.360 TL;3.)13.680 TL;4.)6.840 TL;5.)3.420 TL;
At No;At İsmi;Yaş;Orijin(Baba);Orijin(Anne);Kilo;Jokey Adı;Sahip Adı;Antrenör Adı;St;AGF;H;Derece;Ganyan;Fark
1;YARIŞ ZAMANI DB SKG SK ÖG SGKR;3y d  e;BLUEGRASS CAT (USA);GOGUSH;55 +1.40;M.B.ÇAKMAK AP;EYYÜP ARTUN;A.AKBABA;6;%19.61(2);22;1:57.90;6,80;Boyun
2;SPEEDY BULLET DB SKG SK;3y d  e;TIZWAY (USA);FLORIDA WILDCAT (USA);58;A.AKDEMİR;FEVZİ AKPOLAT;Z.AKDEMİR;12;%7.98(5);14;1:57.94;11,95;17 Boy
3;SMART OF ART DB SKG SK;3y d  e;SMART ROBIN (JPN);WORLD OF ART;58;M.DOĞAN;MÜZEYYEN KARABULUT;F.YALÇINKAYA;2;%6.86(6);17;2:01.34;10,30;5 Boy
4;MOZHILA DB SK GKR;3y a  d;INVINCIBLE SON (IRE);REAL SENSE (IRE);56 +1.00;İ.KATAR;SOLAIMAN IRHAIM;A.AKBABA;10;%3.22(7);13;2:02.50;15,20;2,5 Boy
5;ŞEG GÜLO KG DB SK;3y d  e;DUQUAN;AĞRI ATEŞİ;58;F.YARDIMCI;HALİL GÜRLER;S.KARAKEÇİLİ;11;%29.31(1);24;2:02.94;2,15;
6;HOLAFİRA DB SK;3y d  d;EUPRHATES (USA);COY GIRL;56 +0.30;B.SARIDAL AP;TÜMER ULULAR;G.BALTA;5;%8.55(4);25;2:03.80;12,90;
7;SONSABIR SKG SK;3y a  e;TRAPPE SHOT (USA);REVAN KIZI;58;Y.CENGİZ;FATİH SABRİ YİĞİT;MEH.ALTIN;9;%1.41(10);;2:09.65;43,95;
8;PETRO HAN KG DB SK;3y a  e;KING OF THE SUN;AYNIŞAH;58;Ç.CANPOLAT AP;SİNAN KORKMAZ;G.BALTA;8;%15.54(3);26;2:10.28;3,45;
9;GARAZOR KG DB SK;3y d  e;KULOĞLU;SILVER SHOES;58;H.ALTUNDAĞ;AHMET ZORLU;F.YALÇINKAYA;7;%2.08(9);10;2:11.18;31,65;
10;ÇAVKANİŞ DB SKG SK;3y d  d;MENDIP (USA);KHASMA (IRE);55 +1.60;Y.ÇELİKBAŞ AP;İSMAİL KOÇYİĞİT;A.AKBABA;1;%2.82(8);25;Derecesiz;22,20;
11;SUN OF DERİN KG DB SK;3y a  d;THREE VALLEYS (USA);WHITE WATER;56 +2.00;H.ALTUNKILIÇ;E.KAYHAN ERGİN;F.YALÇINKAYA;4;%0.78(11);10;Derecesiz;86,15;
12;ONE LAST CHANCE (Koşmaz);3y a  e;DAI JIN (GB);LEZZAZ;61;S.KAPLAN;MEHMET TÜRKERİ;M.SUSEN;3;%1.85(12);23;Koşmaz;;
GANYAN(8) :6,80 TL, İKİLİ(6/8) :30,45 TL, SIRALI İKİLİ(8/6) :55,10 TL

2. Kosu :   17.45;Handikap 15/DHÖ /H3; 4 ve Yukarı Araplar; kg; 1600m; Kum;;;;Rekor Derece :1.52.80
İkramiye;;;;;Yetiştirici Primi;;;;
1.)250.000 TL;2.)100.000 TL;3.)50.000 TL;4.)25.000 TL;5.)12.500 TL;1.)45.000 TL;2.)18.000 TL;3.)9.000 TL;4.)4.500 TL;5.)2.250 TL;
At No;At İsmi;Yaş;Orijin(Baba);Orijin(Anne);Kilo;Jokey Adı;Sahip Adı;Antrenör Adı;St;AGF;H;Derece;Ganyan;Fark
1;AYBENİZLİM KG K DB;5y k k;SAADIN GÜCÜ;AYBENİZ;59,5;F.YARDIMCI;MUSTAFA YARDIMCI;A.YARDIMCI;9;%19.68(2);42;2:00.93;3,30;Yarım Boy
2;QUATRO DB SKG SK;5y a  a;ÖZGÜNHAN;PÜRNEŞE;56;M.B.ÇAKMAK AP;ERKUT ŞAHİN;T.TAHTA;7;%5.75(7);39;2:01.06;23,00;Yarım Boy
3;RADATE KG SK;6y k  a;BERKSOY;SAFİNUR;58;H.ALTUNKILIÇ;YAHYA İŞIK;B.FAHRİOĞLU;1;%6.21(4);39;2:01.15;3,35;4,5 Boy
4;CALİBE YAVRUSU KG DB SK;5y a k;ÖZGÜNHAN;CALİBE;61;B.SARIDAL AP;ADEM AMAÇ;Y.BAYSAL;2;%11.16(5);49;2:02.13;10,45;5,5 Boy
5;MALKA MOMA KG K DB;5y a k;AYABAKAN;ÇİSEM;61,5;B.BEKTAŞ;CAN ÇAĞRI;T.ÇİZİK;6;%8.09(6);46;2:03.55;14,60;
6;ANADOLU GÜCÜ KG SK;6y k  a;ORÇUN;ARZULU;60,5;A.AKDEMİR;CELAL DEMİR;V.ÇİZİK;10;%13.26(3);44;2:03.64;3,80;
7;PINAR RÜZGARI KG SK;4y k  a;SERHANTAY;KÜÇÜKKIYAMET;60,5;MEH.TAŞKAYA;EMRAH CANPOLAT;H.SUNKAR;8;%23.08(1);48;2:04.73;4,60;
8;ALŞİRİNOĞLU KG K DB;5y a  a;TÜMÖZ BEY;İSTAMBUL KIZI;56,5 +1.40;H.ALTUNDAĞ;MAHMUT CANLIKA;D.DEMİRKAPU;3;%4.32(8);36;2:09.80;36,40;
9;KRALEFE KG K;5y k  a;ENDEREFE;İYONE;58,5;M.IŞIK AP;ABDULKADİR TOPRAK;H.ATAKAYA;5;%3.01(9);44;2:09.85;40,05;
10;FIRTINA İBİŞ KG SK ÖG;5y k  a;AKTAŞOĞLU;BERMAABLA;54 +2.00;Y.ÇELİKBAŞ AP;YAHYA İŞIK;B.FAHRİOĞLU;4;%5.44(4);31;2:15.32;3,35;
[(8)RADATE,(10)FIRTINA İBİŞ,] eküridir.GANYAN(6) :3,30 TL, İKİLİ(6/7) :31,80 TL, SIRALI İKİLİ(6/7) :44,90 TL, ÜÇLÜ BAHİS(6/7/8) :462,55 TL, PLASE(6) :2,55 TL, PLASE(7) :4,05 TL, PLASE İKİLİ(6/7) :13,70 TL, PLASE İKİLİ(6/8) :37,90 TL, PLASE İKİLİ(7/8) :48,70 TL, 1. ÇİFTE(8/6) :28,55 TL

3. Kosu :   18.30;Maiden; 3 Yaşlı İngilizler; 58.00kg; 1700m; Kum;;;;Rekor Derece :1.47.45
İkramiye;;;;;Yetiştirici Primi;;;;
1.)285.000 TL;2.)114.000 TL;3.)57.000 TL;4.)28.500 TL;5.)14.250 TL;1.)68.400 TL;2.)27.360 TL;3.)13.680 TL;4.)6.840 TL;5.)3.420 TL;
At No;At İsmi;Yaş;Orijin(Baba);Orijin(Anne);Kilo;Jokey Adı;Sahip Adı;Antrenör Adı;St;AGF;H;Derece;Ganyan;Fark
1;DEEP DREAM KG DB SK;3y d  e;INVINCIBLE SON (IRE);RUMET;58;İ.AKYAVUZ;AHMET ALTAY;H.ÇALI;4;%19.46(2);30;1:57.47;2,55;5,5 Boy
2;SÜPER BELLA SKG SK;3y d  d;TIZWAY (USA);BELIEF IN ME;58;F.YARDIMCI;NÜSRET CANPOLAT;M.SUSEN;3;%48.75(1);28;1:58.65;2,10;6 Boy
3;STORM DİGOR DB SKG SK;3y k  e;GRAYSTORM;ROCK AND ROLL;62;Y.CENGİZ;HALİL YILMAZER;MEH.ALTIN;11;%9.05(3);32;2:00.04;6,70;1 Boy
4;BRO BORA KG SK;3y a  e;VICTOIRE PISA (JPN);HAYAL;60;M.DOĞAN;ABDULVEHAP AKDAĞ;MEHM.KAYA;2;%8.17(4);33;2:00.19;9,45;Yarım Boy
5;HAWORTH KG K;3y d  e;GLOBAL CAMPAIGN (USA);ABOVE THE MIEN (USA);58 +0.20;H.ALTUNKILIÇ;AHMET BARMAN;F.YALÇINKAYA;10;%0.86(9);;2:00.31;45,90;
6;QIANLIMA DB SK;3y d  d;SIDNEY'S CANDY (USA);BELLE EPOCH (GB);58;İ.KATAR;REFİK ÇEVİK;F.YALÇINKAYA;5;%5.67(5);27;2:03.10;9,80;
7;HARD HIT KG DB SK;3y k  e;GREGORIAN (IRE);KATEVAN (IRE);58;A.AKDEMİR;MEHMET ALİ BECENE;M.SUSEN;8;%1.19(7);11;2:08.20;51,15;
8;SCANDALİST DB SK;3y d  d;GRAYSTORM;DES RANGILA;56 +2.00;H.ALTUNDAĞ;SAVAŞ ERGİN;F.YALÇINKAYA;6;%0.53(11);6;2:09.42;83,25;
9;RESPICE FINEM SKG SK;3y d  e;GRAYSTORM;NEVER MIND;56 +0.10;B.SARIDAL AP;YAMAN GİDER;M.BULUÇ;1;%0.74(10);;2:10.57;68,05;
10;MAC COOGER KG DB;3y a  e;COOGER;SENAZLI;58;B.BEKTAŞ;OKAN MALGİL;M.SUSEN;12;%2.8(6);10;2:14.99;24,85;
11;LA MIA LUCE KG DB SK;3y k  d;NATIVE KHAN (FR);COOL BALA;56;N.ALTIN;REFİK ÇEVİK;M.BULUÇ;9;%1.89(5);27;2:17.68;9,80;
12;RIPENESS KG K;3y d  e;HEMSWORTH (USA);BLACK TULIP;55 +1.50;Y.ÇELİKBAŞ AP;ARZU ÖZÇOLAK;T.ÇİZİK;7;%0.91(8);;Derecesiz;62,15;
[(9)QIANLIMA,(11)LA MIA LUCE,] eküridir.GANYAN(3) :2,55 TL, İKİLİ(3/10) :3,25 TL, SIRALI İKİLİ(3/10) :8,55 TL, ÜÇLÜ BAHİS(3/10/1) :48,05 TL, PLASE(10) :1,05 TL, PLASE(3) :1,10 TL, PLASE İKİLİ(1/10) :5,30 TL, PLASE İKİLİ(1/3) :7,90 TL, PLASE İKİLİ(3/10) :3,90 TL, SIRALI 5 Lİ BAHİS(3/10/1/2/5) :1.718,28 TL, 2. ÇİFTE(6/3) :19,90 TL

4. Kosu :   19.00;Handikap 14 /H3; 3 Yaşlı İngilizler; kg; 1200m; Kum;;;;Rekor Derece :1.12.50
İkramiye;;;;;Yetiştirici Primi;;;;
1.)200.000 TL;2.)80.000 TL;3.)40.000 TL;4.)20.000 TL;5.)10.000 TL;1.)36.000 TL;2.)14.400 TL;3.)7.200 TL;4.)3.600 TL;5.)1.800 TL;
At No;At İsmi;Yaş;Orijin(Baba);Orijin(Anne);Kilo;Jokey Adı;Sahip Adı;Antrenör Adı;St;AGF;H;Derece;Ganyan;Fark
1;ATLANTIC BLACK DB SKG SK;3y d  e;TIZWAY (USA);ÜMİTLİ;57 +1.00;MEH.TAŞKAYA;MEHMET KAYA;M.GÜNDÜZ;7;%16.3(3)  %20.21(2);36;1:17.09;3,45;Burun
2;KING DALAZ KG SK;3y d  e;UNIFIED* (USA);LIBERTY LUNCH (USA);54 +1.20;N.ALTIN;HASAN ULUCAN;B.FAHRİOĞLU;9;%1.57(4)  %1.33(4);30;1:17.10;8,75;Yarım Boy
3;KEÇİKHAN KG K;3y d  e;APPROVE (IRE);GREEN GULET;59;M.DOĞAN;SELAMİ NURAL;S.NURAL;1;%8.22(7)  %7.57(6);40;1:17.28;9,15;3,5 Boy
4;MAGIA ADRION SKG SK ÖG;3y d  d;COPPERFIELD;SUKİ;56 +1.20;İ.KATAR;ZELİHA KARAKEÇİLİ;M.GÜNDÜZ;2;%10.05(5)  %8.85(5);34;1:18.01;10,45;1,5  Boy
5;SEMİHAM SK;3y d  d;KLUGER (JPN);LONGING TIME;57,5 +0.50;M.A.AKTÜRK;CEMİL ÇİZİK;V.ÇİZİK;4;%18.42(2)  %18.54(3);37;1:18.23;3,65;
6;YETİM HASAN KG K;3y d  e;DAI JIN (GB);HADİ GÜLE GÜLE;57 +0.80;H.ALTUNDAĞ;HASAN ULUCAN;B.FAHRİOĞLU;5;%11.54(4)  %10.18(4);36;1:19.28;8,75;
7;AY ÇÖLÜ KG DB SK;3y d  d;ENYALIOS;KEBERLİ SULTANI;54,5 +1.20;İ.AKYAVUZ;YUSUF ZİYA KARAKUŞ;F.YALÇINKAYA;11;%8.26(6)  %7.24(7);31;1:20.13;11,55;
8;KİRAZLIDERE DB SK;3y d  d;AVERY ISLAND (USA);NAUGHTY GIRL;55 +1.70;A.AKDEMİR;CEMİL ÇİZİK;V.ÇİZİK;6;%1.11(2)  %0.94(3);32;1:21.55;3,65;
9;EXOSOME DB SKG SK;3y d  d;SIDNEY'S CANDY (USA);DESIRES PEARL;59;B.SARIDAL AP;GÜVEN ŞAHLI;F.YALÇINKAYA;3;%2.49(8)  %2.31(8);44;1:21.93;31,95;
10;WINDY HILL SKG SK SGKR;3y d  d;BLUEGRASS CAT (USA);VIRGIN PEARL (USA);59;F.YARDIMCI;ÖMER YARDIMCI;EY.YARDIMCI;10;%20.3(1)  %21.25(1);40;1:22.37;3,15;
11;ANCALAGON DB SKG SK;3y d  e;GENERAL QUARTERS (USA);BANDİL;59;Y.CENGİZ;SUAT TOPÇU;M.SUSEN;8;%1.73(9)  %1.57(9);40;1:24.30;44,65;
[(5)SEMİHAM,(9)KİRAZLIDERE,] eküridir.[(11)KING DALAZ],(7)YETİM HASAN],] eküridir.GANYAN(6) :3,45 TL, İKİLİ(6/11) :84,10 TL, SIRALI İKİLİ(6/11) :84,20 TL, 3. ÇİFTE(3/6) :15,30 TL

5. Kosu :   19.30;Handikap 14/DHÖW /H3; 4 Yaşlı Araplar; kg; 1600m; Kum;;;;Rekor Derece :1.52.80
İkramiye;;;;;Yetiştirici Primi;;;;
1.)200.000 TL;2.)80.000 TL;3.)40.000 TL;4.)20.000 TL;5.)10.000 TL;1.)36.000 TL;2.)14.400 TL;3.)7.200 TL;4.)3.600 TL;5.)1.800 TL;
At No;At İsmi;Yaş;Orijin(Baba);Orijin(Anne);Kilo;Jokey Adı;Sahip Adı;Antrenör Adı;St;AGF;H;Derece;Ganyan;Fark
1;TUĞKANTAY DB;4y a  a;AYABAKAN;IŞIL HANIM;57 +0.30;F.YARDIMCI;FERAT ÖZKAN;MEHM.KAYA;9;%12.69(4)  %11.88(4);37;2:01.94;7,05;2 Boy
2;ALANYALI KG SK;4y a  a;SAADIN GÜCÜ;KOŞKIZ;60;İ.AKYAVUZ;AHMET DİLMAÇ;MEHM.KAYA;13 - DS;%19.17(1)  %21.46(1);43;2:02.28;2,45;Boyun
3;HABER BABA SKG SK;4y k  a;HABERKAN;İLKYAZKIZI;61;M.A.AKTÜRK;HÜSEYİN ÇELİK;S.KARAKEÇİLİ;2;%11.82(5)  %11.17(5);45;2:02.33;8,20;Yarım Boy
4;SOYLU GÜLÜM KG K DB;4y k k;HABERKAN;SOYLU MELEK;54,5 +2.00;İ.KATAR;MAHMUT KARAKEÇİLİ;M.SUSEN;1;%2.28(10)  %2.58(10);32;2:02.47;24,95;5,5 Boy
5;DEMİRDÖVEN KIZI KG SK;4y a k;DEMİRDÖVEN;PERİNİN KIZI;57;M.B.ÇAKMAK AP;BEKİR ÜNLÜ;İBR.DEMİR;3;%18(2)  %16.01(2);41;2:03.68;6,20;
6;BIÇKIN KRAL KG K;4y a  a;SONALP;NEVGÜL;57,5 +0.50;MEH.TAŞKAYA;İLHAN KAPUSIZ;E.KOÇAK;5;%7.4(6)  %7.45(6);38;2:03.69;13,70;
7;AKBÜRGÜ KG DB SK;4y k k;ÖZHABER;HAR;57,5 +0.20;H.ALTUNDAĞ;HÜSEYİN ÇELİK;S.KARAKEÇİLİ;14 - DS;%2.73(9)  %3.01(8);38;2:03.84;20,65;
8;CABİROĞLU KG DB;4y a  a;SAADIN GÜCÜ;CABİRE;56 +1.50;M.DOĞAN;FATMA YARDIMCI;A.YARDIMCI;7;%13.52(3)  %12.64(3);35;2:04.24;6,50;
9;DORUDESTAN DB SK;4y d  a;OVA;DİLLERE DESTAN;56 +1.80;H.ALTUNKILIÇ;BAKIR FELHAN;A.AKBABA;8;%2.8(8)  %2.95(9);35;2:09.52;38,10;
10;KRAL AHMET K DB;4y k  a;HABERKAN;BİLGİLİKIZ;57 +1.00;Y.CENGİZ;KEMAL DURMAZ;H.ÇALI;12;%1.53(11)  %1.64(11);37;2:11.03;37,25;
11;MAHMUTUN KIZI KG K;4y k k;DEMİRDÖVEN;MİRAN HATUN;57,5;A.AKDEMİR;EYYÜP SANCAR;H.ATAKAYA;4;%1.2(12)  %1.33(12);38;2:11.50;49,65;
12;ABEHEYRAN KG SK;4y d  a;EMBİR HAN;EMİRSOYLU;53 +2.00;N.ALTIN;HAKAN GÜLER;F.YALÇINKAYA;6;%5.33(7)  %6.12(7);29;2:17.18;11,95;
13;KIZIL ÇAKRA KG SK;4y a k;ÖZDURAN;ÇAKILIM;56,5;B.SARIDAL AP;FUAT CANLIKA;M.SUSEN;11;%0.78(13)  %0.89(13);36;2:19.26;55,60;
14;BADEGÜLÜM SK;4y a k;UFUKBİR;KÜBRASULTAN;55 +0.70;Ç.CANPOLAT AP;SİNAN SADIK BİÇER;B.FAHRİOĞLU;10;%0.73(14)  %0.87(14);33;2:37.92;66,90;
GANYAN(8) :7,05 TL, 1. 3'LÜ GANYAN(3/6/8) :145,57 TL, İKİLİ(2/8) :12,65 TL, SIRALI İKİLİ(8/2) :33,70 TL, PLASE(2) :1,65 TL, PLASE(8) :2,80 TL, PLASE İKİLİ(1/2) :11,50 TL, PLASE İKİLİ(1/8) :23,60 TL, PLASE İKİLİ(2/8) :14,10 TL, SIRALI 5 Lİ BAHİS(8/2/1/13/3) :9.547,72 TL, TABELA BAHİS(8/2/1/13) :1.712,53 TL, TABELA BAHİS SIRASIZ(8/2/1/13) :51,93 TL, 4. ÇİFTE(6/8) :40,60 TL

6. Kosu :   20.00;ŞARTLI 4/Dişi; 3 ve Yukarı İngilizler; 53.00kg; 60.00 kg; 60.50 kg; 1200m; Kum;;;;Rekor Derece :1.12.50
İkramiye;;;;;Yetiştirici Primi;;;;
1.)250.000 TL;2.)100.000 TL;3.)50.000 TL;4.)25.000 TL;5.)12.500 TL;1.)45.000 TL;2.)18.000 TL;3.)9.000 TL;4.)4.500 TL;5.)2.250 TL;
At No;At İsmi;Yaş;Orijin(Baba);Orijin(Anne);Kilo;Jokey Adı;Sahip Adı;Antrenör Adı;St;AGF;H;Derece;Ganyan;Fark
1;BALİ KIZI K;6y a k;BALLIKAYA;BYE CANIM;60,5;F.YARDIMCI;HALİL KARAKEÇİ;Z.AKDEMİR;5;%67.08(1)  %65.81(1);81;1:15.92;1,45;4,5 Boy
2;ÖYKÜ CAN SKG SK;6y d k;MENDIP (USA);KISS STORM;60,5;İ.AKYAVUZ;HALE EKMEKÇİ EMRE;A.YARDIMCI;2;%9.94(2)  %9.81(2);54;1:16.82;8,60;6,5 Boy
3;BEGONYA K SKG;5y d k;TRIPLE BONUS;SAGA BELLA (IRE);57,5;M.DOĞAN;YAKUP ÇELİK;S.KARAKEÇİLİ;7;%1.84(7)  %1.93(7);58;1:18.39;33,40;2 Boy
4;THE PUISSANT KG DB SK;4y a k;RED GIANT (USA);ROYAL BOX (USA);56 +2.00;H.ALTUNKILIÇ;YILMAZ ARİ;H.ATAKAYA;11;%1.16(8)  %1.34(8);38;1:18.76;21,90;Burun
5;LADY PEREGRINE KG DB SK;4y d k;FLY BY ME;LION WOMAN;56 +2.00;M.A.AKTÜRK;OZAN GÖL;E.KOÇAK;9;%3.81(5)  %4.07(5);58;1:18.78;14,20;
6;DUMANLI PARS K DB;4y d k;AVERY ISLAND (USA);DURMAK YOK;56 +1.20;İ.KATAR;YAŞAR SÜSLÜ;F.YALÇINKAYA;3;%0.52(10)  %0.44(10);41;1:19.32;46,40;
7;SKYDIVE KG DB SK;4y d k;MYBOYCHARLIE (IRE);BEYAZ GÖLGE;57 +1.20;MEH.TAŞKAYA;ALAETTİN ÖZCAN;E.KOÇAK;8;%4(4)  %4.28(4);54;1:19.85;17,65;
8;DENİZ SESİ DB SKG SK;4y d k;TIZWAY (USA);REWARDING GIRL;58;H.ALTUNDAĞ;MEHMET EMİN DEMİRKAPU;D.DEMİRKAPU;6;%0.99(9)  %0.93(9);50;1:20.46;47,35;
9;STAY HAPPY KG SKG SK;4y d k;LILBOURNE LAD (IRE);OPRAH;55 +1.20;B.SARIDAL AP;NİHAT ŞAHİN;H.SUNKAR;10;%0.49(11)  %0.43(11);36;1:20.77;73,95;
10;RAINBOW SPIRIT KG DB SK;5y a k;LION HEART (USA);MOONŞEROSE;56,5 +1.20;B.BEKTAŞ;ADİL ÇİZİK;V.ÇİZİK;1;%3.29(6)  %3.66(6);54;1:21.08;17,75;
11;PRINCESS ALLIANOI KG DB SK;4y d k;ABJAR ACADEMY;INTO STAR;56 +1.90;Y.CENGİZ;HALİL YILMAZER;MEH.ALTIN;4;%6.89(3)  %7.3(3);67;1:22.05;4,65;
GANYAN(1) :1,45 TL, 1. 6'LI GANYAN(8/6/3/6/8/1) :2.436,07 TL, 1. 5'Lİ GANYAN(6/3/6/8/1) :689,85 TL, İKİLİ(1/2) :3,95 TL, SIRALI İKİLİ(1/2) :4,70 TL, ÜÇLÜ BAHİS(1/2/4) :55,30 TL, PLASE(1) :1,05 TL, PLASE(2) :1,05 TL, PLASE İKİLİ(1/2) :5,40 TL, PLASE İKİLİ(1/4) :11,20 TL, PLASE İKİLİ(2/4) :15,00 TL, 5. ÇİFTE(8/1) :12,30 TL

7. Kosu :   20.30;ŞARTLI 4; 3 Yaşlı İngilizler; 58.00kg; 2000m; Kum;;;;Rekor Derece :2.07.49
İkramiye;;;;;Yetiştirici Primi;;;;
1.)250.000 TL;2.)100.000 TL;3.)50.000 TL;4.)25.000 TL;5.)12.500 TL;1.)45.000 TL;2.)18.000 TL;3.)9.000 TL;4.)4.500 TL;5.)2.250 TL;
At No;At İsmi;Yaş;Orijin(Baba);Orijin(Anne);Kilo;Jokey Adı;Sahip Adı;Antrenör Adı;St;AGF;H;Derece;Ganyan;Fark
1;OĞLUM SALİH K DB;3y d  e;EUPRHATES (USA);PIETRA;58 +0.40;MEH.TAŞKAYA;AHMET DİLMAÇ;MEHM.KAYA;5;%14.51(3);51;2:17.00;4,60;4 Boy
2;HOLLOW MAN SK;3y d  e;KLUGER (JPN);POWERS JOY;58;İ.AKYAVUZ;ÖMER FELHAN;A.AKBABA;7;%18.4(2);40;2:17.73;3,40;4 Boy
3;LION OF LIONS KG SK;3y a  e;LION HEART (USA);ONDÖRTBAHAR;58;F.YARDIMCI;TÜRKAN ÜNAL;EY.YARDIMCI;1;%34.82(1);55;2:18.49;2,75;Boyun
4;PRINCE OF DUBAI KG DB SK;3y d  e;MENDIP (USA);TAİMA;58;Y.CENGİZ;BÜLENT YARDIMCI;EY.YARDIMCI;4;%8.54(5);36;2:18.58;8,45;7,5 Boy
5;MELİS HANIM SK;3y d  d;HAKKAR;KIZGIN BULUT;55 +2.00;M.DOĞAN;ERKAN YILDIRIM;E.KOÇAK;6;%11.51(4);38;2:20.18;5,45;
6;JACKALS GIRL K;3y d  d;ÇAKAL CARLOS;KARA TURNA;55 +2.00;B.BEKTAŞ;CAN ÇAĞRI;T.ÇİZİK;9 - DS;%6.29(6);33;2:23.27;11,15;
7;SKATEBOARD KG K;3y d  d;MYBOYCHARLIE (IRE);THELMA;55 +2.00;H.ALTUNDAĞ;CEMİL ÇİZİK;V.ÇİZİK;2;%1.17(8);29;2:24.53;54,35;
8;ZAVORİY DB SKG SK;3y d  e;PAPA CLEM (USA);MISS CEYLAN;58;M.A.AKTÜRK;REFİK ÇEVİK;E.KOÇAK;8;%2.55(7);33;2:33.23;19,05;
9;KUYAS K;3y d  e;BODEMEISTER (USA);ŞİRİNCE;56 +2.00;H.ALTUNKILIÇ;CAN ÇAĞRI;T.ÇİZİK;3;%2.21(6);29;Derecesiz;11,15;
[(7)JACKALS GIRL,(6)KUYAS,] eküridir.GANYAN(3) :4,60 TL, İKİLİ(1/3) :11,35 TL, SIRALI İKİLİ(3/1) :25,90 TL, ÜÇLÜ BAHİS(3/1/2) :52,00 TL, PLASE(1) :5,70 TL, PLASE(3) :4,75 TL, 6. ÇİFTE(1/3) :9,15 TL

8. Kosu :   21.00;Maiden; 3 Yaşlı İngilizler; 58.00kg; 1700m; Kum;;;;Rekor Derece :1.47.45
İkramiye;;;;;Yetiştirici Primi;;;;
1.)285.000 TL;2.)114.000 TL;3.)57.000 TL;4.)28.500 TL;5.)14.250 TL;1.)68.400 TL;2.)27.360 TL;3.)13.680 TL;4.)6.840 TL;5.)3.420 TL;
At No;At İsmi;Yaş;Orijin(Baba);Orijin(Anne);Kilo;Jokey Adı;Sahip Adı;Antrenör Adı;St;AGF;H;Derece;Ganyan;Fark
1;BRUCE BANNER KG DB SK;3y a  e;RUN AWAY AND HIDE (USA);TITTIBA (GB);58 +0.40;MEH.TAŞKAYA;ALAETTİN ÖZCAN;E.KOÇAK;11;%10.32(4);;1:55.16;5,95;11 Boy
2;ONE PAGE KG DB SK;3y d  d;BLUEGRASS CAT (USA);RUBY'S REALM (USA);56 +1.60;B.BEKTAŞ;A.HAKKI TÜRKMEN;MEHM.KAYA;5;%14.85(2);;1:57.93;6,30;1 Boy
3;INFORMACTION KG SK;3y d  e;MYBOYCHARLIE (IRE);CHARDONNAY;60;A.AKDEMİR;MAHMUT KARAKEÇİ;Z.AKDEMİR;4;%33.28(1);26;1:58.07;2,50;3 Boy
4;LITTLE LIGHTNING KG DB SK;3y d  e;MYBOYCHARLIE (IRE);LA ROMANA;58;M.A.AKTÜRK;MEHMET Ş. ÇİZİK;V.ÇİZİK;6;%6.98(5);18;1:58.67;8,50;Boyun
5;ANGIE BABY DB SK;3y d  d;POWERSCOURT (GB);LAST WINNER;60;N.ALTIN;FERHAT BİNİCİ;MEHM.KAYA;12 - DS;%2.1(9);31;1:58.72;17,05;
6;MAGIC POWER SKG SK;3y d  e;COPPERFIELD;QUEEN DORA;58;H.ALTUNDAĞ;ULAŞ ÖZDEN;F.YALÇINKAYA;3;%3.21(8);25;1:59.09;16,55;
7;SON OF TEKİN KG K;3y d  e;BLUEGRASS CAT (USA);BROADWAY GIRL;58;İ.AKYAVUZ;HALİL TEKİN;MEH.ALTIN;2;%4.9(7);9;1:59.33;13,35;
8;KAZANMA SANATI DB SKG SK;3y d  e;TRAPPE SHOT (USA);DURU HANIM;56 +0.30;B.SARIDAL AP;M.EMİN ALTUNDAĞ;H.ÇALI;9;%1.56(10);20;2:06.11;37,20;
9;GUIDER KG SK;3y d  e;EUPRHATES (USA);MERAM;59;Y.ÇELİKBAŞ AP;SİNAN KILINÇ;T.ÇİZİK;10;%6.93(6);28;2:09.37;11,85;
10;ZULU GIRL K ÖG;3y d  d;SMART ROBIN (JPN);PERFECT HEART;56 +1.50;M.DOĞAN;SELAMİ NURAL;S.NURAL;1;%0.93(12);12;2:09.38;60,95;
11;HOPALI ATMACA K DB;3y a  d;AGRESIVO (USA);KISS STORM;56 +1.00;F.YARDIMCI;HALE EKMEKÇİ EMRE;A.YARDIMCI;8;%12.83(3);;2:09.39;6,60;
12;GRAY BULLET KG DB SK;3y k  e;GRAYSTORM;BADEGÜL;58;Y.CENGİZ;RUKEN ATAŞ;Z.AKDEMİR;7;%1.3(11);8;2:13.93;45,40;
13;WRITE TO ALAÇAT (Koşmaz);3y d  e;TIGHT END;WRITE TO ELLIE (IRE);60;S.KAPLAN;MEHMET CAN ÇİZİK;V.ÇİZİK;13 - DS;%0.81(13);25;Koşmaz;;
GANYAN(4) :5,95 TL, İKİLİ(4/12) :20,60 TL, SIRALI İKİLİ(4/12) :40,35 TL, ÜÇLÜ BAHİS(4/12/2) :126,80 TL Çıkan 1 Atla: 20,60 TL, PLASE(12) :1,85 TL, PLASE(4) :3,45 TL, PLASE İKİLİ(2/12) :9,50 TL, PLASE İKİLİ(2/4) :11,00 TL, PLASE İKİLİ(4/12) :17,30 TL, SIRALI 5 Lİ BAHİS(4/12/2/7/10) :5.769,18 TL, 7. ÇİFTE(3/4) :23,70 TL

9. Kosu :   21.30;ŞARTLI 4/DHÖW/Dişi; 4 ve Yukarı Araplar; 58.00kg; 60.00 kg; 1700m; Kum;;;;Rekor Derece :1.59.47
İkramiye;;;;;Yetiştirici Primi;;;;
1.)250.000 TL;2.)100.000 TL;3.)50.000 TL;4.)25.000 TL;5.)12.500 TL;1.)45.000 TL;2.)18.000 TL;3.)9.000 TL;4.)4.500 TL;5.)2.250 TL;
At No;At İsmi;Yaş;Orijin(Baba);Orijin(Anne);Kilo;Jokey Adı;Sahip Adı;Antrenör Adı;St;AGF;H;Derece;Ganyan;Fark
1;GÖZE ÇARPAN;5y k k;BİLGİN;GÜLAYDIN;56 +1.00;F.YARDIMCI;SİNAN SADIK BİÇER;B.FAHRİOĞLU;3;%12.42(2);52;2:06.61;6,85;Boyun
2;ÖZNİLAY KG DB SK;5y k k;ÖZDURAN;NİLAYSU;57 +0.20;A.AKDEMİR;BİŞAR DEMİRKAPU;AB.AKIL;12;%9.21(5);80;2:06.66;7,80;2 Boy
3;CİNDERELLA KG;8y a k;ARASLI;CONCORDIA;56 +2.00;M.DOĞAN;HASAN KOÇYİĞİT;MEH.ALTIN;10;%8.24(6);75;2:07.07;9,70;Yarım Boy
4;BALLIYARIM K;5y a k;KAIZBERT (RU);FAYHATTI;60;İ.AKYAVUZ;FERHAT BİNİCİ;MEHM.KAYA;4;%6.52(8);56;2:07.21;12,35;2,5 Boy
5;CEKU BALIM KG SK;4y a k;YILMABAŞAR;NİLİM;58;H.ALTUNDAĞ;SEDAT SUBAY;H.SUNKAR;2;%19.18(1);66;2:07.68;3,95;
6;BİTİRİM SEDA SK;6y a k;BİTİRİMKARINCA;SEDACIK;60;N.ALTIN;MAHMUT CANLIKA;D.DEMİRKAPU;11;%3.44(9);66;2:07.80;13,10;
7;GÖNÜL SAYFAM SKG SK;5y a k;TÜMÖZ BEY;BÖRTEKİZ;57;M.B.ÇAKMAK AP;MEHMET EMİN DEMİRKAPU;D.DEMİRKAPU;14 - DS;%3.41(10);50;2:12.25;20,70;
8;BEYAZ GÖLGE SKG SK;5y a k;SERHANTAY;MEGNEGİGÜLÜ;56 +2.00;Y.CENGİZ;MUSTAFA KAPLAN;M.SUSEN;7;%1.6(12);48;2:16.39;5,00;
9;GAYECAN SKG SK;5y k k;TÜMÖZ BEY;BUDAPEŞTELİ;60;B.BEKTAŞ;AYDIN TEKİN;MEH.ALTIN;6;%10.31(4);74;2:16.60;7,40;
10;ŞİRİNMİŞİRİN;8y a k;UÇANBEY;KINALIGELİN;57;M.IŞIK AP;MEHMET CANLIKA ;M.SUSEN;8;%7.17(7);85;2:17.90;10,25;
11;REMİLİKIZ SKG SK;10y k k;GOBAKBEY;DENİZ KIZI;59;B.SARIDAL AP;MUSTAFA KAPLAN;M.SUSEN;1;%12.2(3);76;2:18.86;5,00;
12;GUPSEZEN KG DB SK;6y d k;SONALP;UÇANAY;56 +2.00;M.A.AKTÜRK;ALİ ŞAHİN;T.TAHTA;5;%1.95(11);47;2:24.87;30,55;
13;ÖZGÜN SAYFA DB SKG SK;5y a k;ÖZGÜNHAN;BİR SAYFA;56 +1.80;H.ALTUNKILIÇ;NÜSRET CANPOLAT;M.SUSEN;13;%1.43(12);42;2:30.57;28,55;
14;ASLINURAY KG SK (Koşmaz);7y k k;HIZLITAY;NİSASU;56;MEH.TAŞKAYA;MUHAMMED YILDIZ;B.FAHRİOĞLU;9;%2.92(13);67;Koşmaz;;
[(9)BEYAZ GÖLGE,(1)REMİLİKIZ,] eküridir.GANYAN(11) :6,85 TL, 7'Lİ PLASE(3,10/6,7,11/2,8/1,2/1,3/4,12/8,11) :234,31 TL, 2. 6'LI GANYAN(6/8/1/3/4/11) :6.934,57 TL, 2. 5'Lİ GANYAN(8/1/3/4/11) :2.432,25 TL, 4'LÜ GANYAN(1/3/4/11) :562,93 TL, 2. 3'LÜ GANYAN(3/4/11) :312,37 TL, İKİLİ(8/11) :28,45 TL, SIRALI İKİLİ(11/8) :53,20 TL, PLASE(11) :3,65 TL, PLASE(8) :2,25 TL, PLASE İKİLİ(10/11) :24,90 TL, PLASE İKİLİ(8/10) :21,60 TL, PLASE İKİLİ(8/11) :39,50 TL, SIRALI 5 Lİ BAHİS(11/8/10/2/7) :31.391,62 TL, TABELA BAHİS(11/8/10/2) :3.264,68 TL Çıkan 1 Atla: 42,84 TL, TABELA BAHİS SIRASIZ(11/8/10/2) :85,72 TL, 8. ÇİFTE(4/11) :58,35 TL

