İstanbul;(27. Yarış Günü);02/04/2025
1. Kosu :   14.00;Maiden/DHÖW; 4 Yaşlı Araplar; 58.00kg; 1400m; Sentetik;;;;Rekor Derece :1.31.22
İkramiye;;;;;Yetiştirici Primi;;;;
1.)390.000 TL;2.)156.000 TL;3.)78.000 TL;4.)39.000 TL;5.)19.500 TL;1.)93.600 TL;2.)37.440 TL;3.)18.720 TL;4.)9.360 TL;5.)4.680 TL;
At No;At İsmi;Yaş;Orijin(Baba);Orijin(Anne);Kilo;Jokey Adı;Sahip Adı;Antrenör Adı;St;AGF;H;Derece;Ganyan;Fark
1;DOĞANIN GÜCÜ SKG SK;4y d  a;SAADIN GÜCÜ;AYDOĞAN;60;Ö.YILDIRIM;CEM NARİN;S.DURGUÇ;10 - DS;%38.38(1);35;1:35.81;2,05;Yarım Boy
2;FALEZ GÜCÜ KG;4y a  a;SAADIN GÜCÜ;FALEZ;58;VEDAT ABİŞ;SELMA GÜLERCE;İ.KARADAĞ;2;%34.21(2);;1:35.90;2,15;4 Boy
3;BABADAN DB SK;4y d  a;SONALP;GALADRİYEL;58;B.M.MIRIK;MURAT KARABULUT;S.ÇİFTÇİ;7;%1.09(8);14;1:36.62;46,70;Boyun
4;GRİBULUT SK;4y k k;BAŞSEKLAVİ;KANLITAY;56;A.KAÇMAZ;MEHMET ÇAVUŞ;A.KURT;6;%1.67(6);;1:36.66;24,60;2 Boy
5;KARANİMO KG DB SK;4y d  a;BABA MEVLÜT;AKAY;58;A.YILDIZ;BİRSEN NUR ÜNLÜ YİĞİT;MİR.İPEK;3;%10.63(3);;1:36.95;6,60;
6;SANCAKTAR AĞA KG;4y a  a;OVA;ALTINSERÇE;54;R.KETME AP;MEHMET ÇAVUŞ;A.KURT;9;%0.86(6);12;1:40.00;24,60;
7;DEMETSEL KG SK;4y k k;BAŞSEKLAVİ;DİLACAN;52 +1.00;M.TEKPETEK AP;ORHAN BAŞPINAR;H.ŞİMŞEK;8;%0.64(5);;1:42.06;18,25;
8;JUPITEROVA KG K;4y k k;BAŞSEKLAVİ;AHUSEL;56;E.AKTUĞ;ORHAN BAŞPINAR;H.ŞİMŞEK;5;%3.4(5);26;1:43.62;18,25;
9;KOZALAK DB;4y d k;HİSARBEY;SULTAN ERVA;56;G.ÖZÇELİK;MURAT KADRİ PADAR;B.ŞENGEL;1;%7.96(4);27;1:45.43;9,25;
10;BEYGEHANIM KG K DB;4y d k;TURBO;CEZA;56 +0.20;MER.ÇELİK;ERSEN BÜYÜKTÜRKLER;S.ÇİFTÇİ;4;%1.17(7);;1:46.07;44,90;
[(8)GRİBULUT,(5)SANCAKTAR AĞA,] eküridir.[(7)DEMETSEL],(9)JUPITEROVA],] eküridir.GANYAN(1) :2,05 TL, İKİLİ(1/3) :2,60 TL, SIRALI İKİLİ(1/3) :6,90 TL

2. Kosu :   14.30;ŞARTLI 4/Dişi; 4 ve Yukarı İngilizler; 58.00kg; 60.00 kg; 2100m; Sentetik;;;;Rekor Derece :2.09.15
İkramiye;;;;;Yetiştirici Primi;;;;
1.)350.000 TL;2.)140.000 TL;3.)70.000 TL;4.)35.000 TL;5.)17.500 TL;1.)63.000 TL;2.)25.200 TL;3.)12.600 TL;4.)6.300 TL;5.)3.150 TL;
At No;At İsmi;Yaş;Orijin(Baba);Orijin(Anne);Kilo;Jokey Adı;Sahip Adı;Antrenör Adı;St;AGF;H;Derece;Ganyan;Fark
1;ADAL;5y d k;ASTRAKHAN;DIAMOND FLAME;57;VEDAT ABİŞ;EMRE KİSBU;M.ÖZ;5;%12.88(4);75;2:11.54;5,90;1,5  Boy
2;BELLA MI AMORE KG SK;4y d k;AVERY ISLAND (USA);KEY OF SEA (USA);54 +2.00;A.SÖZEN;DENİZ KURTEL;H.YÜZBAŞI;4;%9.95(5);78;2:11.74;8,90;2 Boy
3;EVOLVE K;5y d k;NATIVE KHAN (FR);DOKU;57 +0.30;A.KURŞUN;HÜLYA GÖDEK;T.TAŞAR;8 - DS;%7.4(6);66;2:12.07;10,55;2 Boy
4;REAL TROUBLE K SK;4y d k;MENDIP (USA);MYSTICAL STORM;58;A.YILDIZ;ŞEYDA ERCAN;A.TEPEBAŞI;7;%24.31(2);89;2:12.37;2,25;5,5 Boy
5;MY LITTLE GIRL SK;4y k k;PIANO SONATA;VAPOUR MUSING (GB);61;Ö.YILDIRIM;SEMİH KATI;C.KATI;3;%14.67(3);91;2:13.39;7,25;
6;PRANAYAMA KG DB SK;5y d k;ENGLISH CHANNEL (USA);ALNAWAIBI (USA);60;S.BOYRAZ;GÜLŞEN DÜLGER;T.KURT;6;%28.84(1);89;2:15.50;3,00;
7;PASSION RUNNER KG SK;7y d k;CHURCH PICTURES (GB);SUMMER SUN;56;E.AKTUĞ;YASEMİN TURAKTEKİN;H.ŞİMŞEK;2;%1.5(7);57;2:16.43;35,25;
8;CLOUDED HILL DB SKG SK YP;4y a k;SPEEDY WOLF;BEYOND CLOUDES;51 +2.00;M.TEKPETEK AP;ARMAĞAN TURHAN;G.TAŞDELEN;1;%0.46(8);56;2:19.31;51,55;
GANYAN(4) :5,90 TL, İKİLİ(4/7) :20,45 TL, SIRALI İKİLİ(4/7) :51,15 TL, ÜÇLÜ BAHİS(4/7/5) :262,50 TL, PLASE(4) :1,30 TL, PLASE(7) :3,15 TL, 1. ÇİFTE(1/4) :19,80 TL

3. Kosu :   15.00;ŞARTLI 5/DHÖW/Dişi; 4 ve Yukarı Araplar; 57.50kg; 60.50 kg; 2100m; Sentetik;;;;Rekor Derece :2.22.22
İkramiye;;;;;Yetiştirici Primi;;;;
1.)450.000 TL;2.)180.000 TL;3.)90.000 TL;4.)45.000 TL;5.)22.500 TL;1.)81.000 TL;2.)32.400 TL;3.)16.200 TL;4.)8.100 TL;5.)4.050 TL;
At No;At İsmi;Yaş;Orijin(Baba);Orijin(Anne);Kilo;Jokey Adı;Sahip Adı;Antrenör Adı;St;AGF;H;Derece;Ganyan;Fark
1;SAADGIRL KG DB SK;5y d k;SAADIN GÜCÜ;ALTINARMAĞAN;56,5 +0.50;A.ÇELİK;MURAT BAYAR;V.YÜKSEL;4;%10.56(5);74;2:27.13;6,10;2,5 Boy
2;KILIÇASLI KG DB SK;6y a k;TURBO;GÜLERANA;56,5 +0.50;A.KURŞUN;ÇİSİL SİMGE DENİZ;M.SOYKUVVET;6 - DS;%5.09(6);76;2:27.52;14,60;Baş
3;İWOJİMA KG K DB;5y k k;ÖZGÜNHAN;OKİNAWA;56,5;VEDAT ABİŞ;HAKAN YÜCETÜRK;S.BEKTAŞ;2;%14.64(4);76;2:27.55;5,45;1,5  Boy
4;GELİBOLU RÜZGARI DB SK;7y k k;GELİBOLU;RIHAN;56,5 +0.50;M.AKYAVUZ;DORUK SÖKMEN;G.ŞİMŞEK;5;%28.63(1);90;2:27.78;2,55;1 Boy
5;KURŞUNİLİ KG K;6y k k;SİLAH;MOĞOLGÜLÜ;56,5;A.SÖZEN;DENİZ KURTEL;H.YÜZBAŞI;3;%18.19(3);92;2:27.95;4,15;
6;BÜYÜK YILDIZ KG SK;6y a k;UÇANOĞLU;DİLŞEKER;56,5;A.YILDIZ;GÖKHAN YILDIZ;MİR.İPEK;7 - DS;%21.93(2);91;2:28.43;3,70;
7;ÇAĞLAYANŞELALE KG K DB;8y a k;KAIZBERT (RU);HAÇÇE;54 +0.90;M.ALİ AKGÖBEK AP;İSRAFİL FELHAN;BET.YILDIRIM;1;%0.96(7);31;2:28.65;39,70;
GANYAN(7) :6,10 TL, İKİLİ(5/7) :48,40 TL, SIRALI İKİLİ(7/5) :67,85 TL, ÜÇLÜ BAHİS(7/5/4) :233,85 TL, 2. ÇİFTE(4/7) :50,40 TL

4. Kosu :   15.30;Handikap 16 /H2; 3 Yaşlı İngilizler; kg; 1400m; Sentetik;;;;Rekor Derece :1.22.22
İkramiye;;;;;Yetiştirici Primi;;;;
1.)450.000 TL;2.)180.000 TL;3.)90.000 TL;4.)45.000 TL;5.)22.500 TL;1.)81.000 TL;2.)32.400 TL;3.)16.200 TL;4.)8.100 TL;5.)4.050 TL;
At No;At İsmi;Yaş;Orijin(Baba);Orijin(Anne);Kilo;Jokey Adı;Sahip Adı;Antrenör Adı;St;AGF;H;Derece;Ganyan;Fark
1;BAHAMA MAMA;3y d  d;BLUEGRASS CAT (USA);ŞEYTAN TÜYÜ;53,5 +2.00;H.ÇİZİK;ŞEVKİ SÜMER;G.SÜTCÜ;2;%3.57(6)  %3.88(6);45;1:24.03;25,20;4 Boy
2;SHEER FORCE SK;3y d  e;PAPA CLEM (USA);YOSUN SULTAN;59,5;M.KAYA;SELİM KAYA;V.KARAKUŞ;8;%2.89(8)  %2.78(8);57;1:24.65;14,65;2 Boy
3;ALASER K;3y d  e;KLUGER (JPN);RIVER OF LOVE;53,5 +2.00;G.ÖZÇELİK;H.TURGUT ALAKUŞ;T.ŞİT;5;%17.56(2)  %16.98(2);45;1:24.95;5,50;Boyun
4;KING ERDO K DB;3y d  e;KANEKO;LIGHT ZABEEL (USA);53,5 +1.10;VEDAT ABİŞ;BARAN D. CEMİLOĞLU;E.EREN;6;%40.46(1)  %43.08(1);45;1:25.00;1,70;Yarım Boy
5;QUEEN REDAMANCY DB SK;3y d  d;APPROVE (IRE);NURMAHAL;56,5;M.M.BİLGİN;HASAN TARIK ŞEKER;E.ÇUKURKAŞ;3;%9.61(4)  %9.04(4);51;1:25.08;7,80;
6;IL POSTINO DB SK;3y d  e;EL CORREDOR (USA);DYNAMOSS;60,5;A.ÇELİK;İHSAN ERTEN;HAK.EL;10 - DS;%7.63(5)  %7.57(5);59;1:25.31;9,50;
7;HARPUT ASLANI K;3y d  e;AUTHORIZED (IRE);STEEL CAT;54,5 +1.20;MER.ÇELİK;TAHİR ÇELİK;A.TEKDEMİR;9;%12.53(3)  %11.65(3);47;1:25.69;7,35;
8;ATOMIC MONSTER KG SK;3y d  d;MENDIP (USA);ALWAYS PERFECT;58,5;A.KURŞUN;ADİL MERT KAYA;T.TAŞAR;7;%3.47(7)  %3.31(7);55;1:25.71;19,75;
9;BALIM ADA KG DB SK;3y d  d;TOROK (IRE);FATIMA'S GIFT (GB);54,5 +0.20;E.AKTUĞ;AYDIN ÜSTÜNDAĞ;E.USLU;4;%1.5(9)  %1.45(9);47;1:25.84;22,15;
10;SECRET OF SUCCESS KG SK (Koşmaz);3y d  e;BLUEGRASS CAT (USA);SANIMA (USA);54,5;A.SÖZEN;NİMET ARİF KURTEL;H.YÜZBAŞI;1;%0.78(10)  %0.27(10);47;Koşmaz;;
GANYAN(9) :25,20 TL, İKİLİ(2/9) :128,55 TL, SIRALI İKİLİ(9/2) :312,90 TL, 3. ÇİFTE(7/9) :149,05 TL

5. Kosu :   16.00;SATIŞ 2/DHÖW; 4 Yaşlı Araplar; 58.00kg; 2000m; Sentetik;;;;Rekor Derece :2.14.92
İkramiye;;;;;Yetiştirici Primi;;;;
1.)320.000 TL;2.)128.000 TL;3.)64.000 TL;4.)32.000 TL;5.)16.000 TL;1.)57.600 TL;2.)23.040 TL;3.)11.520 TL;4.)5.760 TL;5.)2.880 TL;
At No;At İsmi;Yaş;Orijin(Baba);Orijin(Anne);Kilo;Jokey Adı;Sahip Adı;Antrenör Adı;St;AGF;H;Derece;Ganyan;Fark
1;UMUDUNU KAYBETME KG DB;4y a  a;GÜNTAY;UMUT IŞIĞIM;58;M.KAYA;SELİM KAYA;V.KARAKUŞ;13;%24.05(2)  %21.13(2);40;2:19.92;3,95;3 Boy
2;YETİM İBRAHİM KG DB SK;4y k  a;SERHANTAY;MEGRİCAN;58;H.ÇİZİK;RECEP KETME;F.KIRAN;10;%25.82(1)  %23.67(1);46;2:20.44;2,75;7,5 Boy
3;KING PELE KG K DB GKR;4y k  a;TURBO;AÇIK ARA;54 +1.90;M.M.BİLGİN;ZEYNEP DOĞANAY ÇİLEK;R.GÜNELİ;1;%3.76(8)  %4.33(8);37;2:21.78;14,30;Boyun
4;ÇÖL KRALİÇESİ DB SK;4y k k;TAMERİNOĞLU;BEYZAYAR;51 +1.80;A.ASLAN;CUMA AKDUMAN;ŞÜK. ÇELİK;4;%6.51(5)  %7.59(5);36;2:21.85;10,85;Baş
5;ESRARLI DENİZ KG K DB GKR;4y a  a;ALTINCI HİS;ESRARÇİÇEĞİ;51 +0.30;Y.GÖKÇE AP;KAZIM YARAREL;C.TURAN;6;%4.03(7)  %4.8(7);38;2:21.87;11,65;
6;ÇELİK ELA KG K GKR;4y k k;ANKA;FERAHGÜL;52 +2.00;E.AKTUĞ;İZZET BOZKURT;G.ŞİMŞEK;5;%1.23(11)  %1.5(11);36;2:21.88;43,60;
7;YILMA OĞLUM KG DB SK;4y k  a;YILMABAŞAR;ÖZFİDAN;55 +1.90;M.AKYAVUZ;MÜHİTTİN ALAK;ENG.ALTIN;11;%15.55(3)  %15.71(3);37;2:21.90;5,05;
8;HEYCEKLİ KG K;4y a k;UÇANOĞLU;ALTIN ÖZLEM;52 +0.80;A.KAÇMAZ;SIRAÇ DEMİR;Ö.GÜNELİ;2;%1.01(12)  %1.21(12);38;2:22.98;39,65;
9;YEKTA TAY SKG SK;4y a k;ÖZGÜNHAN;AYTOLUN;55 +0.90;MER.ÇELİK;İSMET TURAN;Y.KARAKÜÇÜK;7;%1.94(10)  %2.46(10);36;2:25.54;38,00;
10;MAHURZADE KG K;4y k  a;ESKİŞEHİRLİ;BENGİSU;58;E.BOZDAĞ AP;SELİN İZEM DİKENCİK;Y.KARAKÜÇÜK;3;%5.53(6)  %6.08(6);39;2:26.08;16,30;
11;GÜL OBA KG DB SK;4y a k;BAŞSEKLAVİ;DURDEN;52;Ç.TAŞCI AP;AHMET KARACADAĞ;GÜV.GÖKÇE;9;%2.22(9)  %2.6(9);37;2:26.73;28,35;
12;DERİNDEMET K DB SK;4y k k;YAKUPBEY;AYDINGÜZELİ;51 +2.00;Z.KARABULUT AP;EKREM AKDUMAN;ŞÜK. ÇELİK;8;%0.79(13)  %0.99(13);38;2:27.36;42,75;
13;KAHRAMAN EVLAT KG DB GKR;4y k  a;UÇANBEY;KAHRAMANKIZ;58;G.ÖZÇELİK;NASRİ ARTAR;B.ŞENGEL;12;%7.55(4)  %7.92(4);53;2:55.53;12,10;
GANYAN(3) :3,95 TL, 1. 3'LÜ GANYAN(7/9/3) :684,15 TL, İKİLİ(3/4) :5,60 TL, SIRALI İKİLİ(3/4) :14,85 TL, ÜÇLÜ BAHİS(3/4/7) :184,45 TL, PLASE(3) :2,20 TL, PLASE(4) :1,30 TL, PLASE İKİLİ(3/4) :6,80 TL, PLASE İKİLİ(3/7) :31,90 TL, PLASE İKİLİ(4/7) :18,90 TL, SIRALI 5 Lİ BAHİS(3/4/7/12/13) :5.086,23 TL, 4. ÇİFTE(9/3) :92,00 TL

6. Kosu :   16.30;Handikap 15 /H1; 4 ve Yukarı İngilizler; kg; 1500m; Sentetik;;;;Rekor Derece :1.28.19
İkramiye;;;;;Yetiştirici Primi;;;;
1.)350.000 TL;2.)140.000 TL;3.)70.000 TL;4.)35.000 TL;5.)17.500 TL;1.)63.000 TL;2.)25.200 TL;3.)12.600 TL;4.)6.300 TL;5.)3.150 TL;
At No;At İsmi;Yaş;Orijin(Baba);Orijin(Anne);Kilo;Jokey Adı;Sahip Adı;Antrenör Adı;St;AGF;H;Derece;Ganyan;Fark
1;ASİL UTKU DB SK;5y d  a;MENDIP (USA);BLOOMY;60,5;A.SÖZEN;CUMA YILDIRIM;E.ÇUKURKAŞ;13 - DS;%7.59(4)  %8.65(4);55;1:30.93;10,95;Yarım Boy
2;AUTHORITY DB SK;4y d  g;AUTHORIZED (IRE);DOKU;50,5 +2.00;A.KAÇMAZ;HÜLYA GÖDEK;T.TAŞAR;2;%6.94(5)  %7.56(5);37;1:31.03;7,50;5,5 Boy
3;VİCTORİOSO BUSE KG DB SK;4y k k;GRAYSTORM;GLORIA MUNDI;60,5;A.KURŞUN;BİHTERCAN ATAÇ;T.ATAÇ;5;%21.97(2)  %21.36(2);57;1:31.89;5,80;1 Boy
4;YELE DILO K DB;4y k  a;SIDNEY'S CANDY (USA);YELE;51,5;Ç.TAŞCI AP;CANER ARIK;T.ATEŞ;4;%0.52(13)  %0.64(13);39;1:32.05;73,60;Yarım Boy
5;Mİ PRİNCESA ŞÜKRAN KG DB SK;4y d k;TRAPPE SHOT (USA);HEAVEN'S HELP (USA);59,5;M.ALİ AKGÖBEK AP;ULAŞ UĞUR ÇIRAK;H.KABUKCI;1;%2.53(9)  %2.96(9);61;1:32.13;17,90;
6;BAGŞHİ DB SKG SK;4y d k;HERE TO FLY;GALLARDO;52 +2.00;E.AKTUĞ;MUSTAFA TAŞKIRAN;A.METE İNAL;3;%2.4(10)  %2.29(10);40;1:32.14;26,20;
7;NİHATCAN KG DB;4y d  a;TOROK (IRE);KARA TURNA;59;M.M.BİLGİN;CAFER AKBULUT;Y.DEMİRKIRAN;6;%11.99(3)  %12.28(3);54;1:32.19;6,25;
8;GÜNER DAYI DB SKG SK;5y a  a;PACO BOY (IRE);BALBADEM;54,5 +0.30;BERK.GÖKÇE AP;NURCAN DAĞTEKİN GÜLTER;T.AVCI;8;%5.99(6)  %6.42(6);47;1:32.25;13,70;
9;PRENSES DALAKA KG;6y d k;APPROVE (IRE);FINE GOLD;57;A.ÇELİK;FAHRİ BAYER;G.SUBAŞI;10;%32.63(1)  %29.2(1);48;1:33.09;2,15;
10;MURODJON K;5y d  a;FAST 'N' FAMOUS (AUS);LADY MITA;50 +1.40;R.KETME AP;MEHMET ÇAVUŞ;A.KURT;7;%0.62(12)  %0.65(12);33;1:33.37;80,45;
11;BORSELLİNO KG K;4y k  a;RUN AWAY AND HIDE (USA);NEVER MIND;50 +1.10;Y.GÖKÇE AP;YAMAN GİDER;MAH.BAYKARA;12 - DS;%2.56(8)  %3.29(8);12;1:34.17;16,15;
12;LENNARA DB SK;4y d k;TRIPLE BONUS;SUNNY SIDE;50 +2.00;A.ASLAN;TRACY KAYAHAN;S.KERESTECİ;11 - DS;%3.29(7)  %3.72(7);34;1:37.82;20,90;
13;DESERT QUIET DB;4y d  a;TIZWAY (USA);RETROESQUE (USA);61;E.BOZDAĞ AP;SERKAN DURAL;V.YÜKSEL;9;%0.98(11)  %0.98(11);62;1:39.27;52,05;
GANYAN(4) :10,95 TL, 1. 6'LI GANYAN(1/4/7/9/3/4) :101.290,77 TL, 1. 5'Lİ GANYAN(4/7/9/3/4) :52.932,15 TL, İKİLİ(4/10) :37,80 TL, SIRALI İKİLİ(4/10) :91,30 TL, PLASE(10) :2,35 TL, PLASE(4) :3,00 TL, PLASE İKİLİ(3/10) :21,90 TL, PLASE İKİLİ(3/4) :15,80 TL, PLASE İKİLİ(4/10) :40,60 TL, SIRALI 5 Lİ BAHİS(4/10/3/9/2) :289.695,37 TL, TABELA BAHİS(4/10/3/9) :12.264,77 TL, TABELA BAHİS SIRASIZ(4/10/3/9) :251,26 TL, 5. ÇİFTE(3/4) :64,60 TL

7. Kosu :   17.00;KV-8; 3 Yaşlı İngilizler; 58.00kg; 2000m; Sentetik;;;;Rekor Derece :2.00.81
İkramiye;;;;;Yetiştirici Primi;;;;
1.)700.000 TL;2.)280.000 TL;3.)140.000 TL;4.)70.000 TL;5.)35.000 TL;1.)168.000 TL;2.)67.200 TL;3.)33.600 TL;4.)16.800 TL;5.)8.400 TL;
At No;At İsmi;Yaş;Orijin(Baba);Orijin(Anne);Kilo;Jokey Adı;Sahip Adı;Antrenör Adı;St;AGF;H;Derece;Ganyan;Fark
1;PLAYMAKER DB SK;3y d  e;TU BRUTUS (CHI);CAT GIRL;58;Ö.YILDIRIM;MEHMET AKİF AKTAŞ;BAY.AKTAŞ;2;%62.82(1);74;2:03.91;1,45;5 Boy
2;MODERN WARRIOR;3y a  e;CRIMEAN TATAR;DANSEUR DE FEU (IRE);58;A.SÖZEN;V.İBRAHİM ARACI;S.BİLGİÇ;1;%20.64(2);58;2:04.79;2,95;3 Boy
3;SİAN K DB;3y a  e;VICTOIRE PISA (JPN);TEXAS TEA;58;E.ÇANKAYA;GÜLİZAR YANIK;C.KATI;4;%2.74(5);71;2:05.22;15,80;6 Boy
4;FIREBENDER KG SK;3y d  e;BODEMEISTER (USA);FAIR ROSE;58;A.KURŞUN;ADİL MERT KAYA;T.TAŞAR;3;%8.24(3);73;2:06.36;5,85;9 Boy
5;STAR BLOOD KG K;3y d  e;SMART ROBIN (JPN);MERZUKA;58;A.ÇELİK;MEHMET TURNA;E.KARAKÖLEOĞLU;5;%5.56(4);46;2:08.11;11,15;
GANYAN(3) :1,45 TL, SIRALI İKİLİ(3/2) :3,35 TL, 6. ÇİFTE(4/3) :18,65 TL

8. Kosu :   17.30;Maiden/DHÖW; 4 Yaşlı Araplar; 58.00kg; 1400m; Sentetik;;;;Rekor Derece :1.31.22
İkramiye;;;;;Yetiştirici Primi;;;;
1.)390.000 TL;2.)156.000 TL;3.)78.000 TL;4.)39.000 TL;5.)19.500 TL;1.)93.600 TL;2.)37.440 TL;3.)18.720 TL;4.)9.360 TL;5.)4.680 TL;
At No;At İsmi;Yaş;Orijin(Baba);Orijin(Anne);Kilo;Jokey Adı;Sahip Adı;Antrenör Adı;St;AGF;H;Derece;Ganyan;Fark
1;BÜYÜK MACELAN;4y a  a;ÖZGÜNHAN;NECİBE;58;MER.ÇELİK;GÖKHAN ALVEROĞLU;Y.DEMİRKIRAN;2;%30.98(1);33;1:34.19;2,25;Burun
2;BUZ DEVİ KG;4y k  a;TURBO;SÜMEYYE;58;M.M.BİLGİN;MURAT KAYA;Y.DEMİRKIRAN;9;%12.53(4);33;1:34.20;5,25;12 Boy
3;TURİST;4y a  a;VAKKAS;MORIŞIK;59;BERK.GÖKÇE AP;HAMZA ÖZEN;G.GÖKÇE;1;%15.32(3);36;1:36.15;5,90;Baş
4;GOLD SİNEM K DB;4y k k;DİLİRAN;KIZIM BERNA;56;A.KAÇMAZ;HASAN M. ATİK;ŞÜK. ÇELİK;5;%1.08(9);27;1:36.18;25,50;1 Boy
5;GOLAZZO KG DB SK;4y k  a;TAMERİNOĞLU;NURKIZIM;60;E.ÇANKAYA;AYDIN ÜSTÜNDAĞ;E.USLU;7;%21.73(2);35;1:36.33;4,25;
6;ÖZHELİNAY KG DB;4y k k;ÖZGÜNHAN;KARAMBA;56;A.SÖZEN;ÜMİT BARLIK;G.SÜTCÜ;4;%5.59(6);;1:36.39;11,30;
7;GELİN TÜLÜ DB SK;4y a k;ESKİŞEHİRLİ;AYÇEŞMESİ;56;M.ALİ AKGÖBEK AP;AYŞEGÜL COKTAV;BET.YILDIRIM;3;%2.55(7);30;1:37.31;20,55;
8;ELSİBAK KG K GKR;4y a k;ORÇUN;DİLRUBA SULTAN;56 +2.00;MAHS.TURAN;ONUR GENÇER;N.GENÇER;10;%1.95(8);27;1:38.99;28,35;
9;ZAFER VAKTİ KG SK;4y a  a;TURBO;ÖZLENUR;58;G.ÖZÇELİK;MEHMET Ş. DİNÇ;K.BER.TUTAL;8;%7.76(5);;1:39.85;12,45;
10;KARTAL ALMHIMID KG;4y k  a;DEMİRDÖVEN;AYÇAKIZ;54;M.T.COŞKUN AP;İBRAHİM TAŞEL;R.GÜNELİ;6;%0.5(10);;1:43.46;73,10;
GANYAN(4) :2,25 TL, İKİLİ(3/4) :6,35 TL, SIRALI İKİLİ(4/3) :12,05 TL, ÜÇLÜ BAHİS(4/3/2) :76,30 TL, PLASE(3) :1,60 TL, PLASE(4) :2,05 TL, PLASE İKİLİ(2/3) :21,80 TL, PLASE İKİLİ(2/4) :6,10 TL, PLASE İKİLİ(3/4) :8,60 TL, 7. ÇİFTE(3/4) :3,90 TL

9. Kosu :   18.00;Handikap 15/DHÖW /H1; 4 ve Yukarı Araplar; kg; 2000m; Sentetik;;;;Rekor Derece :2.14.92
İkramiye;;;;;Yetiştirici Primi;;;;
1.)350.000 TL;2.)140.000 TL;3.)70.000 TL;4.)35.000 TL;5.)17.500 TL;1.)63.000 TL;2.)25.200 TL;3.)12.600 TL;4.)6.300 TL;5.)3.150 TL;
At No;At İsmi;Yaş;Orijin(Baba);Orijin(Anne);Kilo;Jokey Adı;Sahip Adı;Antrenör Adı;St;AGF;H;Derece;Ganyan;Fark
1;DELİ TURBO KG DB;5y k  a;TURBO;ESRAM;62;MAHS.TURAN;NURİ TURAN;M.ALİ TURAN;3;%1.59(10);55;2:18.32;25,30;Burun
2;TRAKTÖR KG;5y a  a;GÜNTAY;SİDELYA;62;A.ÇELİK;MEHMET TURNA;E.KARAKÖLEOĞLU;9;%17.87(3);55;2:18.34;4,80;1 Boy
3;GÖKTUĞTAY KG;5y k  a;SİLAH;DÜŞÜMDEKİ;60;E.BOZDAĞ AP;NİMET ARİF KURTEL;B.ŞANDAN;5;%0.88(14);55;2:18.48;44,50;1 Boy
4;ÇALHAN;5y d  a;VAKKAS;YAŞAGÜL;56;MER.ÇELİK;NURİ YILDIZ;H.HARMANBAŞI;14 - DS;%6.15(6);43;2:18.61;13,20;Burun
5;ÇELİKMERT KG K DB;5y a  a;KAIZBERT (RU);KENDİR;50,5 +0.80;E.KADİRLER AP;ALİ PASO;A.MANTAŞ;2;%4.25(7);32;2:18.62;15,50;
6;ESEN BATU KG DB SK;5y d  a;TURBO;IŞINSOY;54,5 +0.50;A.YILDIZ;HİLMİ CAN ESEN;S.MUTLU;6;%21.35(1);40;2:18.96;3,95;
7;DİYATOME KG DB;6y k  a;YAŞARCIK;FATİNE HANIM;56,5;A.KAÇMAZ;ERGÜN CAN;K.ŞENGEL;7;%9.87(5);44;2:19.74;6,90;
8;GUBAZ DB SK;9y a  a;TURBO;GÖKÇEDİL;60;M.ALİ AKGÖBEK AP;İSRAFİL FELHAN;BET.YILDIRIM;8;%1.53(11);57;2:20.27;31,55;
9;ÖZKURUŞBEYİ KG K DB;5y k  a;TAMERİNOĞLU;ÖZFİDAN;57;E.D.ÖKTEN AP;MÜHİTTİN ALAK;ENG.ALTIN;1;%1.42(13);51;2:20.44;31,00;
10;KRAL AREK KG DB SK;5y d  a;UÇANKRAL;ÇIKMAZNUR;60;A.KURŞUN;HALİL MURAT ÇAKMAK;A.TEKDEMİR;13 - DS;%9.87(4);51;2:20.47;7,70;
11;KUNYA KG K DB;5y k  a;HABERKAN;DUDUCAN;61;C.ALTUN AP;KADRİ BAŞKURT;Ö.GÜNELİ;11;%1.78(9);57;2:21.03;29,65;
12;MY CENGO KG K;5y a  a;ULUER;DOST ELİ;62;B.M.MIRIK;GÖRKEM GEDİKOĞLU;S.ÇİFTÇİ;4;%1.51(12);55;2:21.36;45,05;
13;ÇAYCI KIZ KG K DB;4y a k;TURBO;DOMİNA;56;BERK.GÖKÇE AP;İSMAİL YILMAZ;R.GÜNELİ;10;%3.4(8);53;2:23.43;19,95;
14;KÖKŞUBAR KG DB SK;4y a  a;SAADIN GÜCÜ;ŞENGÖNÜL;56;G.ÖZÇELİK;CEMALETTİN KOÇ;ALİ BOZKURT;12;%18.52(2);49;2:25.01;4,35;
GANYAN(3) :25,30 TL, 7'Lİ PLASE(5,7/2,9/3,4/4,10/2,3/3,4/3,6) :74.344,25 TL, 2. 6'LI GANYAN(9/3/4/3/4/3) :98.187,57 TL, 2. 5'Lİ GANYAN(3/4/3/4/3) :6.871,50 TL, 4'LÜ GANYAN(4/3/4/3) :2.133,87 TL, 2. 3'LÜ GANYAN(3/4/3) :266,40 TL, İKİLİ(3/6) :87,75 TL, SIRALI İKİLİ(3/6) :268,55 TL, PLASE(3) :11,60 TL, PLASE(6) :2,50 TL, PLASE İKİLİ(3/4) :181,90 TL, PLASE İKİLİ(3/6) :54,70 TL, PLASE İKİLİ(4/6) :151,90 TL, SIRALI 5 Lİ BAHİS(3/6/4/12/14) :Bilen çıkmamıştır, 490,038.75 TL devretmiştir., TABELA BAHİS(3/6/4/12) :36.461,30 TL, TABELA BAHİS SIRASIZ(3/6/4/12) :992,12 TL, 8. ÇİFTE(4/3) :153,30 TL

