Antalya;(28. Yarış Günü);20/03/2025
1. Kosu :   18.30;Maiden; 3 Yaşlı İngilizler; 58.00kg; 2000m; Sentetik;;;;Rekor Derece :2.02.48
İkramiye;;;;;Yetiştirici Primi;;;;
1.)390.000 TL;2.)156.000 TL;3.)78.000 TL;4.)39.000 TL;5.)19.500 TL;1.)93.600 TL;2.)37.440 TL;3.)18.720 TL;4.)9.360 TL;5.)4.680 TL;
At No;At İsmi;Yaş;Orijin(Baba);Orijin(Anne);Kilo;Jokey Adı;Sahip Adı;Antrenör Adı;St;AGF;H;Derece;Ganyan;Fark
1;KALKÜTA DB SK;3y d  e;POWERSCOURT (GB);KARAK;61;A.ÇELİK;EMİNE ERTEN;BÜN.POLAT;6;;54;2:07.19;1,70;Yarım Boy
2;PARKER KG SK;3y d  e;MYBOYCHARLIE (IRE);SONJA;58;E.YAVUZ;ŞEVKİ BALCI;Z.TEMUÇİN;1;;;2:07.28;9,35;13 Boy
3;TOUCH OF SLEEP K DB;3y a  e;SIDNEY'S CANDY (USA);FAST TURTLE;58;HAK.YILDIZ;ESAT BURKAY ÖZKAN;T.SÜSLÜ;5;;37;2:09.26;2,75;1,5  Boy
4;HE IS VALIANT KG DB SK;3y d  e;VICTOIRE PISA (JPN);ME MOE YOU CURLY (USA);60;H.POLAT;YUNUS ERENER;ADN.POLAT;4;;34;2:09.50;10,90;3,5 Boy
5;NABADOMA DB SK GKR;3y d  d;KULOĞLU;LADY CHALLENGER;56;MÜS.ÇELİK;UMUR ÖZARAR;MUR.AYDOĞDİ;8 - DS;;31;2:10.06;18,25;
6;WARRIOR QUEEN SK;3y d  d;AUTHORIZED (IRE);KAYA BUSESİ;56 +1.80;M.KAYA;SELİM KAYA;O.BULUT;7 - DS;;29;2:11.10;10,10;
7;POWER WARLANDER KG K DB;3y d  e;INVINCIBLE SON (IRE);THE CATCHY;58;A.ASLAN;İSMAİL UMUT CİYHAN;AYC.POLAT;3;;;2:12.58;32,05;
8;GÜNEŞYELE KG K;3y a  d;FINESSE;DENİZYELE;53 +2.00;H.TURAN AP;HASAN ALTUNBAŞ;HAS.ALTUNBAŞ;2;;15;2:13.32;56,70;
GANYAN(1) :1,70 TL, İKİLİ(1/3) :9,35 TL, SIRALI İKİLİ(1/3) :10,15 TL, ÜÇLÜ BAHİS(1/3/5) :37,75 TL, PLASE(1) :1,05 TL, PLASE(3) :1,30 TL

2. Kosu :   19.00;Handikap 15 /H2; 3 Yaşlı İngilizler; kg; 1400m; Sentetik;;;;Rekor Derece :1.22.86
İkramiye;;;;;Yetiştirici Primi;;;;
1.)350.000 TL;2.)140.000 TL;3.)70.000 TL;4.)35.000 TL;5.)17.500 TL;1.)63.000 TL;2.)25.200 TL;3.)12.600 TL;4.)6.300 TL;5.)3.150 TL;
At No;At İsmi;Yaş;Orijin(Baba);Orijin(Anne);Kilo;Jokey Adı;Sahip Adı;Antrenör Adı;St;AGF;H;Derece;Ganyan;Fark
1;TO THE DARNNESS KG DB SK;3y d  e;KING DAVID (USA);GELEG ROJ;54 +1.00;U.TEMUR;HÜSEYİN BURAN;Ö.FARUK TAN;5;%4.77(6);39;1:26.27;19,00;Boyun
2;KİNG EDDİE KG K;3y d  e;GRAYSTORM;CHLOE;57;G.ÖZÇELİK;ERDAL ÇİÇEK;CE.POLAT;6;%7.76(5);45;1:26.31;9,75;Yarım Boy
3;RUSCUK K SKG ÖG;3y d  d;HEP BERABER;RUSE;56,5 +0.50;SALİH ÇELİK AP;VEYSEL KAHRAMAN;H.ÇALIŞKAN;1;%13.38(3);50;1:26.37;7,20;Yarım Boy
4;MR MONK KG DB;3y d  e;BODEMEISTER (USA);VELVET;60,5;M.KAYA;HADİ ELOĞLU;HÜS.KARABULUT;4;%23.6(2);52;1:26.46;2,70;1,5  Boy
5;BELGRAVIA KG DB SK;3y d  d;GOKEN (FR);ANAIS (GB);55,5 +0.10;MÜS.ÇELİK;GÜN E. İÇER;Ö.ALAÇAM;8 - DS;%11.29(4);42;1:26.71;9,35;
6;ACROMANTULA DB SK;3y d  d;MYBOYCHARLIE (IRE);KANAFANI (USA);56,5 +0.20;A.KURŞUN;MURAT KADAİFÇİOĞLU;B.TURGUL;7;%33.6(1);44;1:26.98;2,10;
7;KRAL SERHAT KG DB SK;3y d  e;KINOWA;NURBUR;53 +1.80;E.YAVUZ;YALÇIN TÜRE;H.E.UYSAL;2;%3.5(7);37;1:27.90;16,40;
8;KURTULUŞ AĞA DB SK;3y d  e;MARCAVELLY (USA);FATO ANA;52,5 +1.00;S.ALTAY AP;MÜCAHİT DEMİRKAN;Ö.YILDIRIM;3;%2.09(8);36;1:29.47;30,80;
GANYAN(6) :19,00 TL, İKİLİ(3/6) :70,50 TL, SIRALI İKİLİ(6/3) :203,90 TL, 1. ÇİFTE(1/6) :58,00 TL

3. Kosu :   19.30;SATIŞ 1/DHÖW; 4 ve Yukarı Araplar; 58.00kg; 60.00 kg; 1400m; Sentetik;;;;Rekor Derece :1.31.84
İkramiye;;;;;Yetiştirici Primi;;;;
1.)275.000 TL;2.)110.000 TL;3.)55.000 TL;4.)27.500 TL;5.)13.750 TL;1.)49.500 TL;2.)19.800 TL;3.)9.900 TL;4.)4.950 TL;5.)2.475 TL;
At No;At İsmi;Yaş;Orijin(Baba);Orijin(Anne);Kilo;Jokey Adı;Sahip Adı;Antrenör Adı;St;AGF;H;Derece;Ganyan;Fark
1;ALEVKIRAN KG DB SK GKR;7y d  a;ATEŞTOPU;ACARHATUN;60;A.ASLAN;NURAY TEMİZKAN;Ö.FARUK TAN;11 - DS;%16.68(2);75;1:36.28;3,95;Boyun
2;CANIMBABAM KG SK;10y d  a;BİLGİN;EKİN;50 +1.60;HAK.YILDIZ;MUHARREM CAN;A.R.YILDIZ;8;%3.02(11);51;1:36.32;21,45;1 Boy
3;BABA ZAMAN KG DB SK;6y a  g;SULTAN DE FAUST (FR);ATIĞ HATUN;60;A.ÇELİK;AHMET KAYA;MERT KORKMAZ;1;%15.82(3);65;1:36.46;4,60;1 Boy
4;SON AKTAŞ KG SK GKR;5y k  a;AKTAŞOĞLU;ARATHANIM;58;İSM.YILDIRIM AP;ADEM AKTAŞ;MERT KORKMAZ;6;%7.28(5);36;1:36.61;19,75;2,5 Boy
5;KRAL AREK KG DB SK;5y d  a;UÇANKRAL;ÇIKMAZNUR;60;E.YAVUZ;HALİL MURAT ÇAKMAK;K.KORKMAZ;10 - DS;%4.02(10);51;1:36.98;21,70;
6;TAYLANIM KG DB SK;6y a  a;KAIZBERT (RU);KARAMELEK;57;B.AKÇAY;NEDİM CAN;H.E.UYSAL;2;%4.51(9);55;1:38.66;15,60;
7;YENİSİSTEM DB GKR;5y k  a;CANKARDEŞLER;BEYHAN SULTAN;60;M.ALİ AKGÖBEK AP;ABUZER TUNÇER;H.E.UYSAL;3;%2.54(12);61;1:38.68;21,35;
8;BERTAN KG DB;7y a  a;ESKİŞEHİRLİ;ALRODE;55;U.TEMUR;FATMA ÇETİN;Ü.BÖLEK;9;%5.47(7);46;1:38.79;17,55;
9;KIZILVAZO KG K DB GKR;8y a  a;MURATAĞA;MORIŞIK;60;SALİH ÇELİK AP;ULAŞ GÖKÇE;MERT KORKMAZ;7;%10.48(4);50;1:39.27;11,15;
10;LAPISTES KG DB SK;5y k  a;BALIKHAN;ERFAN;60;O.AÇAR AP;ADNAN KESKİN;B.TURGUL;12 - DS;%6.08(6);62;1:42.22;9,90;
11;BARİTON KG DB SK GKR;6y a  a;CANGIL;UÇDAGEL;57;C.TEPE;KADRİYE DEMİR;V.AKBAŞ;4;%4.87(8);47;1:43.43;14,25;
12;SARIYERLİ KG DB SK;7y k  a;KAIZBERT (RU);AYDINGÜZELİ;58;G.ÖZÇELİK;İSMAİL ÖZCAN;H.E.UYSAL;5;%19.24(1);88;1:55.55;3,40;
GANYAN(1) :3,95 TL, 1. 3'LÜ GANYAN(1/6/1) :288,90 TL, İKİLİ(1/12) :57,95 TL, SIRALI İKİLİ(1/12) :131,50 TL, ÜÇLÜ BAHİS(1/12/2) :1.481,20 TL, PLASE(1) :1,15 TL, PLASE(12) :4,35 TL, PLASE İKİLİ(1/12) :28,50 TL, PLASE İKİLİ(1/2) :5,30 TL, PLASE İKİLİ(2/12) :10,60 TL, SIRALI 5 Lİ BAHİS(1/12/2/8/4) :192.622,12 TL, 2. ÇİFTE(6/1) :148,55 TL

4. Kosu :   20.00;Handikap 17 /H1; 4 ve Yukarı İngilizler; kg; 2000m; Kum;;;;Rekor Derece :2.07.62
İkramiye;;;;;Yetiştirici Primi;;;;
1.)490.000 TL;2.)196.000 TL;3.)98.000 TL;4.)49.000 TL;5.)24.500 TL;1.)117.600 TL;2.)47.040 TL;3.)23.520 TL;4.)11.760 TL;5.)5.880 TL;
At No;At İsmi;Yaş;Orijin(Baba);Orijin(Anne);Kilo;Jokey Adı;Sahip Adı;Antrenör Adı;St;AGF;H;Derece;Ganyan;Fark
1;ASHRAM K YP;4y d  a;VICTORY GALLOP (CAN);MISAE;50 +1.70;HAK.YILDIZ;MEHMET ERDİNÇ CANLI;M.YALÇIN;7 - DS;%23.12(3);48;2:15.04;2,75;Burun
2;FALCON OF MUTAFLAR K DB SKG;5y d  a;FAST 'N' FAMOUS (AUS);APPEL CANDY;61;F.S.M.SANSAR AP;DİNÇER MUTLU;YASİN POLAT;1;%24.18(2);88;2:15.05;3,00;1,5  Boy
3;BELLA FEVER KG DB SK;4y d k;AVERY ISLAND (USA);HARRIET (USA);51,5 +2.00;MÜS.ÇELİK;YASEMİN SÜSLÜ;M.TEKPETEK;3 - DS;%39.07(1);69;2:15.26;2,30;2 Boy
4;ICARDİ KG K GKR;4y d  a;APPROVE (IRE);ROYA;50 +2.00;S.TIRPAN;M.NABİ DEMİRKOL;SÜL.ASLAN;6 - DS;%6(4);46;2:15.65;19,20;4,5 Boy
5;İSMETİM KG SK;4y a  a;AGRESIVO (USA);WIND OF HAEVEN;52,5 +2.00;G.ÖZÇELİK;BERAT KARAKEÇİLİ;AYC.POLAT;5 - DS;%5.2(5);71;2:16.51;10,90;
6;RIBANDO DB SK;5y d  a;MENDIP (USA);LADY CHARA;50 +2.00;E.TUNÇ;ZAFER TURĞUL;B.TURGUL;4 - DS;%1.43(6);52;2:20.11;21,85;
7;LONDON POWER KG;5y d k;CUVEE (USA);LAMITTA (GB);50 +2.00;T.BALİ AP;RUKEN ATAŞ;K.KORKMAZ;2;%1(7);62;2:20.44;56,00;
GANYAN(6) :2,75 TL, İKİLİ(1/6) :4,65 TL, SIRALI İKİLİ(6/1) :9,80 TL, ÜÇLÜ BAHİS(6/1/3) :14,25 TL, 3. ÇİFTE(1/6) :16,40 TL

5. Kosu :   20.30;ŞARTLI 5/DHÖW/Y2; 4 Yaşlı Araplar; 58.00kg; 2100m; Sentetik;;;;Rekor Derece :2.21.71
İkramiye;;;;;Yetiştirici Primi;;;;
1.)450.000 TL;2.)180.000 TL;3.)90.000 TL;4.)45.000 TL;5.)22.500 TL;1.)81.000 TL;2.)32.400 TL;3.)16.200 TL;4.)8.100 TL;5.)4.050 TL;
At No;At İsmi;Yaş;Orijin(Baba);Orijin(Anne);Kilo;Jokey Adı;Sahip Adı;Antrenör Adı;St;AGF;H;Derece;Ganyan;Fark
1;AKBELHAN KG DB SK;4y a  a;BESLENEY;YETENEKLİ;57;SALİH ÇELİK;İBRAHİM YALÇIN;K.KORKMAZ;6 - DS;%28.3(2);63;2:26.30;4,45;2,5 Boy
2;KİMSESİZ BABA KG DB SK;4y d  a;YÜREKKAYA;ANAYA (FR);60;S.ALTAY;AHMET KAYA;MERT KORKMAZ;2;%43.12(1);80;2:26.69;1,30;8 Boy
3;GAMZELİMCAN KG K;4y k k;AYABAKAN;MURTECİZCAN;56;C.ALTUN;MUHARREM CAN;A.R.YILDIZ;3;%20.13(3);60;2:28.09;4,65;2,5 Boy
4;FATHER İLHAN KG;4y k  a;DİLİRAN;ÇİNARE;55 +0.50;SER.YILDIZ;SELİM KAYA;O.BULUT;5 - DS;%1.07(5);38;2:28.58;30,05;8 Boy
5;BATIEGE KG DB;4y a  a;SEMEND;İLDEM;58;E.BOZDAĞ;MUSA GÜNDÜZELİ;HÜS.KARABULUT;1;%4.68(4);42;2:29.99;10,70;
6;BİR MUCİZEM K DB;4y a  a;MÜCİZEKAYA;BİRSENKAYA;53 +2.00;M.ALİ AKGÖBEK;AHMET KAYA;MERT KORKMAZ;4;%2.69(1);50;2:32.22;1,30;
[(1)KİMSESİZ BABA,(6)BİR MUCİZEM,] eküridir.GANYAN(2) :4,45 TL, SIRALI İKİLİ(2/1) :5,45 TL, 4. ÇİFTE(6/2) :10,05 TL

6. Kosu :   21.00;Maiden; 3 Yaşlı İngilizler; 58.00kg; 2000m; Sentetik;;;;Rekor Derece :2.02.48
İkramiye;;;;;Yetiştirici Primi;;;;
1.)390.000 TL;2.)156.000 TL;3.)78.000 TL;4.)39.000 TL;5.)19.500 TL;1.)93.600 TL;2.)37.440 TL;3.)18.720 TL;4.)9.360 TL;5.)4.680 TL;
At No;At İsmi;Yaş;Orijin(Baba);Orijin(Anne);Kilo;Jokey Adı;Sahip Adı;Antrenör Adı;St;AGF;H;Derece;Ganyan;Fark
1;SAHA YAKUT KG DB SK;3y a  d;COPPERFIELD;SILVER DANCER;58;C.TEPE;MÜSLÜM ŞEKER;HAMZA KAYA;8 - DS;%2.47(5);30;2:07.17;20,50;4,5 Boy
2;AGİLE SHOT DB SK;3y a  e;TRAPPE SHOT (USA);PIRILIM;58 +0.10;M.KAYA;MESUT ALTAY;M.YALÇIN;1;%61.8(1);36;2:07.91;1,15;Baş
3;THUNDER HORSE KG K DB GKR;3y d  e;AUTHORIZED (IRE);BLUE BEADS;58;A.ÇELİK;EMRAH NALÇAKAN;MERT KORKMAZ;7 - DS;%13.95(2);17;2:07.94;6,50;3,5 Boy
4;ZAGANOS SKG SK;3y d  e;BODYGUARD HERO (USA);PRENSES SENA;58;SALİH ÇELİK AP;FEDAİ KAHRAMAN;H.ÇALIŞKAN;6;%11.87(3);37;2:08.55;7,15;Yarım Boy
5;ADANALI AŞK DB SKG SK;3y a  d;KALİMDOR;MOON AMOURE;58;S.TIRPAN;ZAFER TURĞUL;B.TURGUL;3;%6.75(4);32;2:08.62;9,95;
6;KARAMANIDS DB SKG SK;3y d  e;STALLION FALCON;STAR ANGEL;58;H.KATI;DİNÇER MUTLU;YASİN POLAT;5;%0.7(7);12;2:10.78;67,55;
7;EPISTEME K SKG;3y d  d;MYBOYCHARLIE (IRE);APPEL CANDY;54;F.S.M.SANSAR AP;HALİL EVREN ŞAHİN;YASİN POLAT;2;%2.33(6);21;2:13.18;32,65;
8;BELİS LERA SKG SK (Koşmaz);3y d  d;MAXIMUS DREAM;GÜNİZİ;53;F.KARAKURT AP;HÜSEYİN BURAN;Ö.FARUK TAN;4;%0.13(8);15;Koşmaz;;
GANYAN(6) :20,50 TL, İKİLİ(2/6) :14,35 TL, SIRALI İKİLİ(6/2) :100,20 TL, ÜÇLÜ BAHİS(6/2/4) :323,70 TL Çıkan 1 Atla: 14,35 TL, PLASE(2) :1,05 TL, PLASE(6) :1,05 TL, 5. ÇİFTE(2/6) :92,35 TL

7. Kosu :   21.30;Handikap 14/DHÖW/Dişi /H1; 4 ve Yukarı Araplar; kg; 1400m; Sentetik;;;;Rekor Derece :1.31.84
İkramiye;;;;;Yetiştirici Primi;;;;
1.)285.000 TL;2.)114.000 TL;3.)57.000 TL;4.)28.500 TL;5.)14.250 TL;1.)51.300 TL;2.)20.520 TL;3.)10.260 TL;4.)5.130 TL;5.)2.565 TL;
At No;At İsmi;Yaş;Orijin(Baba);Orijin(Anne);Kilo;Jokey Adı;Sahip Adı;Antrenör Adı;St;AGF;H;Derece;Ganyan;Fark
1;AKÇAOVA DB;5y k k;TAMERİNOĞLU;YALI GÜZELİ;58,5;MÜS.ÇELİK;LEVENT YAVUZ;K.KORKMAZ;4;%22.28(1);46;1:35.26;2,25;3 Boy
2;NİDA HATUN KG;5y a k;AYABAKAN;CANİREM;54,5;HAK.YILDIZ;ABDULLAH AVCI;N.YILDIRIM;15;%9.21(3);38;1:35.70;8,75;Burun
3;GÜLDANİYE DB SK;4y d k;UÇANBEY;KARABELGİN;55 +2.00;SALİH ÇELİK AP;FEDAİ KAHRAMAN;H.ÇALIŞKAN;10;%13.33(2);47;1:35.72;6,05;2 Boy
4;YÜREK KIZI K DB;5y k k;KAYAYÜREKLİ;YEŞİLIRMAK;57,5;S.ALTAY AP;LATİF ARAL ALİŞ;Ö.ALTIN;8;%6.27(4);48;1:36.07;8,55;1,5  Boy
5;BATI RÜZGARI KG K GKR;5y a k;KARAKEMAL;RİBELLA;50 +2.00;M.MANAV AP;ONUR METİN;O.BULUT;13;%2.7(11);29;1:36.24;23,10;
6;ALTIN GÖL KG;4y a k;UÇANBEY;KIRKDİLİM;53,5 +2.00;SER.YILDIZ AP;FERAT ÖZKAN;ADN.POLAT;11;%3.01(10);40;1:36.42;20,15;
7;LAL HANIM KG SK;5y d k;ULUER;MESİKE;53;E.TUNÇ;A.FİRUZHAN KANATLI;MERT KORKMAZ;5;%3.87(8);35;1:37.77;13,30;
8;ADAPINAR KG DB SK;5y k k;GÜRGÖKÇE;MALTA KÖŞKÜ;61;İSM.YILDIRIM AP;MUHANNAD DARAVSHA;D.ALTIN;9;%2.55(12);55;1:38.21;22,55;
9;İFAKAT KG K DB;4y a k;KARA YAĞIZ;ALTINÖKÇE;51 +2.00;A.E.ELMAS AP;ERKUTAY ÖZYURTERİ;K.KORKMAZ;3;%0.74(13);35;1:38.51;77,05;
10;KAFKAESQUE KG DB SK;5y d k;CANKARDEŞLER;ÖZKAFKASLI;56,5;F.KARAKURT AP;HÜSEYİN BOYRAZ;Z.TEMUÇİN;1;%5.05(6);46;1:40.73;12,30;
11;GÜL DERYA KG K DB;4y a k;KAYAYÜREKLİ;FATOŞCAN;52 +0.40;C.TEPE;MÜSLÜM ŞEKER;HAMZA KAYA;7;%4.41(7);37;1:41.78;23,05;
12;TIKI TAKA KG K DB;4y k k;TURBO;FATOŞ;51,5 +0.90;S.TIRPAN;SERKAN YILDIZHAN;O.BULUT;2;%3.67(9);36;1:42.11;16,30;
13;ÖZGÜLEN GÜZELİ KG K;4y k k;YILMABAŞAR;ÖZGÜLEN;50,5 +2.00;T.BALİ AP;BEKİR CANPOLAT;Ö.YILDIRIM;16 - DS;%0.59(14);34;1:45.20;64,80;
14;DERİNAŞK KG K GKR;4y k k;DİLİRAN;DERİNABLA;51,5 +2.00;H.TURAN AP;ABUZER TUNÇER;H.E.UYSAL;14;%0.96(5);36;1:46.40;13,20;
15;EĞİLCE KG DB SK;9y k k;KAIZBERT (RU);SEVGİLİM;56,5;G.ÖZÇELİK;ABUZER TUNÇER;H.E.UYSAL;12;%5.31(5);42;1:54.21;13,20;
16;ARASLI TORUNU DB SKG SK (Koşmaz);4y k k;KURTÇABEY;LALTAY;58 +0.10;A.ÇELİK;BARIŞ TİNİZ;BÜN.POLAT;6;%16.05(15);49;Koşmaz;;
[(10)DERİNAŞK,(7)EĞİLCE,] eküridir.GANYAN(5) :2,25 TL, 7'Lİ PLASE(1,3/3,6/1,12/1,6/1,2,6/2,6,7/2,5,9) :480,87 TL, 6'LI GANYAN(6/1/6/2/6/2,5) :69.899,07 TL, 5'Lİ GANYAN(1/6/2/6/2,5) :4.628,02 TL, 4'LÜ GANYAN(6/2/6/2,5) :1.077,56 TL, 2. 3'LÜ GANYAN(2/6/2,5) :386,92 TL, İKİLİ(5/9) :8,80 TL, SIRALI İKİLİ(5/9) :11,70 TL, PLASE(5) :2,05 TL, PLASE(9) :2,90 TL, PLASE İKİLİ(4/5) :5,70 TL, PLASE İKİLİ(4/9) :10,00 TL, PLASE İKİLİ(5/9) :5,80 TL, SIRALI 5 Lİ BAHİS(5/9/4/3/16) :2.350,53 TL, TABELA BAHİS(5/9/4/3) :378,59 TL Çıkan 1 Atla: 6,75 TL, TABELA BAHİS SIRASIZ(5/9/4/3) :13,60 TL, 6. ÇİFTE(6/5) :180,60 TL

