İzmir;(13. Yarış Günü);29/05/2025
1. Kosu :   17.15;SATIŞ 1/DHÖW; 4 Yaşlı Araplar; 58.00kg; 1900m; Çim;;;;Rekor Derece :2.05.01
İkramiye;;;;;Yetiştirici Primi;;;;
1.)275.000 TL;2.)110.000 TL;3.)55.000 TL;4.)27.500 TL;5.)13.750 TL;1.)49.500 TL;2.)19.800 TL;3.)9.900 TL;4.)4.950 TL;5.)2.475 TL;
At No;At İsmi;Yaş;Orijin(Baba);Orijin(Anne);Kilo;Jokey Adı;Sahip Adı;Antrenör Adı;St;AGF;H;Derece;Ganyan;Fark
1;BORZEMİR KG DB SK GKR;4y k  a;TURBO;ORGANİK;58;A.MEHDİ ALTIN AP;MEHMET ALİ ÇEVİK;M.TEZEL;3;%13.56(3);36;2:11.30;7,60;1,5  Boy
2;İLTERSOYLU KG DB SK GKR;4y k k;BERKSOY;NAKİYE;56;M.KEÇECİ AP;HALİT DAĞTEKİN;V.ÖNDER;13;%19.44(1);41;2:11.55;3,05;3,5 Boy
3;EMRAH ABİ KG SK;4y k  a;KARAÜZÜM;DIREJKIZI;58;B.M.MIRIK;MEHMET TOY;A.ATAŞ;14;%16.2(2);36;2:12.15;2,90;Yarım Boy
4;TEKİR BEYİ KG DB SK;4y a  a;ÖZGÜNHAN;KEHRİBAR;58;A.İNCİ;HASAN ALKAŞ;A.ÖKSÜZLER;6;%7.75(6);31;2:12.22;10,10;Baş
5;SARI YUSUF KG K;4y a  a;BESLENEY;NEZARET;58;A.KÜRÜNDÜK;HALİL ASLAN;L.ÖZMERGEN;1;%11.05(4);35;2:12.25;10,05;
6;ZEYNEP HANDE KG SK;4y a k;UÇANBEY;BADEŞAN;56;E.ÜSTÜN AP;FERİDUN AKYAVUZ;T.DURAN;5;%1.65(11);36;2:13.76;75,25;
7;KIZILHİS KG;4y a k;ALTINCI HİS;KIZILMAVİ;56;E.AKTUĞ;ELİF AKIN;M.TEZEL;9;%10.09(5);37;2:14.08;11,40;
8;BOLEYN DB SKG SK;4y a k;OYMAKBEYİ;TENEKE KIZ;56 +0.80;ALP.OLUK AP;MEHMET ALTUNKILIÇ;A.A.ZÜMBÜLLER;2;%1.21(12);31;2:14.57;87,50;
9;MOR DUMAN K;4y k k;TURBO;MOR ELMAS;56;İ.S.SÖĞÜT AP;NURTEN ERDÖLEK;N.GÖNÜLTAŞ;12;%1.13(13);12;2:16.34;85,00;
10;ÇİSİLLA KG DB SK;4y d k;KURTEL;GÜLAYDIN;56;HA.GÖKÇE AP;MUHAMMET FELHAN;SİN.ALTUNDAĞ;11;%3.1(10);35;2:16.45;54,00;
11;POZNAN K;4y d k;BABA MEVLÜT;MELİSİN ŞİMALİ;56;S.TIRPAN;YASİN POLAT;S.AKCI;7;%5.94(7);30;2:17.24;12,30;
12;ŞAHİN ALMHIMID KG DB;4y k  a;KARAKEMAL;GASTİN;58;MUH.OK AP;AZAT KILIÇASLAN;FAH.CEYLAN;8;%3.42(9);29;2:22.58;19,55;
13;LALUCHE KG K GKR;4y a k;YILMABAŞAR;LALUŞ;56 +0.10;E.KADİRLER AP;İSMET ÇİFTÇİ;M.TAMER;10;%0.58(14);13;2:25.89;57,45;
14;DOĞRU ŞAŞMAZ KG SK;4y k  a;YILMABAŞAR;ONBİR AYIN SULTANI;58;C.ALTUN AP;FIRAT GÖKHAN DOĞAN;A.ATAŞ;4;%4.9(8);18;2:35.39;20,60;
GANYAN(1) :7,60 TL, İKİLİ(1/5) :12,60 TL, SIRALI İKİLİ(1/5) :30,80 TL

2. Kosu :   17.45;ŞARTLI 4; 3 ve Yukarı İngilizler; 51.50kg; 60.00 kg; 61.50 kg; 2200m; Kum;;;;Rekor Derece :2.20.23
İkramiye;;;;;Yetiştirici Primi;;;;
1.)350.000 TL;2.)140.000 TL;3.)70.000 TL;4.)35.000 TL;5.)17.500 TL;1.)63.000 TL;2.)25.200 TL;3.)12.600 TL;4.)6.300 TL;5.)3.150 TL;
At No;At İsmi;Yaş;Orijin(Baba);Orijin(Anne);Kilo;Jokey Adı;Sahip Adı;Antrenör Adı;St;AGF;H;Derece;Ganyan;Fark
1;TOCCET TO THE MOON K DB;4y a k;TOCCET (USA);MONTECATINI;56;M.KEÇECİ AP;ERSAN ÜLDES;Ş.ÖZDENİZ;1;%4(5);62;2:21.70;11,45;1 Boy
2;SELANİK PRENSİ DB SKG SK YP;4y d  a;MENDIP (USA);ŞEMMAME;58;A.YILDIZ;CENK HÜNER;M.TEZEL;11 - DS;%8.32(3);80;2:21.87;11,20;1,5  Boy
3;COLOUR OF LIGHT KG DB SK;6y d  a;INVINCIBLE SON (IRE);PRENSES RUYA (USA);58,5;T.ALICI;HASAN AKBULUT;M.Y.AKKEYİK;5;%16.76(1);99;2:22.06;1,65;Yarım Boy
4;OĞLUM FIRAT DB;5y d  a;PAPA CLEM (USA);STARBUST;54,5 +0.50;A.MEHDİ ALTIN AP;MEHMET CAN;E.AYHAN;9;%1.68(8);65;2:22.15;38,15;Yarım Boy
5;OĞLUM UTKUN KG DB SK ÖG;6y d  a;BOSPORUS (IRE);SIRNAŞIK;58,5;G.ÖZÇELİK;BÜLENT UTKUN;M.TEZEL;7;%5.59(4);86;2:22.25;13,05;
6;GÖKHAN BABAM KG DB SK;6y d  a;GÜNGÖR BABA;SABUR;57,5;İ.AKIN AP;HASAN AKBULUT;M.Y.AKKEYİK;2;%42.83(1);84;2:22.50;1,65;
7;HAPPY BOY DB SK;4y k  a;MYBOYCHARLIE (IRE);HAPPY LOVE;56;E.AKTUĞ;HALUK ERON;Z.TURĞUL;6;%2.89(6);57;2:22.55;10,10;
8;KARADÖKER SK;6y d  a;LION HEART (USA);LADY LIZ;54,5 +2.00;ALP.OLUK AP;MURAT DÖKER;Ş.ÖZDENİZ;8;%2.86(7);71;2:23.51;17,90;
9;DUBAI EXPRESS KG K DB;5y d k;MORE THAN A GAME (USA);SALLY OBELISK;55,5;O.KIZILDAŞ AP;LEVENT DEMİR;M.TEZEL;4;%0.51(10);67;2:23.59;79,85;
10;BEYOND THE SEA DB SKG SK;5y d k;VICTORY GALLOP (CAN);DERYA SULTAN;52,5 +1.30;İ.S.SÖĞÜT AP;MAHSUM EROL;V.ÖNDER;10;%0.74(9);55;2:23.76;32,40;
11;EVERYTHING ALRIGHT DB;5y d  a;LION HEART (USA);AL MAHA;61,5;M.ÇİÇEK;FIRAT GÖKHAN DOĞAN;A.ATAŞ;3;%13.84(2);84;2:23.98;3,85;
[(5)COLOUR OF LIGHT,(2)GÖKHAN BABAM,] eküridir.GANYAN(3) :11,45 TL, İKİLİ(3/7) :82,35 TL, SIRALI İKİLİ(3/7) :165,95 TL, ÜÇLÜ BAHİS(3/7/5) :1.194,40 TL, PLASE(3) :3,80 TL, PLASE(7) :4,00 TL, PLASE İKİLİ(3/5) :13,90 TL, PLASE İKİLİ(3/7) :26,20 TL, PLASE İKİLİ(5/7) :12,10 TL, 1. ÇİFTE(1/3) :153,40 TL

3. Kosu :   18.30;Handikap 14 /H2; 3 Yaşlı İngilizler; kg; 2000m; Kum;;;;Rekor Derece :2.05.51
İkramiye;;;;;Yetiştirici Primi;;;;
1.)285.000 TL;2.)114.000 TL;3.)57.000 TL;4.)28.500 TL;5.)14.250 TL;1.)51.300 TL;2.)20.520 TL;3.)10.260 TL;4.)5.130 TL;5.)2.565 TL;
At No;At İsmi;Yaş;Orijin(Baba);Orijin(Anne);Kilo;Jokey Adı;Sahip Adı;Antrenör Adı;St;AGF;H;Derece;Ganyan;Fark
1;ALL OF DREAMS SKG SK;3y a  e;LION HEART (USA);PRENSESLERİN DANSI;55,5;A.MEHDİ ALTIN AP;HALİDE NUR CAN;E.AYHAN;2;%21.3(3);45;2:09.50;3,10;3 Boy
2;IRON WILL K;3y a  e;TOCCET (USA);SUNNY GIRL;56;A.YILDIZ;HACI DURAN KOCA;F.ÇELTİK;1;%34.65(1);40;2:09.94;2,00;2 Boy
3;ELLADORA KG K;3y a  d;SUPER SAVER (USA);TROPICAL STORM;58 +0.10;M.KEÇECİ AP;ALİ GÜNGÖR;E.ATEŞ;3;%21.51(2);50;2:10.25;4,05;Yarım Boy
4;GULAZER K;3y d  d;GRAYSTORM;HAYAT;53 +0.20;S.AKŞIN AP;FERİDUN KILIÇASLAN;İ.H.BAYDAN;4;%3.54(6);40;2:10.32;26,40;3 Boy
5;CEVHER CANT KG SK;3y a  e;LION HEART (USA);SEVDALİNKA;54 +1.00;A.İNCİ;ASLAN SAVAŞAN;A.AYDOĞAN;6;%11.05(4);36;2:10.71;9,95;
6;WIND OF SİDE SKG SK;3y d  d;MORE THAN A GAME (USA);DOS GARDENIAS;50 +1.10;E.KADİRLER AP;GÖKÇEN YILDIZ;Ş.ÖZGÜR;7 - DS;%1.46(7);25;2:10.74;21,30;
7;CANOŞCAN KG K DB;3y d  d;MAXIMUM SECURITY (USA);CATMEIFYOUCAN (USA);50 +2.00;O.ATMACA;CAN N. GÜVEN;T.PELEN;5;%0.61(8);20;2:13.02;52,80;
8;KOBAN NEHRİ DB SKG SK SGKR;3y d  e;MYBOYCHARLIE (IRE);TWILIGHT ZONE;59,5;T.ALICI;BAYRAM GÖKÇE;L.ÖZMERGEN;8 - DS;%5.88(5);47;2:17.03;16,20;
GANYAN(3) :3,10 TL, İKİLİ(3/5) :3,70 TL, SIRALI İKİLİ(3/5) :8,20 TL, ÜÇLÜ BAHİS(3/5/1) :22,65 TL, PLASE(3) :1,30 TL, PLASE(5) :1,15 TL, 2. ÇİFTE(3/3) :99,25 TL

4. Kosu :   19.00;Handikap 14/DHÖW /H2; 4 ve Yukarı Araplar; kg; 1300m; Çim;;;;Rekor Derece :1.22.40
İkramiye;;;;;Yetiştirici Primi;;;;
1.)285.000 TL;2.)114.000 TL;3.)57.000 TL;4.)28.500 TL;5.)14.250 TL;1.)51.300 TL;2.)20.520 TL;3.)10.260 TL;4.)5.130 TL;5.)2.565 TL;
At No;At İsmi;Yaş;Orijin(Baba);Orijin(Anne);Kilo;Jokey Adı;Sahip Adı;Antrenör Adı;St;AGF;H;Derece;Ganyan;Fark
1;NEZENGÜL SK;5y a k;SERHANTAY;PEKŞEKER;59,5;M.KEÇECİ AP;İSMAİL ULAŞ;NEJ.TURAN;4;%3.71(10)  %3.71(10);47;1:26.29;24,15;Boyun
2;UFUKYELİ KG K DB;4y a  a;UFUKBİR;ESERYEL;57;B.M.MIRIK;YAVUZ KANDIRAN;T.DURAN;9;%14.92(2)  %14.34(2);38;1:26.34;5,10;Burun
3;DEREBEYİ DB SKG SK;4y a  a;KIRIMHAN;BAŞTACI;59,5;E.KADİRLER AP;HAMZA HAKAN HIZLI;E.AYHAN;1;%21.95(1)  %25.32(1);47;1:26.35;2,95;1,5  Boy
4;POLYCHROMO DB SKG SK;4y a k;OVA;RENGARENK;59,5;N.AVCİ;HAKAN ZAYIF;T.VATANSEVER;11;%6.68(7)  %7.65(5);43;1:26.57;9,05;1 Boy
5;ADA ESİNTİSİ KG DB SK;4y a k;DİLİRAN;HALEPLİKIZ;55,5 +0.40;O.EREN;İBRAHİM HALİL ASLAN;L.ÖZMERGEN;7;%3.05(3)  %2.43(3);35;1:26.75;5,75;
6;DUYGUDENİZİM DB SKG SK;6y k k;KARAÜZÜM;YENİCELİ;57,5;A.MEHDİ ALTIN AP;M.ÖMER NAUSHAD MA;V.ÖNDER;3;%10.15(4)  %9.04(4);43;1:26.99;9,20;
7;AKSU NEHİR KG DB SK;6y a k;ÖZDURAN;AKSU;57,5;S.AKŞIN AP;İBRAHİM HALİL ASLAN;L.ÖZMERGEN;12;%11.73(3)  %11.52(3);43;1:27.04;5,75;
8;KIZIL HIZ KG DB SK;4y a  a;JOKER;ARAKARYA;57;E.ÜSTÜN AP;NAZMİ FİLİBELİ;B.ÇELTİK;5;%4.78(9)  %4.11(9);44;1:27.19;13,75;
9;UÇAN BALON KG SK;4y a k;HİSARBEY;CANANTAY;61;ALP.OLUK AP;H.TARIK DİKENCİK;M.ÖZGÜL;6;%5.79(8)  %6.01(8);50;1:28.48;10,10;
10;RÜZGARTEPESİ KG DB;5y k k;CANKARDEŞLER;HONOLULU;61,5;A.YILDIZ;MUHAMMET HOCAOĞULLARI;C.T.KÖSE;8;%6.83(6)  %6.82(6);45;1:28.65;14,00;
11;GÖKBARAN KG SK;4y k  a;KARAÜZÜM;HAZAL TAY;56,5;O.ATMACA;MEHMET BAYDAN;E.C.BAYDAN;2;%1.88(11)  %1.74(11);37;1:28.91;34,20;
12;ÖZDİLSOY KG K;4y a k;ÖZHABER;DİLSOY;55,5;A.KÜRÜNDÜK;HALİL ASLAN;L.ÖZMERGEN;14 - DS;%0.76(12)  %0.71(12);35;1:31.35;64,65;
13;TUNA KALESİ KG DB GKR;4y a  a;FİRİKYA;KANBATUR;59;C.ALTUN AP;İSA EVREN;İ.H.BAYDAN;13;%7.36(5)  %6.19(7);46;1:31.57;18,35;
14;VUSLATHANIM KG DB SK GKR;4y k k;KEREMCAN;TAŞKIN GÜLÜ;50 +2.00;E.D.ÖKTEN AP;ABDULHADİ YILMAZ;T.DURAN;10;%0.41(13)  %0.4(13);10;1:34.49;39,45;
[(10)ADA ESİNTİSİ,(14)AKSU NEHİR,] eküridir.GANYAN(2) :24,15 TL, İKİLİ(2/8) :87,65 TL, SIRALI İKİLİ(2/8) :226,20 TL, 3. ÇİFTE(3/2) :61,55 TL

5. Kosu :   19.30;Maiden; 3 Yaşlı İngilizler; 58.00kg; 1400m; Kum;;;;Rekor Derece :1.25.06
İkramiye;;;;;Yetiştirici Primi;;;;
1.)390.000 TL;2.)156.000 TL;3.)78.000 TL;4.)39.000 TL;5.)19.500 TL;1.)93.600 TL;2.)37.440 TL;3.)18.720 TL;4.)9.360 TL;5.)4.680 TL;
At No;At İsmi;Yaş;Orijin(Baba);Orijin(Anne);Kilo;Jokey Adı;Sahip Adı;Antrenör Adı;St;AGF;H;Derece;Ganyan;Fark
1;MAJESTIK FLOW K;3y d  d;WIENER WALZER (GER);SINDY TIFFANY;56;A.YILDIZ;CEMİL TANER;SEY.DEMİR;18;%12.44(3)  %12.55(3);;1:26.86;7,50;4,5 Boy
2;MY KING BROTHER SKG SK;3y d  e;AUTHORIZED (IRE);ELAZIĞ GÜZELİ;58;B.M.MIRIK;AYHAN ATEŞ;M.TEZEL;8;%6.24(5)  %6.7(5);24;1:27.59;10,20;3,5 Boy
3;GÜRER KHAN SK;3y d  e;LION HEART (USA);NEVER BACK DOWN;54 +1.00;M.KEÇECİ AP;ŞÜKRÜ GÜRER;FAH.CEYLAN;15;%1.51(10)  %1.4(11);;1:28.18;24,00;Baş
4;FREED FROM DESIRE KG K DB;3y d  d;AIR VICE MARSHAL (USA);CAT WELLS;56;E.AKTUĞ;CÜNEYT BUĞDAYCI;B.GÜL;11;%28.93(1)  %30.99(1);;1:28.20;2,70;1 Boy
5;SLIM SHADY KG K DB;3y d  e;MENDIP (USA);SADİFNA;55 +0.50;MUH.OK AP;İLKER İYİKOL;N.DÖNMEZ;14;%0.97(14)  %0.93(14);;1:28.32;47,60;
6;ASTRO LORD KG DB SK;3y d  e;SMART ROBIN (JPN);TRIPLE CROWN;58;A.KÜRÜNDÜK;BAHATTİN M. ÇIPLAK;H.KURT;6;%0.83(15)  %0.79(15);24;1:28.34;48,35;
7;MASTER SHİFU KG K DB ÖG;3y d  e;KLUGER (JPN);İPEK AY;58 +2.00;M.GÖNÜLTAŞ;MUHAMMET ALİ TOMEY;FAH.CEYLAN;9;%0.51(17)  %0.45(17);15;1:28.85;59,90;
8;LITTLE BOSS DB SKG SK ÖG;3y d  e;BLUEGRASS CAT (USA);LITTLE HEART (USA);55 +1.30;A.CEYLAN AP;MELİS KURTEL EMİN;B.GÜL;12;%3.39(7)  %3.74(7);;1:29.02;21,15;
9;KING CANPOLAT DB SKG SK;3y d  e;KINOWA;HATTRICK;58 +0.20;Ç.OK;MURAT ÇELİK;İ.H.BAYDAN;4;%5.67(6)  %5.77(6);28;1:29.45;14,45;
10;SON OF KINOWA DB SKG SK;3y d  e;KINOWA;PRENSES LEIA;60;N.AVCİ;ALİ BAKIR;T.DURAN;19;%22.77(2)  %19.37(2);36;1:30.02;3,70;
11;SHOTTING CAT KG K;3y d  d;BLUEGRASS CAT (USA);MY POEM;56;O.EREN;MUSTAFA KAAN GÖKÇE;M.KURDU;17;%0.75(16)  %0.7(16);27;1:30.14;84,10;
12;WINDY WAY KG K DB;3y d  d;TIZWAY (USA);COZY UP (USA);55 +1.90;M.KAYİŞ AP;GÜNSEN SOYUPAK;B.GÜL;16;%7.73(4)  %7.69(4);;1:31.39;10,95;
13;VHAGAR KG DB SK;3y a  e;PACO BOY (IRE);HANDIYA (IRE);55 +0.30;C.ALTUN AP;BAHADIR YEŞİL;A.ATAŞ;3;%1.44(11)  %1.45(10);;1:31.92;58,55;
14;ALWAYS A REASON KG K DB GKR;3y a  d;BLUEGRASS CAT (USA);REASON WHY;53 +1.00;İ.S.SÖĞÜT AP;İRFAN AKGÜL;V.ÖNDER;20;%1.52(9)  %1.82(9);20;1:32.04;34,65;
15;MOON ECLIPSE DB SKG SK;3y d  e;LION HEART (USA);RUMOOZ (GB);58;G.ÖZÇELİK;YUSUF SERFİCELİ;F.ÇELTİK;2;%1.26(12)  %1.3(13);;1:32.43;47,40;
16;PRINCE OF ENIGMA SKG SK;3y d  g;VICTOIRE PISA (JPN);CANCAN KATY (GB);54 +0.30;O.KIZILDAŞ AP;TOLGA YURTSEVEN;N.GÖNÜLTAŞ;13;%0.38(19)  %0.4(19);14;1:32.57;75,50;
17;SET ME FREE KG DB SK;3y a  e;GRAYSTORM;SİBA;58;T.ALICI;ZEKİ SÖKMEN;E.AYHAN;5;%1.79(8)  %1.89(8);;1:33.21;59,40;
18;MASTER FEET DB SKG SK;3y a  e;SUPER SAVER (USA);YILIŞIK;58;F.AVCI;NECATİ ÇİFTÇİOĞLU;M.TEZEL;1;%0.4(18)  %0.44(18);11;1:33.33;75,40;
19;NİKE QUEEN SKG SK;3y d  d;TOCCET (USA);NAME OF THE ROSE;54 +2.00;ALP.OLUK AP;M.MEHMET İLHAN;Ş.ÖZDENİZ;7;%0.26(20)  %0.26(20);11;1:33.93;78,30;
20;ZENFIRE KG K DB;3y d  d;OUTWORK (USA);ARBITRESS (USA);54 +1.40;A.MEHDİ ALTIN AP;OSMAN NURİ KIR;Y.ARSLANCA;10;%1.19(13)  %1.36(12);26;1:36.64;45,95;
GANYAN(16) :7,50 TL, 1. 3'LÜ GANYAN(3/2/16) :1.178,70 TL, İKİLİ(9/16) :40,25 TL, SIRALI İKİLİ(16/9) :99,05 TL, PLASE(16) :2,30 TL, PLASE(9) :7,40 TL, PLASE İKİLİ(3/16) :92,60 TL, PLASE İKİLİ(3/9) :51,80 TL, PLASE İKİLİ(9/16) :38,30 TL, SIRALI 5 Lİ BAHİS(16/9/3/15/12) :874.935,00 TL, TABELA BAHİS(16/9/3/15) :7.621,90 TL, TABELA BAHİS SIRASIZ(16/9/3/15) :74,63 TL, 4. ÇİFTE(2/16) :212,25 TL

6. Kosu :   20.00;ŞARTLI 5/DHÖW; 4 ve Yukarı Araplar; 58.00kg; 59.50 kg; 1400m; Kum;;;;Rekor Derece :1.32.97
İkramiye;;;;;Yetiştirici Primi;;;;
1.)450.000 TL;2.)180.000 TL;3.)90.000 TL;4.)45.000 TL;5.)22.500 TL;1.)81.000 TL;2.)32.400 TL;3.)16.200 TL;4.)8.100 TL;5.)4.050 TL;
At No;At İsmi;Yaş;Orijin(Baba);Orijin(Anne);Kilo;Jokey Adı;Sahip Adı;Antrenör Adı;St;AGF;H;Derece;Ganyan;Fark
1;NEVERLAND DB SK;5y a  a;CANKARDEŞLER;MELTEMCAN;57,5;N.AVCİ;CEREN AKTEPE;ŞAFAK GÜMÜŞ;7;%40.58(1)  %40.39(1);93;1:34.76;1,85;Yarım Boy
2;SERDAREFE SKG SK;5y k  a;OYMAKBEYİ;ZÜLAL;58,5;İ.S.SÖĞÜT AP;MUSTAFA İLKADIM;R.AYDOĞAN;9;%20.64(2)  %20.63(2);90;1:34.83;4,30;1,5  Boy
3;KARİZMATİK SK;5y k  a;ÖZHABER;ÇALIÇİÇEĞİ;55,5 +0.90;M.ÇİÇEK;MEHMET ALİ AKDAĞ;H.DURMUŞ;6;%15.06(3)  %15.53(3);88;1:35.08;5,10;5 Boy
4;HOLİGAN SKG SK;9y a  a;KAIZBERT (RU);RÜYA HANIM;55,5;A.MEHDİ ALTIN AP;BİLAL KESKİN;S.YUDUM;11 - DS;%7.68(5)  %7.59(5);84;1:35.95;12,35;1,5  Boy
5;KAZANCI KG DB GKR;7y k  a;TAMERİNOĞLU;LALEZAR;59,5;G.ÖZÇELİK;ABDULLATİF BATMACI;T.DURAN;5;%1.44(8)  %1.47(8);71;1:36.23;36,25;
6;TILISIM SKG SK;5y a  a;ÖZDURAN;BUDİNKIZI;58,5;M.KEÇECİ AP;AVNİ KAYA;C.T.KÖSE;2;%1.85(6)  %2.07(6);80;1:36.26;15,25;
7;SALUKİ KG K DB;7y k  a;UÇANOĞLU;KIRKISRAK;56,5;A.KÜRÜNDÜK;H.TARIK DİKENCİK;M.ÖZGÜL;4;%1.62(7)  %1.63(7);68;1:36.73;28,15;
8;İZBANDOT DB SKG SK;5y a  a;ÇAMÖNÜ BEYİ;KAYRA KIZI;52,5 +0.10;E.KADİRLER AP;SONER GÜL;V.ÖNDER;8;%0.39(11)  %0.41(11);53;1:36.86;71,10;
9;ŞİFNE EFESİ DB SK;9y k  a;JOKER;ŞİFNELİ;57,5;A.İNCİ;İRFAN BERBEROĞLU;FATİH ŞEN;10;%0.82(9)  %0.74(10);64;1:41.37;41,05;
10;COOL FARUK KG DB SK;5y a  a;UÇANBEY;MELİSKIZ;55,5 +0.40;E.AKTUĞ;FARUK ATEŞ;M.KAYA;1;%0.82(10)  %0.79(9);65;1:44.39;62,05;
11;CANOĞLUCAN KG DB SK;7y a  a;HIZLITAY;TANEMCAN;55,5;A.YILDIZ;MUHARREM CAN;A.R.YILDIZ;3;%9.08(4)  %8.76(4);88;2:11.62;9,15;
GANYAN(5) :1,85 TL, 1. 6'LI GANYAN(1/3/3/2/16/5) :263.200,50 TL, 1. 5'Lİ GANYAN(3/3/2/16/5) :44.312,10 TL, İKİLİ(2/5) :3,25 TL, SIRALI İKİLİ(5/2) :5,40 TL, ÜÇLÜ BAHİS(5/2/11) :20,30 TL, PLASE(2) :1,25 TL, PLASE(5) :1,35 TL, PLASE İKİLİ(2/11) :8,40 TL, PLASE İKİLİ(2/5) :3,50 TL, PLASE İKİLİ(5/11) :3,70 TL, 5. ÇİFTE(16/5) :17,60 TL

7. Kosu :   20.30;ŞARTLI 4; 3 Yaşlı İngilizler; 58.00kg; 1200m; Kum;;;;Rekor Derece :1.11.59
İkramiye;;;;;Yetiştirici Primi;;;;
1.)350.000 TL;2.)140.000 TL;3.)70.000 TL;4.)35.000 TL;5.)17.500 TL;1.)63.000 TL;2.)25.200 TL;3.)12.600 TL;4.)6.300 TL;5.)3.150 TL;
At No;At İsmi;Yaş;Orijin(Baba);Orijin(Anne);Kilo;Jokey Adı;Sahip Adı;Antrenör Adı;St;AGF;H;Derece;Ganyan;Fark
1;LODATO SKG SK;3y a  e;LION HEART (USA);RUMBA;54 +1.10;M.KEÇECİ AP;ANNABELLA SPONZA TIRPANÇEKER;Ş.ÖZDENİZ;8;%1.24(7);37;1:13.42;29,80;Yarım Boy
2;ASLAN HALİLİM KG DB SK;3y a  e;LION HEART (USA);ALWAYS MARJU;57 +0.10;A.MEHDİ ALTIN AP;MEHMET MELİH GÖÇER;M.TEZEL;3;%45.91(1);66;1:13.54;1,85;1,5  Boy
3;ROXELENA DB SK;3y d  d;TOROK (IRE);LISSANDRA;58;A.YILDIZ;METİN ÇETİNKAYA;L.BERKOL;6;%12.4(3);51;1:13.73;5,90;Yarım Boy
4;TOULAYNA KG K;3y d  e;AVERY ISLAND (USA);SHARK BAY (GB);60;N.ŞEN;H.TARIK DİKENCİK;M.ÖZGÜL;1;%8.65(4);46;1:13.79;9,45;1,5  Boy
5;EAST SONATA KG DB SK;3y d  e;PIANO SONATA;WEST OF GIRL;58 +0.10;GÖKH.GÖKÇE;ŞEMİSTAN GÖKÇE;E.C.BAYDAN;2;%22.49(2);51;1:14.04;3,10;
6;BAHİSÇİ KG DB SK;3y d  e;MENDIP (USA);KIZIM HİRA;58;K.TOKAÇOĞLU;ŞEHABETTİN DOYAN;M.BULUT;7;%2.31(6);38;1:15.26;21,35;
7;LUCKY BREATH KG K GKR;3y d  e;KULOĞLU;BİRSU;54;O.ATMACA;BAHRİ ÇABUK;İ.KIZILDAĞ;5;%0.43(9);28;1:15.43;42,00;
8;ONE MORE SECRET KG K DB;3y d  d;CATAPULT (USA);COFFEE BEAN;54 +2.00;ALP.OLUK AP;OĞUZHAN ÖZŞAHİN;SEY.DEMİR;9 - DS;%0.5(8);38;1:19.17;62,15;
9;THESSALONIKI TALE KG K DB GKR;3y a  d;CORINTHIAN (USA);BELLA AMIGA;53 +2.00;B.M.MIRIK;SACİT ÖZER;G.ER;4;%6.07(5);55;1:19.54;12,35;
GANYAN(6) :29,80 TL, İKİLİ(1/6) :45,35 TL, SIRALI İKİLİ(6/1) :167,75 TL, ÜÇLÜ BAHİS(6/1/4) :553,35 TL, PLASE(1) :1,45 TL, PLASE(6) :14,90 TL, 6. ÇİFTE(5/6) :124,65 TL

8. Kosu :   21.00;Handikap 16 /H2; 3 ve Yukarı İngilizler; kg; 1200m; Çim;;;;Rekor Derece :1.08.96
İkramiye;;;;;Yetiştirici Primi;;;;
1.)450.000 TL;2.)180.000 TL;3.)90.000 TL;4.)45.000 TL;5.)22.500 TL;1.)81.000 TL;2.)32.400 TL;3.)16.200 TL;4.)8.100 TL;5.)4.050 TL;
At No;At İsmi;Yaş;Orijin(Baba);Orijin(Anne);Kilo;Jokey Adı;Sahip Adı;Antrenör Adı;St;AGF;H;Derece;Ganyan;Fark
1;NAZGAR DB SK;4y d  a;IŞIKHÜZMESİ;OMNITRIX;54,5 +0.80;A.MEHDİ ALTIN AP;ERDEM TURHAN;V.ÖNDER;2;%5.73(5);59;1:10.90;12,65;Yarım Boy
2;VARDA VELA DB SKG SK YP;4y a  a;OĞLUM MELİH;AGAFYA;50 +1.90;O.ATMACA;HASAN AKBULUT;M.Y.AKKEYİK;3;%13.43(3);40;1:10.96;7,45;Boyun
3;BATTLECAT KG DB SK;4y a  a;RUN AWAY AND HIDE (USA);GÜLER YÜZLÜM;55,5;A.YILDIZ;İLKER İYİKOL;T.VATANSEVER;1;%10.73(4);55;1:11.01;5,35;3,5 Boy
4;BIG GAMBLE DB SK;5y d  a;MALİ;CHERRY LADY;57;N.AVCİ;ORHAN BAŞPINAR;N.GÖNÜLTAŞ;5;%26.2(1);57;1:11.53;4,10;Baş
5;UYGAR BEY KG SK;5y d  a;CEBELTAY;GONDOR;60;E.AKPINAR AP;ERMAN ERDEM;K.ŞENGEL;11;%2.59(10);69;1:11.55;32,15;
6;MANCUNIAN BEDİİ KG SK;4y a  a;GORMLEY (USA);RAGLAN ROAD (CAN);53,5 +1.60;M.KEÇECİ AP;SACİT ÖZER;G.ER;10;%4.89(6);57;1:11.75;14,85;
7;MENAS K DB;6y a k;MENDIP (USA);JIGGLYPUFF;50 +2.00;E.D.ÖKTEN AP;K.CEVAT DAYSAL;B.ÇELTİK;7;%2.8(9);42;1:12.16;25,15;
8;MY GOLDEN QUEEN KG DB SK GKR;4y a k;DAREDEVIL (USA);THIRTEEN;50 +2.00;HA.GÖKÇE AP;HASAN AKBULUT;M.Y.AKKEYİK;8;%0.5(3);33;1:12.24;7,45;
9;PASSAU DB SKG SK;4y a  g;AGRESIVO (USA);UNE ROMANCE (FR);50 +2.00;S.AKŞIN AP;MEHMET ÖZKAN;E.AYHAN;6;%2.85(8);34;1:12.55;20,65;
10;MEŞHUR SAMURAİ KG DB SK;5y d  a;PAPA CLEM (USA);PAMFİLYA;52,5 +2.00;MUH.OK AP;ÖZGÜR ERİNÖZ;A.ÖKSÜZLER;4;%0.53(13);48;1:12.76;64,00;
11;PAMUKKALE DB SKG SK;6y a  a;KULOĞLU;AKYAZILI ÖZGE;59 +0.10;S.İPEK;AHMET GÖKHAN ERKOÇ;F.KIRAN;13;%4.02(7);61;1:13.35;14,25;
12;DR AZİZ KG DB SK;5y d  a;MEHMET BORA;ATLI GÜL;59,5;C.ALTUN AP;BARIŞ ERDUMAN;B.GÜL;12;%22.9(2);66;1:13.57;2,80;
13;HARD FLOOD DB SKG SK;8y d  a;HAKEEM (USA);FEVZUŞ;59,5;Ç.OK;SIDDIK KAYA;K.ŞENGEL;14;%2.15(11);62;1:14.45;24,15;
14;WHISTLE ARROW KG DB SK;4y d  a;GRAYSTORM;STELLA ROSSA (IRE);50 +1.50;H.YOLAÇICI AP;BAHADIR YEŞİL;A.ATAŞ;9;%0.69(12);43;1:14.62;44,50;
[(12)VARDA VELA,(14)MY GOLDEN QUEEN,] eküridir.GANYAN(5) :12,65 TL, İKİLİ(5/12) :43,10 TL, SIRALI İKİLİ(5/12) :96,80 TL, PLASE(12) :7,90 TL, PLASE(5) :10,75 TL, PLASE İKİLİ(5/12) :30,00 TL, PLASE İKİLİ(5/8) :24,50 TL, PLASE İKİLİ(8/12) :14,60 TL, SIRALI 5 Lİ BAHİS(5/12/8/6/1) :36.507,60 TL, TABELA BAHİS(5/12/8/6) :2.270,90 TL, TABELA BAHİS SIRASIZ(5/12/8/6) :18,57 TL, 7. ÇİFTE(6/5) :566,45 TL

9. Kosu :   21.30;Maiden; 3 Yaşlı İngilizler; 58.00kg; 1400m; Kum;;;;Rekor Derece :1.25.06
İkramiye;;;;;Yetiştirici Primi;;;;
1.)390.000 TL;2.)156.000 TL;3.)78.000 TL;4.)39.000 TL;5.)19.500 TL;1.)93.600 TL;2.)37.440 TL;3.)18.720 TL;4.)9.360 TL;5.)4.680 TL;
At No;At İsmi;Yaş;Orijin(Baba);Orijin(Anne);Kilo;Jokey Adı;Sahip Adı;Antrenör Adı;St;AGF;H;Derece;Ganyan;Fark
1;DRUNKEN MASTER KG K DB;3y d  e;RUN AWAY AND HIDE (USA);SALİHLİ GÜZELİ;58;İ.SOYAD;HASAN AYDOĞAR;A.ÖKSÜZLER;16;%5.85(7);27;1:28.76;15,50;2 Boy
2;PRIMUS K DB;3y d  d;VICTOIRE PISA (JPN);WHITE LIGHT;56;N.AVCİ;MURAT AYDIN;S.S.GÖRGÜ;18 - DS;%17.67(2);37;1:29.08;3,45;Yarım Boy
3;BOCCE DB SKG SK;3y a  e;VICTOIRE PISA (JPN);WHITE GIRL;61 +0.10;T.ALICI;MUSTAFA ÖZYAZICI;H.DURMUŞ;7;%7.46(4);35;1:29.15;10,10;Yarım Boy
4;EXPRESS WISH K DB;3y d  d;AVERY ISLAND (USA);WISH DREAM;56;A.KÜRÜNDÜK;NİMET ARİF KURTEL;A.A.ZÜMBÜLLER;4;%1.12(13);;1:29.25;9,10;1 Boy
5;DARK SOUL KG DB SK;3y d  e;SMART ROBIN (JPN);NEW VISION (GB);62;G.ÖZÇELİK;YUSUF KERESTECİ;Z.TURĞUL;6;%10.43(3);35;1:29.37;8,50;
6;OSAYİ KG DB;3y d  e;BLUEGRASS CAT (USA);BELLA BAMBINO;60;M.ÇİÇEK;HAMZA HAKAN HIZLI;E.AYHAN;10;%22.45(1);34;1:29.38;4,10;
7;BROMANCE KG DB SK;3y d  e;AIR VICE MARSHAL (USA);AZHA (USA);58;E.AKTUĞ;NİMET ARİF KURTEL;B.GÜL;11;%6.98(5);;1:29.82;9,10;
8;KING CANEL KG K DB;3y d  e;AIR VICE MARSHAL (USA);CRASSULA;58;O.EREN;DENİZ AY;M.TEZEL;12;%0.22(18);10;1:30.03;103,90;
9;KAFKASYA BEYLERİ K;3y d  e;LION HEART (USA);ZUZUNAZ;61;K.TOKAÇOĞLU;BURHAN ŞEN;B.ÖZGÜR;14;%3.95(9);31;1:30.08;16,15;
10;AYDOS KIZ KG SK;3y a  d;TOCCET (USA);VICTORIUM;53 +2.00;M.KEÇECİ AP;İLKER AYDOS;M.DİNÇER;2;%2.45(11);26;1:30.63;17,60;
11;GERADINA K DB;3y a  d;BLUEGRASS CAT (USA);THUNDER ROAD;56 +1.20;F.AVCI;ERKAN BAL;E.ATEŞ;13;%0.28(16);13;1:30.68;119,35;
12;GÜL NURİ KG DB SK GKR;3y d  e;THREE VALLEYS (USA);ÇINARINKIZI;54 +1.20;A.MEHDİ ALTIN AP;MEHMET BİRDEN;V.ÖNDER;8;%1.12(13);27;1:30.84;44,40;
13;ZIMPARA KG K DB;3y d  e;BAY ŞERİF;ÇALI DALI;54;HA.GÖKÇE AP;SUNGUR SOYDAM;At Sahibi;5;%1.26(12);26;1:31.24;40,70;
14;LOST TREASURE DB SKG SK;3y d  e;INVINCIBLE SON (IRE);ETERNAL LOVE;55;İ.S.SÖĞÜT AP;AYTUĞ ATALAY;A.A.ZÜMBÜLLER;9;%0.97(15);;1:32.54;50,35;
15;TENDÜCAN KG K DB;3y d  e;EL CORREDOR (USA);TENDÜ;58;B.M.MIRIK;M.ERSİN ŞEREMETOĞLU;Ş.S.ÇEKE;15;%3.46(10);31;1:33.60;20,65;
16;KAANER KG K DB;3y d  e;BODEMEISTER (USA);TIZ A MASTERPIECE (USA);55 +2.00;ALP.OLUK AP;ŞEREF ERDİK;A.ÖZMÜŞ;20 - DS;%4.92(8);;1:34.14;11,55;
17;GRİGORO KG K;3y d  d;GRAYSTORM;RIO FACE;54 +0.20;O.KIZILDAŞ AP;UĞUR MORAL;A.ÖKSÜZLER;1;%0.26(17);;1:35.48;115,50;
18;THE SIGNATURE KG SK;3y d  e;AUTHORIZED (IRE);MATMAZEL ÇİKOLATA;62;MUH.OK AP;FATMA RANA ATAŞ ÇALIK;N.DÖNMEZ;19 - DS;%6.69(6);35;1:50.89;15,50;
19;BIG FATHER KAYRA (Koşmaz);3y d  e;TOCCET (USA);JİNET;56 +0.10;A.CEYLAN AP;ZEKİ ÇELİK;T.VATANSEVER;17;%1.76(20);30;Koşmaz;;
20;DRAGON STORM KG DB SK (Koşmaz);3y a  d;TRAPPE SHOT (USA);AVIL;56 +0.30;A.İNCİ;ENGİN ATEŞLER;M.BULUT;3;%0.7(20);;Koşmaz;;
[(17)EXPRESS WISH,(7)BROMANCE,] eküridir.GANYAN(8) :15,50 TL, 7'Lİ PLASE(3,5/2,8/9,16/2,5/1,6/5,12,14/8,20) :1.185,68 TL, 2. 6'LI GANYAN(2/16/5/6/5/8) :3.643.509,78 TL, 2. 5'Lİ GANYAN(16/5/6/5/8) :209.818,35 TL, 4'LÜ GANYAN(5/6/5/8) :23.098,31 TL, 2. 3'LÜ GANYAN(6/5/8) :10.346,70 TL, İKİLİ(8/20) :28,90 TL, SIRALI İKİLİ(8/20) :69,65 TL, PLASE(20) :2,90 TL, PLASE(8) :10,55 TL, PLASE İKİLİ(3/20) :13,50 TL, PLASE İKİLİ(3/8) :40,40 TL, PLASE İKİLİ(8/20) :29,80 TL, SIRALI 5 Lİ BAHİS(8/20/3/17/1) :126.866,81 TL, TABELA BAHİS(8/20/3/17) :14.601,51 TL Çıkan 1 Atla: 174,25 TL Çıkan 2 Atla: 24,56 TL, TABELA BAHİS SIRASIZ(8/20/3/17) :348,50 TL, 8. ÇİFTE(5/8) :269,40 TL

