Diyarbakır;(24. Yarış Günü);03/10/2026
1. Kosu :   21.00;ŞARTLI 3/DHÖ; 3 Yaşlı Araplar; 57.00kg; 1200m; Kum;;;;Rekor Derece :1.19.83
İkramiye;;;;;Yetiştirici Primi;;;;
1.)280.000 TL;2.)112.000 TL;3.)56.000 TL;4.)28.000 TL;5.)14.000 TL;1.)84.000 TL;2.)33.600 TL;3.)16.800 TL;4.)8.400 TL;5.)4.200 TL;
At No;At İsmi;Yaş;Orijin(Baba);Orijin(Anne);Kilo;Jokey Adı;Sahip Adı;Antrenör Adı;St;AGF;H;Derece;Ganyan;Fark
1;BİLDENBİR KG DB SK;3y a  e;BİLDENHAN;CANSUYUM;57 +0.80;İ.KATAR;İSMAİL KARAKEÇİLİ;S.KARAKEÇİLİ;8 - DS;%10.24(5);32;1:28.62;9,45;1 Boy
2;GÖNÜL KALESİ KG K;3y k  e;ŞİMŞEĞİNOĞLU;UÇAN UÇARLIM;59;F.YARDIMCI;HALİL SUNKAR;M.A.SUBAY;7;%17.49(2);35;1:28.78;4,60;11 Boy
3;NARLIGÖL;3y k  d;ANKA;GÜRÇAĞLAYAN;55 +1.20;N.ALTIN;ÖMER POLAT;İ.ATMACA;5;%16.28(3);36;1:30.70;4,65;4 Boy
4;URFA KAPLANI KG SK;3y a  e;BALALAYKA;BAHAR YAĞMURU;60;S.KAPLAN;İBRAHİM H. BEYAZŞAHİN;RES.KAYA;9 - DS;%23.75(1);33;1:31.40;2,25;6 Boy
5;ANEMOS KG K;3y a  e;TALİPHAN;HÜRREM SULTAN;57 +0.40;Y.CENGİZ;GÜLSÜM SUYUN;F.E.AKIL;2;%7.55(7);34;1:32.44;8,65;
6;AĞADİZDAR KG SK;3y k  e;TALİPHAN;ZELYURT GÜLÜ;59;A.AKDEMİR;KUTBETTİN SAÇAN;S.BECENE;4;%12.5(4);32;1:37.82;5,80;
7;SOSAN AĞA KG DB SK;3y k  e;FAZIL AĞA;SEYHANIM;55 +1.70;M.ŞAKİR AP;ROJBİN SOSAN;H.TEKİNALP;1;%1.28(9);;1:38.05;36,05;
8;FERİTBATUR KG K;3y k  e;FERİT BABA;KÜÇÜKEMİNE;60;M.IŞIK;FATMA KAN;E.AÇMAZ;3;%9.43(6);36;1:38.28;9,35;
9;ÇILGINKRAL KG SK;3y k  e;HALİÇ;ÇILGINMÜRDAS;55 +2.00;A.ÇANKAYA;KÜRŞAT ORUÇ;M.ASLAN;6;%1.48(8);;1:38.67;32,20;
GANYAN(6) :9,45 TL, İKİLİ(4/6) :15,40 TL, SIRALI İKİLİ(6/4) :44,85 TL

2. Kosu :  DİCLE ÜNİVERSİTESİ VETERİNER FAKÜLTESİ KOŞUSU 21.30;KV-7/DHÖW; 4 Yaşlı Araplar; 58.00kg; 1700m; Kum;;;;Rekor Derece :1.57.62
İkramiye;;;;;Yetiştirici Primi;;;;
1.)585.000 TL;2.)234.000 TL;3.)117.000 TL;4.)58.500 TL;5.)29.250 TL;1.)140.400 TL;2.)56.160 TL;3.)28.080 TL;4.)14.040 TL;5.)7.020 TL;
At No;At İsmi;Yaş;Orijin(Baba);Orijin(Anne);Kilo;Jokey Adı;Sahip Adı;Antrenör Adı;St;AGF;H;Derece;Ganyan;Fark
1;HIZLI İBRAHİM KG SK;4y k  a;FATİH AĞA;ERGÜL HANIM;61;İ.KATAR;SEDAT SUBAY;C.SUBAY;4;%9.42(2);71;2:05.15;6,95;2 Boy
2;AL BENZE KG SK;4y k k;FATİH AĞA;ADALETKAYA;56 +1.20;M.DOĞAN;BEYAZ CAMUZ;MAHMUT DOĞAN;12;%42.39(1);82;2:05.53;1,60;5 Boy
3;ÇAPUTHAN KG K;4y k  a;ŞİMŞEĞİNOĞLU;MİRAN HATUN;61;A.ÇANKAYA;EYYÜP SANCAR;H.ATAKAYA;14 - DS;%6.43(6);76;2:06.42;20,00;3,5 Boy
4;KOCA SABRİ KG DB SK;4y k  a;BABA MEVLÜT;TAMERİNKIZI;58 +0.20;Y.CENGİZ;MUSTAFA SUSEN;H.ATAKAYA;3;%7.15(5);65;2:07.01;10,80;4,5 Boy
5;OĞUZBEYİ DB SKG SK;4y a  a;ANKA;BETÜL;58;A.AKDEMİR;MESUT AKBAŞ;M.GÜNDÜZ;11;%3.86(7);61;2:07.75;21,15;
6;ŞAHKAYA DB SKG SK;4y d  a;YÜREKKAYA;DESTENAZ;60;N.ALTIN;AHMET BABACAN;M.BULUÇ;8;%8.34(4);61;2:08.22;11,75;
7;YARALI AKBAŞ KG DB SK;4y a k;SEMEND;ZEYNEBİM;56 +1.80;L.TAPTIK AP;MAHMUT AKBAŞ;MEHM.KAYA;1;%3.11(8);52;2:12.03;20,05;
8;TAYTUNGA K SKG;4y a  a;TAYKUT;EMİRHATUN;55 +0.30;S.KAPLAN;MEHMET KAYA;MEHM.KAYA;13 - DS;%2.96(9);46;2:13.19;22,70;
9;DEMİR ATLAS SK;4y d  a;BABA MEVLÜT;SOYLU GÜZEL;56 +1.00;A.H.BAYAR;ĞEMDİN ULUCAN;B.DEMİRKAPU;6;%1.33(13);53;2:14.15;32,95;
10;AKTAŞBEYLİ SKG SK;4y k  a;AKTAŞOĞLU;MY AFRODİTE;55 +2.00;Y.ÇELİKBAŞ;MEHMET AKTAŞ;O.GÖRMEZ;9;%2.33(10);52;2:14.45;21,10;
11;CİHAN BABA KG K DB;4y a  a;SERHANTAY;ALNURA;56 +0.30;Ç.CANPOLAT AP;CEVER KARAOĞLAN;H.TEKİNALP;7;%1.35(11);30;2:14.65;30,10;
12;YUSUF KAPTAN KG DB SK;4y a  a;ALTINCI HİS;KAFKASLIDEVRANI;58;F.YARDIMCI;MEHMET AKYILDIRIM;Y.BAYSAL;5;%8.96(3);69;2:17.57;6,15;
13;RECOHAT K DB;4y a  a;ANADOLU;TOŞURABLA;56 +2.00;M.IŞIK;CEVER KARAOĞLAN;H.TEKİNALP;10;%0.54(11);26;2:20.14;30,10;
14;OĞUL FATİH KG SK GKR;4y d  a;AYABAKAN;SULTAN ERVA;55 +1.70;M.ŞAKİR AP;İSMET UZUN;OS.DEMİR;2;%1.83(12);47;2:28.54;33,80;
[(8)CİHAN BABA,(14)RECOHAT,] eküridir.GANYAN(2) :6,95 TL, İKİLİ(2/7) :10,40 TL, SIRALI İKİLİ(2/7) :29,60 TL, PLASE(2) :3,20 TL, PLASE(7) :1,40 TL, PLASE İKİLİ(1/2) :21,80 TL, PLASE İKİLİ(1/7) :11,80 TL, PLASE İKİLİ(2/7) :7,90 TL, SIRALI 5 Lİ BAHİS(2/7/1/4/5) :9.265,87 TL, TABELA BAHİS(2/7/1/4) :1.253,10 TL, TABELA BAHİS SIRASIZ(2/7/1/4) :24,00 TL, 1. ÇİFTE(6/2) :85,25 TL

3. Kosu :   22.00;ŞARTLI 5/DHÖW; 4 ve Yukarı Araplar; 58.00kg; 59.00 kg; 1200m; Kum;;;;Rekor Derece :1.19.83
İkramiye;;;;;Yetiştirici Primi;;;;
1.)440.000 TL;2.)176.000 TL;3.)88.000 TL;4.)44.000 TL;5.)22.000 TL;1.)79.200 TL;2.)31.680 TL;3.)15.840 TL;4.)7.920 TL;5.)3.960 TL;
At No;At İsmi;Yaş;Orijin(Baba);Orijin(Anne);Kilo;Jokey Adı;Sahip Adı;Antrenör Adı;St;AGF;H;Derece;Ganyan;Fark
1;ARAPÇELİK KG DB;7y a  a;KAIZBERT (RU);YAMALI;56 +1.00;A.H.BAYAR;MEHMET NURULLAH KARAKEÇİLİ;M.A.SUBAY;8 - DS;%1.58(2);71;1:25.17;2,55;1,5  Boy
2;PRENSES DİLARA KG K;6y k k;BERKCAN;TOŞURKIZI;57 +0.30;A.AKDEMİR;FAİK AY;M.ASLAN;11 - DS;%13.02(4);76;1:25.40;6,15;1,5  Boy
3;ŞEŞENSULTANI KG K;7y k  a;ŞİMŞEĞİNOĞLU;ÖZBEKCEYLAN;62;İ.KATAR;EMRAH CANPOLAT;MEHM.KAYA;2;%5.51(6);81;1:25.71;10,70;8 Boy
4;PAYİDAR KAYA SK;6y d  a;KAYAYÜREKLİ;NAMOOS (GB);62;Y.CENGİZ;MEHMET EMİN DEMİRKAPU;B.DEMİRKAPU;5;%9.33(5);84;1:27.04;6,30;5 Boy
5;DERBEDER ALİ KG K;5y a  a;SERHANTAY;CANYELDA;61;F.YARDIMCI;İSMAİL GÜRLER;İ.ATMACA;7;%13.13(3);75;1:27.92;4,35;
6;SOYLU KARACA KG K DB;4y k  a;CİHANSER;SOĞUK ÇERMİK;55 +2.00;A.ÇANKAYA;MAHSUM EROL;H.TEKİNALP;6;%1.05(10);33;1:28.37;34,50;
7;ÇELİKOVİÇ DB SK;5y d  a;ŞAMİLBEY;SULH;55 +1.70;M.ŞAKİR AP;MAHMUT AKBAŞ;MEHM.KAYA;3;%2.93(8);46;1:28.41;13,65;
8;KARAŞİMŞEK KG SK;6y d  a;ŞİMŞEĞİM;SEVDA KIZI;55 +0.30;S.KAPLAN;ŞEYHMUS KARAKAN;H.ATAKAYA;1;%5.23(7);69;1:30.06;9,65;
9;YALNIZ BABA DB SK;5y a  a;SAKARBAŞI;KIMIZ;57 +1.00;L.TAPTIK AP;MEHMET NURULLAH KARAKEÇİLİ;M.A.SUBAY;10 - DS;%17.06(2);78;1:30.94;2,55;
10;HIZLI MEHMET KG DB SK;5y a  a;ÖZGÜNHAN;MİNORKA;59 +0.20;N.ALTIN;MEHMET DİRİK;E.AÇMAZ;4;%29.37(1);73;1:31.13;6,45;
11;FEHİMOĞLU KG K DB;4y k  a;DEMİRTURBO;ZÜLAL;58;M.IŞIK;OKTAY SEKİN;B.DEMİRKAPU;9 - DS;%1.79(9);44;Derecesiz;28,90;
[(8)ARAPÇELİK,(4)YALNIZ BABA,] eküridir.GANYAN(8) :2,55 TL, İKİLİ(7/8) :60,00 TL, SIRALI İKİLİ(8/7) :148,55 TL, ÜÇLÜ BAHİS(8/7/2) :5.185,30 TL, PLASE(7) :4,75 TL, PLASE(8) :12,85 TL, PLASE İKİLİ(2/7) :39,40 TL, PLASE İKİLİ(2/8) :74,30 TL, PLASE İKİLİ(7/8) :39,80 TL, 2. ÇİFTE(2/4,8) :49,05 TL

4. Kosu :   22.30;Handikap 16 /H3; 3 ve Yukarı İngilizler; kg; 1200m; Kum;;;;Rekor Derece :1.10.63
İkramiye;;;;;Yetiştirici Primi;;;;
1.)440.000 TL;2.)176.000 TL;3.)88.000 TL;4.)44.000 TL;5.)22.000 TL;1.)79.200 TL;2.)31.680 TL;3.)15.840 TL;4.)7.920 TL;5.)3.960 TL;
At No;At İsmi;Yaş;Orijin(Baba);Orijin(Anne);Kilo;Jokey Adı;Sahip Adı;Antrenör Adı;St;AGF;H;Derece;Ganyan;Fark
1;QUEEN OF VICTORY KG DB SK;3y d  d;MENDIP (USA);VEDRANA;58,5;İ.KATAR;EYYÜP ÇİZİK;V.ÇİZİK;9 - DS;%24.26(1);58;1:17.12;3,05;5 Boy
2;TORUNUM DEVRİM KG DB SK;3y d  e;GAZIBORA KHAN (GB);PICCIKATO;52 +2.00;S.KAPLAN;ALİ KARAKAN;H.ATAKAYA;6;%1.33(2);23;1:18.01;3,30;6 Boy
3;DESERT FEVER DB SKG SK;5y d  a;TIZWAY (USA);CUTIE GIRL (USA);60;A.AKDEMİR;ALİ KARAKAN;H.ATAKAYA;7;%19.07(2);56;1:19.02;3,30;1 Boy
4;SPEEDING BULLET SKG SK;4y d  a;APPROVE (IRE);LADY MAXIMA;59,5;L.TAPTIK AP;FIRAT TEKİNALP;H.TEKİNALP;3;%7.45(6);61;1:19.20;8,80;7 Boy
5;MY ARES KG K DB SK;3y d  e;APPROVE (IRE);SAND SPOUT;60,5;Y.CENGİZ;MEHMET TAHİR AKIL;MEHM.KAYA;5;%14.99(3);62;1:20.34;5,05;
6;BEYOND THE SEA DB SKG SK;6y d k;VICTORY GALLOP (CAN);DERYA SULTAN;56 +1.40;F.YARDIMCI;MAHSUM EROL;H.TEKİNALP;1;%11.68(4);48;1:20.41;5,35;
7;TRIPLE AZAREKS K DB ÖG;5y d  a;TRIPLE BONUS;EL SALLA;60;N.ALTIN;CAN ÇAĞRI;V.ÇİZİK;2;%5.96(7);56;1:22.19;13,15;
8;SUPERLINE KG DB SK;5y d  a;SUPER SAVER (USA);PENTOLINE;60;Y.ÇELİKBAŞ;HİKMET ÇELİK;S.KARAKEÇİLİ;4;%5.23(8);56;1:28.55;12,20;
9;ARTAX KG K DB;4y d  a;MASTER PATRICK (IRE);DONG SOCIETY;63;M.ÜNLÜ;SALİH YILDIZER;OS.DEMİR;8 - DS;%10.03(5);62;1:39.05;6,65;
[(9)TORUNUM DEVRİM,(7)DESERT FEVER,] eküridir.GANYAN(4) :3,05 TL, İKİLİ(4/9) :44,00 TL, SIRALI İKİLİ(4/9) :72,05 TL, ÜÇLÜ BAHİS(4/9/7) :803,00 TL, PLASE(4) :2,10 TL, PLASE(9) :5,05 TL, 3. ÇİFTE(4,8/4) :19,20 TL

5. Kosu :   23.00;ŞARTLI 3/Dişi; 3 ve Yukarı İngilizler; 57.00kg; 60.00 kg; 60.00 kg; 1700m; Kum;;;;Rekor Derece :1.45.39
İkramiye;;;;;Yetiştirici Primi;;;;
1.)280.000 TL;2.)112.000 TL;3.)56.000 TL;4.)28.000 TL;5.)14.000 TL;1.)50.400 TL;2.)20.160 TL;3.)10.080 TL;4.)5.040 TL;5.)2.520 TL;
At No;At İsmi;Yaş;Orijin(Baba);Orijin(Anne);Kilo;Jokey Adı;Sahip Adı;Antrenör Adı;St;AGF;H;Derece;Ganyan;Fark
1;PROMISE ME DELIGHT K DB;4y d k;BODEMEISTER (USA);SHINING GOLD;56 +2.00;L.TAPTIK AP;HALİL YAPRAK;E.AÇMAZ;9;%2.81(7);26;1:56.78;16,95;5 Boy
2;GOLDEN SOUL DB SKG SK;4y d k;MYBOYCHARLIE (IRE);GREEN ALLEY;60;Y.CENGİZ;ĞEMDİN ULUCAN;B.DEMİRKAPU;10 - DS;%17.9(2);36;1:57.58;3,70;1 Boy
3;TORNADO MAIDEN SKG SK;5y d k;RUN AWAY AND HIDE (USA);AMBERİM;63;A.H.BAYAR;HALUK ERON;MEHM.KAYA;5;%7.65(4);75;1:57.72;7,55;Boyun
4;DREAM CHASER DB SKG SK ÖG;3y d  d;BODEMEISTER (USA);LOVE SPICE (GB);60;İ.KATAR;MESUT SAYAR;S.KARAKEÇİLİ;11 - DS;%11.13(3);35;1:57.77;9,05;6,5 Boy
5;KIZIM ELAY KG SK;4y a k;SUPER SAVER (USA);CITADEL;60;F.YARDIMCI;EMRE YAVUZ;İ.ATMACA;2;%40.75(1);73;1:58.82;1,90;
6;HIGH SYMPHONY KG SK;4y d k;AVERY ISLAND (USA);SWORD DANCING;57;S.KAPLAN;ALİ KARAOĞLAN;MEHM.KAYA;7;%2.15(10);38;2:00.29;20,20;
7;İSMERİA KG K;3y d  d;KANEKO;SKYFRONT;55 +2.00;A.ÇANKAYA;BAHRİ ÇİZİK;A.AKBABA;8;%2.41(9);22;2:03.58;16,00;
8;BETULLA DB SKG SK;4y d k;BIRCHWOOD (IRE);SOAPY DELIGHT (GB);57 +0.50;M.DOĞAN;SELAMİ NURAL;ES.YILDIRIM;6;%2.02(11);48;2:04.24;26,00;
9;MANOYELA KG K DB;3y d  d;TIZWAY (USA);FAIRY FAST;57 +0.20;N.ALTIN;NÜSRET CANPOLAT;MEHM.KAYA;1;%5.77(5);33;2:07.76;13,05;
10;ÜNLÜ EKİN KG DB SK;3y d  d;ÜNLÜOĞLU;CAN TITANIC;57 +1.00;M.IŞIK;NADİRE ÜNLÜ;RES.KAYA;4;%2.69(8);36;2:07.99;18,90;
11;SÜPER ELOŞ K DB SKG;3y a  d;SUPER SAVER (USA);YOLARKADAŞIM;55 +1.50;M.ŞAKİR AP;SEYDİ AKYILDIRIM;Y.BAYSAL;3;%4.72(6);50;2:17.37;17,65;
GANYAN(6) :16,95 TL, İKİLİ(6/9) :37,55 TL, SIRALI İKİLİ(6/9) :173,35 TL, ÜÇLÜ BAHİS(6/9/1) :1.719,50 TL, PLASE(6) :14,55 TL, PLASE(9) :4,85 TL, PLASE İKİLİ(1/6) :51,50 TL, PLASE İKİLİ(1/9) :20,40 TL, PLASE İKİLİ(6/9) :8,30 TL, 4. ÇİFTE(4/6) :149,35 TL

6. Kosu :   23.30;ŞARTLI 19; 2 Yaşlı İngilizler; 57.00kg; 1200m; Kum;;;;Rekor Derece :1.10.63
İkramiye;;;;;Yetiştirici Primi;;;;
1.)395.000 TL;2.)158.000 TL;3.)79.000 TL;4.)39.500 TL;5.)19.750 TL;1.)118.500 TL;2.)47.400 TL;3.)23.700 TL;4.)11.850 TL;5.)5.925 TL;
At No;At İsmi;Yaş;Orijin(Baba);Orijin(Anne);Kilo;Jokey Adı;Sahip Adı;Antrenör Adı;St;AGF;H;Derece;Ganyan;Fark
1;BY SİNANLI KG SK;2y d  e;AUTHORIZED (IRE);TOPDRAFT;55;S.KAPLAN;MAHMUT SİNANLI;M.BULUÇ;11;%6.25(7);12;1:19.85;11,85;18 Boy
2;ASİLBOY SKG SK;2y d  e;PRESSING (IRE);LUKİ SARE;56 +1.50;Y.CENGİZ;BAKİ BAKIR BOYRAZ;OS.DEMİR;6;%19.31(2);23;1:22.88;2,80;4 Boy
3;AZİZOĞLUM KG K DB;2y d  e;LION KING;JILLIAN;56 +2.00;M.IŞIK;MURAT AZİZOĞLU;H.TEKİNALP;7;%5.7(3);14;1:23.58;4,90;1,5  Boy
4;LORD OF THE SEA KG K DB;2y d  e;AGRESIVO (USA);KOCAMAN ANNE;55 +1.60;M.ŞAKİR AP;HALAF ASLAN;OS.DEMİR;1;%8.68(5);11;1:23.78;10,15;1,5  Boy
5;ADDRESS HILL ONE SKG SK;2y a  e;RUN AWAY AND HIDE (USA);BİNBİR GECE;55 +2.00;F.YARDIMCI;MEHMET ÖZKAN;MEH.ÖZKAN;5;%27.69(1);;1:24.00;3,45;
6;ÇİKOK FIRTINASI KG SK;2y a  d;AMERİKALI;ÇİKOK ŞÖVGEN;55 +1.20;N.ALTIN;EROL ÇOKLAR;H.ATAKAYA;12 - DS;%7.46(6);22;1:24.11;9,85;
7;GARGARON KG K;2y d  e;APPROVE (IRE);ASSOS BEAUTY;56 +2.00;L.TAPTIK AP;ERHAN AK;MEHM.KAYA;8;%3.07(8);;1:24.49;18,10;
8;SİRBARİ KG DB SK;2y k  e;FINESSE;ROYAL CLASSIC;55 +1.60;A.AKDEMİR;ÖMER KARAÇİZMELİ;OS.DEMİR;9;%10.8(4);12;1:25.70;5,60;
9;KING SMART KG SK;2y d  e;SMART ROBIN (JPN);TOP WINNER;55 +2.00;A.H.BAYAR;EYYÜP AYDINLIKTA;H.TEKİNALP;3;%2.2(9);;1:25.97;26,80;
10;OTTO MOYE K DB;2y d  d;LION KING;OKO MOYE;55 +2.00;Y.ÇELİKBAŞ;MURAT AZİZOĞLU;H.TEKİNALP;4;%6.07(3);14;1:26.32;4,90;
11;LION DUBAI KG K;2y d  e;HASAFET;SEDA KIZIM;53 +2.00;Ç.CANPOLAT AP;ADEM AKTAŞ;MEHM.KAYA;2;%1.41(10);6;1:27.60;33,00;
12;CALIMERO DB SKG SK;2y d  e;LION KING;ATAY HATUN;57 +1.00;İ.KATAR;MURAT AZİZOĞLU;E.AÇMAZ;10;%1.37(3);;1:28.22;4,90;
[(2)AZİZOĞLUM,(10)OTTO MOYE,(12)CALIMERO,] eküridir.GANYAN(3) :11,85 TL, 6'LI GANYAN(6/2/4,8/4/6/3) :554.747,05 TL, 5'Lİ GANYAN(2/4,8/4/6/3) :103.277,32 TL, 4'LÜ GANYAN(4,8/4/6/3) :7.433,03 TL, 3'LÜ GANYAN(4/6/3) :2.167,30 TL, İKİLİ(1/3) :23,30 TL, SIRALI İKİLİ(3/1) :63,25 TL, ÜÇLÜ BAHİS(3/1/2) :1.584,60 TL, PLASE(1) :2,35 TL, PLASE(3) :2,05 TL, PLASE İKİLİ(1/2) :24,30 TL, PLASE İKİLİ(1/3) :15,80 TL, PLASE İKİLİ(2/3) :38,30 TL, SIRALI 5 Lİ BAHİS(3/1/2/7/11) :32.047,25 TL, 5. ÇİFTE(6/3) :209,30 TL

