Kocaeli;(38. Yarış Günü);01/10/2026
1. Kosu :   11.30;Maiden/DHÖW; 3 Yaşlı Araplar; 57.00kg; 1500m; Kum;;;;Rekor Derece :1.41.10
İkramiye;;;;;Yetiştirici Primi;;;;
1.)545.000 TL;2.)218.000 TL;3.)109.000 TL;4.)54.500 TL;5.)27.250 TL;1.)163.500 TL;2.)65.400 TL;3.)32.700 TL;4.)16.350 TL;5.)8.175 TL;
At No;At İsmi;Yaş;Orijin(Baba);Orijin(Anne);Kilo;Jokey Adı;Sahip Adı;Antrenör Adı;St;AGF;H;Derece;Ganyan;Fark
1;KADERİ GÜZEL KG DB;3y k  e;SONALP;SÜBEYHİKIZI;57;B.AKÇAY;CEMİLE YILDIZ;T.AVCI;7;%10.28(3);;1:46.55;7,80;Boyun
2;GOZEYOĞLU KG DB GKR;3y a  e;AFRİKAANDER;HELİNCAN;57 +0.60;O.GÖKÇE;RAMAZAN BAĞ;R.KILIÇ;10;%3.58(8);17;1:46.58;12,50;5,5 Boy
3;SERT KOŞU SK;3y a  e;TAYKUT;NEAMENİNKIZI;54 +0.20;E.KADİRLER AP;SONGÜL ŞİMŞEK;N.KAYA;1;%4.19(7);23;1:47.56;14,30;1,5  Boy
4;ASMALI KG;3y k  e;CANBERKTAY;SIRILSIKLAM;57;G.ÖZÇELİK;ZELİHA FIRAT;T.KURT;4;%9.95(4);24;1:47.84;7,15;Yarım Boy
5;TÜMERK SK;3y k  e;KURTÇABEY;ZEUGMA;57 +1.30;MAHS.TURAN;CELAL AKIL;K.TURAN;3;%24.38(2);31;1:47.93;2,50;
6;FERATUN KG K;3y a  d;TALİPHAN;ZÜLUMKAR;55 +1.40;F.ÇETİNBAŞ;MEHMET DOĞAN;M.A.CANPOLATLI;11;%6.75(6);22;1:47.98;10,05;
7;MADAM DAISY KG SK;3y a  d;FİRİKYA;BEJANOVA;58;M.A.AKGÖBEK;MEHMET AKGÖBEK;Y.C. KARATOPRAK;9;%28.49(1);36;1:49.25;2,75;
8;HAMZA KIZI KG SK;3y a  d;AFRİKAANDER;NESİBE KIZ;55 +2.00;M.KAYA;SUNA ALTINYAPRAK;ENG.ALTIN;2;%9.03(5);29;1:49.49;9,90;
9;ASRAL KG DB;3y a  e;KAYAYÜREKLİ;NAZİREHANIM;57 +0.40;İ.KATI;ADNAN BALKAYA;Ş.Ş.DEMİR;8;%1.94(9);28;1:49.91;24,65;
10;PAMİR ASLANI KG SK GKR;3y k  e;ŞÜKRÜ;YEDİTEPE;53 +0.40;HA.GÖKÇE AP;METİN DEMİR;Ş.Ş.DEMİR;6;%1.06(10);10;1:54.28;55,40;
11;ARKAZGÜLÜ KG K (Koşmaz);3y a  d;ÖZGÜNHAN;HUNATHATUN;55;U.LEVENT AP;BEŞİR KAYA;RAM. KAYA;5;%0.36(11);23;Koşmaz;;
GANYAN(4) :7,80 TL, İKİLİ(3/4) :107,45 TL, SIRALI İKİLİ(4/3) :120,80 TL

2. Kosu :   12.00;Handikap 15 /H2; 3 Yaşlı İngilizler; kg; 2000m; Kum;;;;Rekor Derece :2.07.41
İkramiye;;;;;Yetiştirici Primi;;;;
1.)490.000 TL;2.)196.000 TL;3.)98.000 TL;4.)49.000 TL;5.)24.500 TL;1.)88.200 TL;2.)35.280 TL;3.)17.640 TL;4.)8.820 TL;5.)4.410 TL;
At No;At İsmi;Yaş;Orijin(Baba);Orijin(Anne);Kilo;Jokey Adı;Sahip Adı;Antrenör Adı;St;AGF;H;Derece;Ganyan;Fark
1;STEEL STRONG KG K;3y d  e;KING DAVID (USA);BERTINORO;57,5;A.YILDIZ;TURAN ÇELİK;N.BAKIR;4;%16.47(2);48;2:09.89;3,85;9 Boy
2;PATRONA HOLİ DB;3y d  g;TILSIT (USA);ŞEKER YILDIZI;58 +0.30;M.KAYA;SELİM KAYA;V.KARAKUŞ;3;%13.27(4);49;2:11.76;6,75;2,5 Boy
3;FEMALE WARRIOR DB SK;3y a  d;AGRESIVO (USA);COUNTER STRIKE;57,5;G.ÖZÇELİK;DOĞAN IRMAK;S.SÜSLÜ;5;%10.13(5);48;2:12.12;9,50;Baş
4;VENUS DOOM KG SK;3y a  e;TRAPPE SHOT (USA);GLASS PATH (USA);60;M.M.BİLGİN;AHMET VOLKAN SÜNTER;E.USLU;9;%21.98(1);53;2:12.15;3,10;2,5 Boy
5;DRAGON BREATH KG SK;3y d  e;MENDIP (USA);STARLIGHT CIRCUS (IRE);52,5 +2.00;MAH.TURAN;FATİH HAYIRLIOĞLU;GÜV.GÖKÇE;7;%6.82(7);38;2:12.50;10,55;
6;DORUKLAR BEYİ KG K DB SK;3y d  e;FLY BY ME;LUÇİKA;58,5;K.GÖKÇE AP;İSA ÖZKAN;T.ATEŞ;2;%8.05(6);54;2:12.56;10,90;
7;AFTER BURNER KG K DB;3y d  e;VICTOIRE PISA (JPN);ZAMİRA;58;E.AKPINAR AP;MURAT AKÇA;K.KAYALIK;8;%5.3(8);55;2:13.21;21,80;
8;PANCHO SK ÖG;3y d  e;KANEKO;SALAMIS;54,5;E.KADİRLER AP;GÜLİZAR YANIK;H.SUNKAR;1;%2.54(9);46;2:16.34;7,70;
9;ŞAMAR DB SK;3y d  e;GOOD CURRY;BÜYÜKANNE;60;BERK.GÖKÇE AP;İSMAİL HADİOĞLU;O.ALTUNTAŞ;6;%15.44(3);57;2:27.16;4,20;
GANYAN(7) :3,85 TL, İKİLİ(5/7) :14,45 TL, SIRALI İKİLİ(7/5) :30,85 TL, ÜÇLÜ BAHİS(7/5/6) :302,20 TL, PLASE(5) :2,50 TL, PLASE(7) :2,10 TL, 1. ÇİFTE(4/7) :54,95 TL

3. Kosu :   12.30;Maiden/DHÖW; 3 Yaşlı Araplar; 57.00kg; 1500m; Kum;;;;Rekor Derece :1.41.10
İkramiye;;;;;Yetiştirici Primi;;;;
1.)545.000 TL;2.)218.000 TL;3.)109.000 TL;4.)54.500 TL;5.)27.250 TL;1.)163.500 TL;2.)65.400 TL;3.)32.700 TL;4.)16.350 TL;5.)8.175 TL;
At No;At İsmi;Yaş;Orijin(Baba);Orijin(Anne);Kilo;Jokey Adı;Sahip Adı;Antrenör Adı;St;AGF;H;Derece;Ganyan;Fark
1;PATARA KG DB SK;3y a  d;TURBO;MEVSİM;57;S.TIRPAN;FATMA GÜL ALTIN;M.ÖZGÜL;10;%13.57(3);33;1:45.34;7,10;3,5 Boy
2;KAYALARIN ASLANI K;3y a  e;TOROS ASLANI;KAFKAS MEŞALESİ;57;A.YILDIZ;HAYRİ ÖZGÜR YILMAZ;BET.YILDIRIM;8;%5.44(6);20;1:45.94;15,00;Yarım Boy
3;ÇAĞIM KG SK;3y a  e;UÇANOĞLU;GÖZ DAMLASI;54 +0.10;E.KADİRLER AP;İBRAHİM HALİL KARATAŞ;A.MANTAŞ;11;%3.88(7);28;1:46.07;14,00;1,5  Boy
4;AZİMŞİR KG DB SK;3y a  e;CİHANEFE;NEVSAL;57;F.ÇETİNBAŞ;ASIM FİKRİ ADVAN;M.A.CANPOLATLI;1;%25.97(1);;1:46.33;2,00;Yarım Boy
5;GÜNEŞMİLA KG K;3y a  d;BERKSOY;ALKİRAZ;60;M.KAYA;BEŞİR KAYA;RAM. KAYA;5;%10.81(5);36;1:46.45;6,05;
6;ILGARCAN KG K;3y d  e;DİLİRAN;DEVAM;54 +0.30;R.KETME AP;SELİLE ELĞAÇ;GAL.KILIÇ;2;%2.29(8);27;1:46.62;32,50;
7;DOĞANGİR KG DB SK;3y d  d;SONALP;ERDEMLİ;55 +1.50;M.M.BİLGİN;BİLAL AVCI;O.BOZYEL;4;%10.99(4);23;1:47.24;6,75;
8;SERTESEN KG;3y k  e;BABA MEVLÜT;PEYKERKIZ;61;U.LEVENT AP;FEYAT ALTIN;At Sahibi;6;%24.35(2);37;1:48.62;3,60;
9;NİZİPLİ OZAN KG SKG SK;3y a  e;GÜNCANHAN;ATLETİK;53;D.BUDAK AP;HÜSEYİN ÖZSÖNMEZ;EM.KESKİN;3;%0.37(10);;1:52.17;121,85;
10;AKREP YÜREK KG SK GKR;3y k  e;KAFKAS ŞAHI;ONGAR;57 +0.60;O.GÖKÇE;İSKENDER DEMİRCİ;H.DEMİRBAŞ;9;%2(9);16;1:55.99;38,45;
11;KADİFE KIZ DB SKG SK (Koşmaz);3y k  d;BABA MEVLÜT;ITRİ;52;Y.GÖKÇE AP;KAYA KAYA;Ş.Ş.DEMİR;7;%0.33(11);10;Koşmaz;;
GANYAN(9) :7,10 TL, İKİLİ(6/9) :43,30 TL, SIRALI İKİLİ(9/6) :80,85 TL, ÜÇLÜ BAHİS(9/6/4) :731,80 TL Çıkan 1 Atla: 86,60 TL, PLASE(6) :12,60 TL, PLASE(9) :5,85 TL, PLASE İKİLİ(4/6) :44,00 TL, PLASE İKİLİ(4/9) :21,80 TL, PLASE İKİLİ(6/9) :18,40 TL, 2. ÇİFTE(7/9) :44,25 TL

4. Kosu :   13.00;Handikap 14/DHÖ/Dişi /H2; 3 Yaşlı Araplar; kg; 1400m; Kum;;;;Rekor Derece :1.33.64
İkramiye;;;;;Yetiştirici Primi;;;;
1.)400.000 TL;2.)160.000 TL;3.)80.000 TL;4.)40.000 TL;5.)20.000 TL;1.)120.000 TL;2.)48.000 TL;3.)24.000 TL;4.)12.000 TL;5.)6.000 TL;
At No;At İsmi;Yaş;Orijin(Baba);Orijin(Anne);Kilo;Jokey Adı;Sahip Adı;Antrenör Adı;St;AGF;H;Derece;Ganyan;Fark
1;KIZIL ARYA KG DB SK;3y k  d;AYABAKAN;ESENNUR;52,5 +1.90;A.YILDIZ;AYFER ŞİMŞEK;B.ŞANDAN;10;%6.17(8);37;1:36.96;12,70;1 Boy
2;GÜZEL ZEHRA K DB;3y k  d;OĞUZBOYLU;AYŞEANA;55,5;C.ALTUN;ALİ KAYA;HÜS.KAYA;8;%11.85(4);43;1:37.09;6,20;1,5  Boy
3;PRENSES BERRİN KG SK;3y k  d;KARAÜZÜM;ATEŞBÜKEN;53,5 +2.00;B.AKÇAY;MEHMET SALİH APAYDIN;E.TURAN;9;%7.66(6);39;1:37.35;10,20;Yarım Boy
4;HAYDİ SEVDA KG K;3y a  d;KAYAYÜREKLİ;ALTIN SEVDA;58;G.ÖZÇELİK;HAYRİ YILDIRIM;HAY.YILDIRIM;4;%24.52(1);48;1:37.40;2,10;4,5 Boy
5;ABANOZ;3y a  d;KAFKAS ŞAHI;ŞİFAYAP;53,5 +1.70;C.PASO;D.DENİZ KANAR;S.BAYDAN;2;%15.91(2);39;1:38.15;6,30;
6;KARA ALEV KG SK;3y k  d;ÖZGÜNHAN;RAZİYE;52,5 +1.20;E.KADİRLER AP;BEŞİR KAYA;RAM. KAYA;7;%6.19(7);37;1:38.46;12,75;
7;DERTSAÇANKIZ KG K;3y k  d;BİLDENHAN;GÜÇSALANKIZ;56,5;MAH.TURAN;HÜSEYİN ÇELİK;At Sahibi;3;%13.96(3);45;1:38.96;4,55;
8;KIZIM ERVA KG K;3y a  d;ARASLI;ELASAY;52,5 +2.00;M.A.AKGÖBEK;İRFAN TÜRKMAN;SEN.ŞEN;1;%2.04(9);35;1:40.44;47,65;
9;ESRİN HATUN SKG SK;3y a  d;ALTINCI HİS;SARIKIZ;53,5 +1.70;U.LEVENT AP;EKREM BİRDEN;Ş.Ş.DEMİR;11 - DS;%1.32(10);39;1:41.14;63,55;
10;YAYLA ÇİÇEĞİ SK;3y a  d;ÖZGÜNHAN;SEPYA;53 +2.00;BERK.GÖKÇE AP;İSHAK ŞAHİN;H.SUNKAR;6;%9.72(5);38;1:41.62;9,25;
11;NESLİHAN HATUN;3y k  d;ARASLI;GÜLNURKIZ;52 +1.80;Z.KARABULUT AP;BORA YILDIZ;T.AVCI;5;%0.66(11);11;1:45.24;39,20;
GANYAN(9) :12,70 TL, İKİLİ(3/9) :51,35 TL, SIRALI İKİLİ(9/3) :121,50 TL, ÜÇLÜ BAHİS(9/3/6) :2.851,70 TL, PLASE(3) :2,20 TL, PLASE(9) :6,40 TL, PLASE İKİLİ(3/6) :23,40 TL, PLASE İKİLİ(3/9) :23,80 TL, PLASE İKİLİ(6/9) :20,30 TL, 3. ÇİFTE(9/9) :109,40 TL

5. Kosu :   13.30;ŞARTLI 3/Dişi; 3 ve Yukarı İngilizler; 56.50kg; 60.00 kg; 60.00 kg; 1800m; Kum;;;;Rekor Derece :1.53.68
İkramiye;;;;;Yetiştirici Primi;;;;
1.)400.000 TL;2.)160.000 TL;3.)80.000 TL;4.)40.000 TL;5.)20.000 TL;1.)72.000 TL;2.)28.800 TL;3.)14.400 TL;4.)7.200 TL;5.)3.600 TL;
At No;At İsmi;Yaş;Orijin(Baba);Orijin(Anne);Kilo;Jokey Adı;Sahip Adı;Antrenör Adı;St;AGF;H;Derece;Ganyan;Fark
1;JIMDEMA K;4y d k;MENDIP (USA);LADY CHARA;57 +0.30;K.GÖKÇE AP;DEMİRHAN YILMAZ;S.BEKTAŞ;6;%12.54(3)  %11.69(3);73;1:56.64;25,10;2 Boy
2;I RO K;6y d k;MARCAVELLY (USA);SABBATH (USA);60;B.AKÇAY;ABDURRAHİM KIRAMANLIOĞLU;E.USLU;9 - DS;%10.89(5)  %11.18(4);73;1:56.93;28,55;1,5  Boy
3;İCRA DB SK;4y d k;MYBOYCHARLIE (IRE);DESDEMONA;60;S.ÖZEN;VEYSEL KAHRAMAN;G.TAŞDELEN;8 - DS;%4.17(6)  %4.23(6);57;1:57.15;67,10;1,5  Boy
4;STASERA K DB;5y d k;CATAPULT (USA);SUBIRA (GER);59;Z.KARABULUT AP;YAMAN KİBAR;A.AVCI;2;%13.15(2)  %13.57(2);77;1:57.39;1,20;2,5 Boy
5;OX STRIKE DB SK;4y d k;TIZWAY (USA);OX PLACE (USA);54 +0.20;Y.E.YÜKSEL AP;AYŞEGÜL KURTEL;T.N.YILDIZ;1;%1.85(9)  %2.22(8);62;1:57.78;76,90;
6;İŞİN ASLI K DB;10y d k;AGRESIVO (USA);DONT MAKE ME CRY;60;T.ALICI;İDRİS KOÇ;R.A.TEKELİ;5;%2.02(8)  %1.99(9);43;1:58.00;83,25;
7;QUIET RIVER DB SKG SK;5y d k;BLUEGRASS CAT (USA);BUTTERFLY DREAMS;57;İ.KATI;REŞAT KAPLAN;Ş.Ş.DEMİR;4;%1.44(10)  %1.47(10);66;1:59.12;99,50;
8;MISS ECDAD KG DB SK;5y d k;AVERY ISLAND (USA);LADY OF CHARM;56 +0.40;E.AKPINAR AP;ECEM ERDEM;SER.GÖKÇE;7;%12.49(4)  %9.87(5);76;1:59.71;17,00;
9;SECRET MIRROR KG SK;4y d k;BODEMEISTER (USA);SENOŞ;60;BERK.GÖKÇE AP;OKTAY OHCAK;S.DİNÇER;10 - DS;%37.39(1)  %39.46(1);89;2:00.05;3,40;
10;ELEGİE SKG SK BB;6y d k;PAPA CLEM (USA);QUEEN OF KHALKEDON;53 +2.00;U.LEVENT AP;YAMAN GİDER;M.F.ATCI;3;%3.7(7)  %3.6(7);62;2:00.47;7,40;
11;QUEEN OF HAPPINESS DB SKG SK;5y d k;KANEKO;BARETTO;53 +0.50;HA.GÖKÇE AP;İLHAN SÖNMEZ;R.AKDUMAN;11 - DS;%0.36(11)  %0.72(11);45;2:01.58;179,00;
GANYAN(5) :25,10 TL, İKİLİ(5/8) :20,55 TL, SIRALI İKİLİ(5/8) :51,55 TL, 4. ÇİFTE(9/5) :86,60 TL

6. Kosu :  A.İHSAN KAYA KOŞUSU 14.15;KV-7/Dişi; 2 Yaşlı İngilizler; 57.00kg; 1500m; Kum;;;;Rekor Derece :1.31.23
İkramiye;;;;;Yetiştirici Primi;;;;
1.)835.000 TL;2.)334.000 TL;3.)167.000 TL;4.)83.500 TL;5.)41.750 TL;1.)250.500 TL;2.)100.200 TL;3.)50.100 TL;4.)25.050 TL;5.)12.525 TL;
At No;At İsmi;Yaş;Orijin(Baba);Orijin(Anne);Kilo;Jokey Adı;Sahip Adı;Antrenör Adı;St;AGF;H;Derece;Ganyan;Fark
1;O BİR VAHŞİ K;2y d  d;SHARPA;ULDUZ;57;M.KAYA;SEYDİ AKYILDIRIM;E.ÇETİNKURT;6;%38.16(1)  %39.09(1);56;1:33.97;1,95;4,5 Boy
2;MY DREAM SERAP SK SGKR;2y d  d;TU BRUTUS (CHI);FREE BIRD;57;S.ÖZEN;M.EŞREF GÜVEN;S.YANMAZ;5;%32.62(2)  %31.23(2);56;1:34.67;2,15;1,5  Boy
3;TODAY IS A GIFT DB SK;2y d  d;KULOĞLU;MY YARİS;54 +1.60;C.ALTUN;MEHMET BAKIR;A.MANTAŞ;2;%1.85(4)  %2.9(4);38;1:34.87;12,25;3,5 Boy
4;ONLY GIRL  KG DB SK;2y d  d;COOGER;ZVEJDAM;57;A.YILDIZ;RECAİ YAVUZ;E.AVCI;1;%23.58(3)  %26(3);60;1:35.39;2,85;40 Boy
5;KIZIM ŞAHSENEM DB SKG SK ÖG;2y d  d;ULAN BATOR;SON LİRA;53 +0.60;D.BUDAK AP;SUAT YILMAZ;EM.KESKİN;4;%0.53(5)  %0.59(5);;1:43.86;30,70;
6;CORAL REEFS SK (Koşmaz);2y d  d;EPAULETTE (AUS);SUPERSTAR LADY;55;G.ÖZÇELİK;KORAL KALPAKLIOĞLU;T.İMAL;3;%3.27(6)  %0.19(6);40;Koşmaz;;
GANYAN(2) :1,95 TL, 1. 6'LI GANYAN(4/7/9/9/5/2,4) :134.037,37 TL, 1. 5'Lİ GANYAN(7/9/9/5/2,4) :11.743,57 TL, 1. 4'LÜ GANYAN(9/9/5/2,4) :2.319,27 TL, 1. 3'LÜ GANYAN(9/5/2,4) :311,00 TL, SIRALI İKİLİ(2/1) :4,35 TL, 5. ÇİFTE(5/2) :16,10 TL

7. Kosu :   14.45;KV-8/DHÖW; 4 ve Yukarı Araplar; 58.00kg; 60.00 kg; 1900m; Kum;;;;Rekor Derece :2.13.55
İkramiye;;;;;Yetiştirici Primi;;;;
1.)975.000 TL;2.)390.000 TL;3.)195.000 TL;4.)97.500 TL;5.)48.750 TL;1.)234.000 TL;2.)93.600 TL;3.)46.800 TL;4.)23.400 TL;5.)11.700 TL;
At No;At İsmi;Yaş;Orijin(Baba);Orijin(Anne);Kilo;Jokey Adı;Sahip Adı;Antrenör Adı;St;AGF;H;Derece;Ganyan;Fark
1;ASLAN HATİP K;4y k  a;FATİH AĞA;SENA HATUN;62;M.KAYA;NEŞET AKYAVUZ;E.ÇETİNKURT;6;%15.38(3);99;2:13.72;4,95;Boyun
2;KAYAFATİH KG DB SK GKR;6y a  a;KAYAYÜREKLİ;DESTENAZ;61;S.KAYA;AHMET KAYA;HÜS.KAYA;7;%18.66(2);101;2:13.75;4,05;1 Boy
3;BOZARSLAN KG SK;7y a  a;ÖZGÜNHAN;BUDİNKIZI;60;M.M.BİLGİN;GÖKHAN ALVEROĞLU;Y.DEMİRKIRAN;4;%25.17(1);104;2:13.90;1,85;6 Boy
4;TAŞAN DB ÖG;9y d  a;TÜMÖZ BEY;KAMURAN;61;A.YILDIZ;ŞEYDA ERCAN;M.ANAT;3;%11.21(5);104;2:14.85;7,40;Burun
5;TORUNCALAS KG K DB;6y a k;SERHANTAY;CANÖZÜM;58;M.A.AKGÖBEK;VEHBİ ATEŞ;M.A.CANPOLATLI;9 - DS;%11.83(4);99;2:14.86;8,70;
6;NUSRET OĞLU KG K SK;4y k  a;DİLİRAN;ZÜLUMKAR;58;F.ÇETİNBAŞ;MEHMET DOĞAN;M.A.CANPOLATLI;8;%6.88(6);95;2:14.90;9,85;
7;CANMETE KG DB;8y k  a;TAMERİNOĞLU;NENEHATUN;60;G.ÖZÇELİK;BEDRİ AKBULUT;B.AKBULUT;5;%6.31(7);104;2:16.06;13,35;
8;BAY YAKUT KG SK;5y a  a;SERHANTAY;BAYANANNE;60;HA.GÖKÇE AP;SİNAN SADIK BİÇER;Ş.Ş.DEMİR;1;%1.34(8);63;Derecesiz;62,25;
9;SÜPER SONİK KG SK (Koşmaz);4y a  a;GÜMBÜRGÜMBÜR;KOŞKIZ;58;M.ÇİÇEK;METİN KORUCU;C.TURAN;2;%3.21(9);91;Koşmaz;;
GANYAN(1) :4,95 TL, İKİLİ(1/2) :6,60 TL, SIRALI İKİLİ(1/2) :18,20 TL, ÜÇLÜ BAHİS(1/2/5) :125,20 TL Çıkan 1 Atla: 13,20 TL, PLASE(1) :2,25 TL, PLASE(2) :3,95 TL, 6. ÇİFTE(2/1) :11,70 TL

8. Kosu :   15.15;Maiden/DHÖW; 3 Yaşlı Araplar; 57.00kg; 1500m; Kum;;;;Rekor Derece :1.41.10
İkramiye;;;;;Yetiştirici Primi;;;;
1.)545.000 TL;2.)218.000 TL;3.)109.000 TL;4.)54.500 TL;5.)27.250 TL;1.)163.500 TL;2.)65.400 TL;3.)32.700 TL;4.)16.350 TL;5.)8.175 TL;
At No;At İsmi;Yaş;Orijin(Baba);Orijin(Anne);Kilo;Jokey Adı;Sahip Adı;Antrenör Adı;St;AGF;H;Derece;Ganyan;Fark
1;TUMBUL HABERKAN KG K;3y k  e;HABERKAN;TUMBULHAFİYE;54;E.KADİRLER AP;BERAT ERKMEN;K.ŞENGEL;2;%8.33(5);;1:45.93;7,60;2,5 Boy
2;ERYÜREKLİ;3y a  e;TAYKUT;HANIM EFE;57;G.ÖZÇELİK;BATUHAN DUMAN;D.SAV;9;%21.47(2);27;1:46.31;3,50;Burun
3;SEZGİNAĞA KG K DB;3y a  e;EMBİR HAN;KAFİYE;57 +0.30;O.YILDIZ;TAYRAL TUTUMLU;E.AVCI;11;%16.65(3);;1:46.32;4,00;5 Boy
4;KOLAYSA YAKALA KG SK;3y k  e;ALTEPE;ENDERGÜL;57 +0.30;C.ALTUN;CELAL DEMİR;K.ŞENGEL;5;%1.98(8);9;1:47.16;23,55;Boyun
5;TEYZEOĞLU KG DB SK;3y a  e;GÜNCANHAN;ZEMHERİ GÜLÜ;57;MAH.TURAN;HÜSEYİN ÖZSÖNMEZ;EM.KESKİN;7;%10.56(4);27;1:47.20;5,05;
6;KINALIKAYAM KG K DB;3y a  d;GÜMBÜRGÜMBÜR;KINALI SULTAN;57;M.KAYA;İBRAHİM KAYA;RAM. KAYA;1;%31.75(1);30;1:48.89;2,75;
7;SONASİYE KG DB SK;3y k  d;SONALP;BİLGİLİTAY;53 +1.50;Y.E.YÜKSEL AP;HALİT KEKİK;E.TURAN;3;%3.72(6);20;1:49.72;14,70;
8;RULER STONE KG DB GKR;3y a  e;BAŞ HÜKÜMDAR;KUMBAĞGÜLÜ;57 +0.20;S.ÖZEN;MEHMET KAYA;H.ÇALIŞKAN;10;%2.81(7);10;1:50.49;28,25;
9;SENAN KG SK;3y a  e;YAKUPBEY;NURTEN;54 +0.10;Z.KARABULUT AP;ÖMER ARSLAN;T.ÇEKİCİ;8;%1.13(10);;1:51.96;24,60;
10;BERFO HAT KG DB SK;3y k  d;BARBAROSBEY;ROJA;52 +1.20;HA.GÖKÇE AP;SİNAN KORKMAZ;F.GARZAN;4;%1.53(9);;1:59.63;40,50;
11;GOLAÇİYA SKG SK (Koşmaz);3y k  d;ŞİMŞEĞİNOĞLU;KUZGUN;51;B.BÜLBÜL AP;İSMET UZUN;K.ŞENGEL;6;%0.07(11);20;Koşmaz;;
GANYAN(7) :7,60 TL, İKİLİ(1/7) :17,05 TL, SIRALI İKİLİ(7/1) :46,15 TL, ÜÇLÜ BAHİS(7/1/5) :384,70 TL, PLASE(1) :2,65 TL, PLASE(7) :2,85 TL, PLASE İKİLİ(1/5) :5,00 TL, PLASE İKİLİ(1/7) :7,20 TL, PLASE İKİLİ(5/7) :8,80 TL, 7. ÇİFTE(1/7) :43,90 TL

9. Kosu :  KOCAELİ JANDARMA KOŞUSU 15.45;Handikap 21 /H2; 3 ve Yukarı İngilizler; kg; 1400m; Kum;;;;Rekor Derece :1.23.67
İkramiye;;;;;Yetiştirici Primi;;;;
1.)695.000 TL;2.)278.000 TL;3.)139.000 TL;4.)69.500 TL;5.)34.750 TL;1.)166.800 TL;2.)66.720 TL;3.)33.360 TL;4.)16.680 TL;5.)8.340 TL;
At No;At İsmi;Yaş;Orijin(Baba);Orijin(Anne);Kilo;Jokey Adı;Sahip Adı;Antrenör Adı;St;AGF;H;Derece;Ganyan;Fark
1;DARK VEYRON K;3y d  e;AGRESIVO (USA);VEY RON;57,5;G.ÖZÇELİK;ESİN SULTAN KEPME;S.SÜSLÜ;6;%18.98(2);82;1:25.64;3,55;2,5 Boy
2;KEÇİKHAN KG K DB;4y d  a;APPROVE (IRE);GREEN GULET;56;E.KADİRLER AP;SELAMİ NURAL;N.YILDIRIM;10;%2.33(8);76;1:25.98;27,05;Yarım Boy
3;SERASKER DB SK;5y d  a;GIO PONTI (USA);AWESOME APHRA (USA);62,5;S.KAYA;OKTAY FERHAN BİTİRMİŞ;HAK.POLAT;11 - DS;%17.94(3);85;1:26.02;4,90;3 Boy
4;FEARLESS DRAGON KG DB SK;3y a  e;SUPER SAVER (USA);GOLD COAST CAT (USA);57;M.M.BİLGİN;ENGİN ATEŞLER;A.MANTAŞ;1;%6.94(6);81;1:26.45;12,55;2,5 Boy
5;MERCIER KG SK;3y a  g;GOOD CURRY;MHYSA;52 +2.00;E.BOZDAĞ;İSMAİL HADİOĞLU;O.ALTUNTAŞ;2;%13.83(4);66;1:26.78;5,55;
6;LEGENDARY MAJESTY K SKG;3y d  e;AVERY ISLAND (USA);DOLPHINS GIRL;58;BERK.GÖKÇE AP;YUNUS DEMİRHAN;AT.GÖKÇE;3;%24.27(1);87;1:27.05;2,90;
7;DİPLOMAT ZAFER DB SK;3y d  e;ULAN BATOR;AKYAZILI HANDE;52,5 +2.00;A.YILDIZ;SABRİ ALTIN;G.TAŞDELEN;9;%8.5(5);72;1:27.26;4,70;
8;SECRET LAV KG DB SK;5y d k;TOROK (IRE);TIRAULI (IRE);60,5;M.KAYA;MEHMET ÇELİK;A.KAPLAN;7;%2.75(7);81;1:27.52;23,10;
9;ESİN GÜZELİ KG K DB SK;4y a k;PERFECTO;GRAY GIRL;52 +2.00;Y.E.YÜKSEL AP;İSA ÖZKAN;T.ATEŞ;8;%1.2(9);55;1:28.75;67,15;
10;KUZEY EFESİ KG DB SK;4y d  a;SUPER SAVER (USA);FLY WINGS;52 +1.90;Z.KARABULUT AP;MURAT ÇELİK;N.YILDIRIM;4;%1.19(10);63;1:31.77;46,20;
11;KING DEVIL KG K;5y d  a;DAREDEVIL (USA);LADY SYLVANAS;60;E.AKPINAR AP;FURKAN TAŞKIRAN;T.ŞİT;12 - DS;%0.93(11);86;1:33.82;55,40;
12;ARNAVUT KIZ K (Koşmaz);4y d k;TOROK (IRE);SILVER COIN;50,5;B.BÜLBÜL AP;ALİ TAHİR VARUŞ;K.BALTACI;5;%1.14(12);61;Koşmaz;;
GANYAN(4) :3,55 TL, İKİLİ(4/7) :63,60 TL, SIRALI İKİLİ(4/7) :113,20 TL, ÜÇLÜ BAHİS(4/7/3) :886,00 TL Çıkan 1 Atla: 127,20 TL, PLASE(4) :1,30 TL, PLASE(7) :4,35 TL, PLASE İKİLİ(3/4) :12,20 TL, PLASE İKİLİ(3/7) :32,80 TL, PLASE İKİLİ(4/7) :18,30 TL, SIRALI 5 Lİ BAHİS(4/7/3/5/9) :23.083,00 TL, 8. ÇİFTE(7/4) :40,50 TL

10. Kosu :   16.15;Handikap 16/DHÖW /H2; 4 Yaşlı Araplar; kg; 1900m; Kum;;;;Rekor Derece :2.13.55
İkramiye;;;;;Yetiştirici Primi;;;;
1.)630.000 TL;2.)252.000 TL;3.)126.000 TL;4.)63.000 TL;5.)31.500 TL;1.)113.400 TL;2.)45.360 TL;3.)22.680 TL;4.)11.340 TL;5.)5.670 TL;
At No;At İsmi;Yaş;Orijin(Baba);Orijin(Anne);Kilo;Jokey Adı;Sahip Adı;Antrenör Adı;St;AGF;H;Derece;Ganyan;Fark
1;ŞAHLANTAY KG DB SK;4y a  a;FİRİKYA;PRENSES AMASTRİST;57,5;M.UYAR AP;ADNAN KESKİN;T.SÜSLÜ;15 - DS;%12.64(3);67;2:15.36;5,65;3 Boy
2;TANJU BEY KG DB SK;4y k  a;TAMERİNOĞLU;BEYAZ ALTIN;53 +1.50;A.YILDIZ;M.LEVENT TOPSAKAL;MİR.İPEK;12;%18.13(2);52;2:15.87;3,70;Yarım Boy
3;BİÇERGİLLER KG K DB;4y a  a;BİÇER;FERZİNE;59,5;O.YILDIZ;YASİN TAŞKIN;Y.TAŞKIN;3;%7.48(5);65;2:15.94;9,75;Boyun
4;Bİ ANKA KG K DB;4y d k;SAADIN GÜCÜ;ALHARİKA;56;A.ASLAN;ÖMER ARSLAN;T.ÇEKİCİ;8;%6.16(6);58;2:15.98;9,30;4 Boy
5;SANCARLI BEY KG K;4y k  a;KUTLUERİNOĞLU;HAN KUTLU;59;E.AKPINAR AP;İ.SUAT KUTLU;K.ŞENGEL;6;%3.3(8);70;2:16.59;13,90;
6;AFŞARBEY DB SK GKR;4y k  a;TURBO;İLK KIZ;52 +1.30;HA.GÖKÇE AP;HAKKI GÜLAL;SEV.BEKTAŞ;2;%1.89(10);34;2:16.92;32,35;
7;FERAT KG DB SK;4y k  a;KURUŞAĞA;KUZGUN;58;G.ÖZÇELİK;FİDAN GÜVEN ;A.GÜVEN;5;%24.02(1);62;2:17.13;2,85;
8;TATARUŞAĞI KG DB SK;4y k  a;TAMERİNOĞLU;TATARKIZ;57;Z.KARABULUT AP;AHMET ALTIN;ENG.ALTIN;7;%4.35(7);64;2:17.66;14,50;
9;SEMENDİN OĞLU KG DB SK;4y a  a;SEMEND;AY TUTULMASI;52 +1.40;E.KADİRLER AP;MÜSLÜM CAYMAZER;Ş.Ş.DEMİR;14;%1.68(11);47;2:18.81;22,95;
10;BİRGEDAĞ KG K;4y k  a;GELİBOLU;BOLKARIN GÜLÜ;57;S.TIRPAN;DEMİRHAN YILMAZ;E.ÇİLEK;1;%9.1(4);60;2:19.73;7,05;
11;ÇİÇEK TOHUMU KG DB SK;4y d k;BABA MEVLÜT;YOLBU;55,5;Y.E.YÜKSEL AP;MİKAİL ALTIN;M.ALTIN;10;%2.32(9);61;2:20.73;24,30;
12;DERMANCAN KG DB SK;4y d  a;SERDÜMEN;BERRACAN;50 +0.50;İ.GÜN AP;MURAT KINAY;T.ÇEKİCİ;11;%0.52(13);32;2:22.79;90,15;
13;BABA ENİS KG DB SK;4y k  a;ZAHRAN;RENGİNİM;52 +2.00;İ.DİNAR;İLKNUR DEMİR;F.GARZAN;13;%0.7(12);43;3:09.55;64,80;
14;ÖZGÜNBERK KG DB (Koşmaz);4y a  a;ÖZGÜNHAN;SARIBARÇIN;58,5;B.BÜLBÜL AP;ALİ TAHİR VARUŞ;K.BALTACI;9;%2.21(15);69;Koşmaz;;
15;KAZDAĞI EFESİ (Koşmaz);4y a  a;GÜMBÜRGÜMBÜR;KAZDAĞI GÜZELİ;58 +0.20;BERK.GÖKÇE AP;AHMET FAYDALGEL;T.ÇEKİCİ;4;%5.49(14);66;Koşmaz;;
GANYAN(3) :5,65 TL, 7'Lİ PLASE(3,9/5,8/1,2,4/1,2/1,7/4,7/3,11) :4.085,00 TL, 2. 6'LI GANYAN(5/2,4/1/7/4/3) :46.393,00 TL, 2. 5'Lİ GANYAN(2,4/1/7/4/3) :7.327,95 TL, 2. 4'LÜ GANYAN(1/7/4/3) :2.720,72 TL, 2. 3'LÜ GANYAN(7/4/3) :547,50 TL, İKİLİ(3/11) :10,60 TL, SIRALI İKİLİ(3/11) :26,70 TL, PLASE(11) :1,65 TL, PLASE(3) :3,40 TL, PLASE İKİLİ(3/11) :7,30 TL, PLASE İKİLİ(3/5) :19,50 TL, PLASE İKİLİ(5/11) :15,70 TL, SIRALI 5 Lİ BAHİS(3/11/5/10/1) :14.708,87 TL, TABELA BAHİS(3/11/5/10) :1.330,65 TL Çıkan 1 Atla: 18,30 TL Çıkan 2 Atla: 7,27 TL, TABELA BAHİS SIRASIZ(3/11/5/10) :36,60 TL, 9. ÇİFTE(4/3) :29,50 TL, 7'Lİ GANYAN(9/5/2,4/1/7/4/3) :Bilen çıkmamıştır, 493,060.06 TL devretmiştir.

