Şanlıurfa;(11. Yarış Günü);09/02/2026
1. Kosu :   18.00;ŞARTLI 5/Dişi /X-1; 4 ve Yukarı İngilizler; 58.00kg; 59.00 kg; 1400m; Kum;;;;Rekor Derece :1.24.64
İkramiye;;;;;Yetiştirici Primi;;;;
1.)440.000 TL;2.)176.000 TL;3.)88.000 TL;4.)44.000 TL;5.)22.000 TL;1.)79.200 TL;2.)31.680 TL;3.)15.840 TL;4.)7.920 TL;5.)3.960 TL;
At No;At İsmi;Yaş;Orijin(Baba);Orijin(Anne);Kilo;Jokey Adı;Sahip Adı;Antrenör Adı;St;AGF;H;Derece;Ganyan;Fark
1;ÖZAY SILAŞARA KG SK;5y a k;APPROVE (IRE);PICCIKATO;59;F.YARDIMCI;ALİ ÇİZİK;T.ÇİZİK;7;%42.66(1);76;1:30.66;1,80;1 Boy
2;STORMY RIVER KG DB SK;6y d k;WIN RIVER WIN (USA);GAMOVA;59;İ.AKYAVUZ;CAN ÇAĞRI;T.ÇİZİK;5;%12.3(3);52;1:30.82;5,60;3,5 Boy
3;SWIFT PASSING KG SK;5y d k;TIZWAY (USA);ELLE STRIKE (USA);55 +1.20;A.H.BAYAR;ADİL ÇİZİK;B.DEMİRKAPU;6;%1.1(9);45;1:31.34;23,75;Yarım Boy
4;TOWSON KG SK;5y d k;APPROVE (IRE);MISS QUICK;53 +2.00;İ.GÜREKE AP;HAŞİM DOĞAN;N.DOĞAN;4;%9.05(4);61;1:31.45;6,60;6 Boy
5;KUTUP KIZI SKG SK;5y d k;CRIMEAN TATAR;TYPHOON GIRL;59;H.SARIDAL;HÜSEYİN SARIDAL;A.ZENGİN;2;%5.23(5);66;1:32.28;8,70;
6;SEHERİN YELİ KG DB SK;5y d k;APPROVE (IRE);VEDRANA;59;Y.CENGİZ;M.VEYSİ BECENE;R.BECENE;9;%4.85(6);78;1:33.20;8,90;
7;TORNADO MAIDEN SKG SK;5y d k;RUN AWAY AND HIDE (USA);AMBERİM;59;N.ALTIN;HALUK ERON;T.ÇİZİK;1;%21.36(2);76;1:34.06;3,85;
8;DAWN OF THE NİGHT KG K;6y a k;WIN RIVER WIN (USA);TUĞCUYE;56 +1.50;M.DOĞAN;AHMET YEŞİLYAPRAK;Z.AKDEMİR;3;%1.22(7);67;1:38.21;21,00;
9;AY ÇÖLÜ SKG SK;4y d k;ENYALIOS;KEBERLİ SULTANI;55 +2.00;Y.ÇELİKBAŞ;YUSUF ZİYA KARAKUŞ;M.E.SARIDAL;10;%1.16(8);36;1:43.28;28,40;
10;GILDED REFLECTION KG K DB;4y d k;CATAPULT (USA);DESIDERIA (USA);55 +2.00;M.ŞAKİR AP;ALİ ÇİZİK;T.ÇİZİK;8;%1.08(1);28;1:43.46;1,80;
[(2)ÖZAY SILAŞARA,(10)GILDED REFLECTION,] eküridir.GANYAN(2) :1,80 TL, İKİLİ(2/4) :6,75 TL, SIRALI İKİLİ(2/4) :9,30 TL

2. Kosu :   18.30;Maiden/DHÖW; 4 Yaşlı Araplar; 58.00kg; 1800m; Kum;;;;Rekor Derece :2.04.78
İkramiye;;;;;Yetiştirici Primi;;;;
1.)395.000 TL;2.)158.000 TL;3.)79.000 TL;4.)39.500 TL;5.)19.750 TL;1.)94.800 TL;2.)37.920 TL;3.)18.960 TL;4.)9.480 TL;5.)4.740 TL;
At No;At İsmi;Yaş;Orijin(Baba);Orijin(Anne);Kilo;Jokey Adı;Sahip Adı;Antrenör Adı;St;AGF;H;Derece;Ganyan;Fark
1;KARA MAHO KG;4y k  a;SERHANTAY;ATEŞİN GÜCÜ;60;İ.AKYAVUZ;NÜSRET CANPOLAT;R.BECENE;4;%14.96(2);23;2:16.18;4,20;8 Boy
2;ENGİN REİS KG DB SK;4y a  a;AZMİ REİS;MEİS;58;Y.CENGİZ;HASAN ALPAY;S.AKYAVUZ;3;%13.51(4);31;2:18.01;4,00;5,5 Boy
3;KEŞANLI MÜCAHİT DB SKG SK;4y a  a;PALA DAYI;HİLVAN GÜZELİ;55 +2.00;B.SARIDAL AP;MUSTAFA SARIDAL;M.E.SARIDAL;1;%13.63(3);24;2:19.21;5,20;2 Boy
4;AYAZALIŞ KG DB SK;4y a  a;SERHANTAY;SERAPHANIM;58;A.AKDEMİR;REFİK ÇEVİK;E.AÇMAZ;7;%5.1(5);18;2:19.60;14,25;5,5 Boy
5;ŞİMŞEKYAVUZ KG DB SK;4y a  a;FATİH AĞA;ANADOLU YILDIZI;58;N.ALTIN;ERCAN POLAT;E.AÇMAZ;2;%4.41(6);15;2:20.83;13,15;
6;SEDAT GÜZELİ KG K DB;4y k k;BUMBAİ;ALYILDIZ;56;N.DEMİR;KASIM TUMBUL;M.E.SARIDAL;8;%0.83(9);19;2:21.75;32,10;
7;ZİYAT AĞA SKG SK;4y k  a;AKARÇAY;DADAŞ YILDIZI;55 +2.00;M.IŞIK AP;ENVER KARAKAN;A.ZENGİN;9;%3.99(7);16;2:28.81;13,35;
8;ASIM EFE KG K;4y a  a;HİSARBEY;NARTANEM;58 +2.00;M.ÜNLÜ;NİHAT BAYDAN;İ.ATMACA;5;%1.11(8);;2:29.24;34,20;
9;AKALTUN BEYİ;4y k  a;AKARÇAY;GÜLSENUR;58;Y.ÇELİKBAŞ;İSMAİL KOÇYİĞİT;A.ZENGİN;10;%0.43(10);6;2:35.20;38,20;
10;ONURSÜREN KG SK;4y a  a;ONURKAAN;İZSÜREN;55 +2.00;M.ŞAKİR AP;MEHMET KAHRAMAN;H.TÜRKMAN;6;%42.05(1);24;2:36.10;2,00;
GANYAN(1) :4,20 TL, İKİLİ(1/5) :14,85 TL, SIRALI İKİLİ(1/5) :30,70 TL, ÜÇLÜ BAHİS(1/5/6) :234,30 TL, PLASE(1) :2,70 TL, PLASE(5) :2,45 TL, PLASE İKİLİ(1/5) :8,00 TL, PLASE İKİLİ(1/6) :6,50 TL, PLASE İKİLİ(5/6) :7,10 TL, 1. ÇİFTE(2,10/1) :14,85 TL

3. Kosu :   19.00;Handikap 14 /H3; 3 Yaşlı İngilizler; kg; 1700m; Kum;;;;Rekor Derece :1.45.30
İkramiye;;;;;Yetiştirici Primi;;;;
1.)280.000 TL;2.)112.000 TL;3.)56.000 TL;4.)28.000 TL;5.)14.000 TL;1.)50.400 TL;2.)20.160 TL;3.)10.080 TL;4.)5.040 TL;5.)2.520 TL;
At No;At İsmi;Yaş;Orijin(Baba);Orijin(Anne);Kilo;Jokey Adı;Sahip Adı;Antrenör Adı;St;AGF;H;Derece;Ganyan;Fark
1;METE KOÇ BEY KG K;3y d  e;GÜNGÖR BABA;KIRGÜLÜM;57 +0.50;İ.KATAR;HÜSEYİN ÇELİK;S.KARAKEÇİLİ;4;%6.04(6)  %6.09(6);34;1:53.14;9,10;8 Boy
2;ORAK REİS SKG SK;3y d  e;KINOWA;FİRDES TAY;54 +0.50;E.AKKILIÇ AP;İSMAİL SANCAR;E.AÇMAZ;7;%4.33(7)  %3.97(8);30;1:54.91;17,70;1 Boy
3;NOVA SUN KG SK;3y d  d;GÜNGÖR BABA;SABUR;59;Y.CENGİZ;MÜSLÜM KAYAN;K.TAŞDEMİR;2;%3.88(9)  %3.58(9);38;1:55.08;19,05;1 Boy
4;MAVERICK SHADOW KG DB SK;3y d  e;PRESSING (IRE);VİVA SHA;60;İ.AKYAVUZ;BAKİ BAKIR BOYRAZ;Z.AKDEMİR;5;%15.14(3)  %16.32(3);40;1:55.26;3,90;8 Boy
5;FANDOROS SKG SK ÖG;3y d  e;TIZWAY (USA);QUEEN DERYA (USA);57;M.IŞIK AP;ÜMİT KORKMAZ;MEH.ASLAN;11;%3.94(8)  %4.35(7);34;1:56.57;10,80;
6;BLACK DIVINE KG K;3y d  e;DIVINE HEART;BALERA;57;A.H.BAYAR;FETHİ TEKPINAR;EKR.YARDIMCI;12 - DS;%8.45(5)  %8.42(4);34;1:56.75;8,25;
7;VAN KALESİ KG SK;3y a  e;INDIAN DAYS (GB);SEA VALLEY;55,5 +0.40;F.YARDIMCI;AHMET DİLMAÇ;MEHM.KAYA;10;%23.1(1)  %24.17(1);31;1:57.75;2,65;
8;DAUGHTER OF COOGER KG DB SK;3y d  d;COOGER;DOUBLE STEEL;55 +0.60;N.DEMİR;MÜSLÜM ŞİMŞEK;E.AÇMAZ;9;%8.52(4)  %7(5);30;1:58.11;13,70;
9;ŞERİFF TAYTISS KG DB SK;3y d  e;AMERİKALI;ZEHTER;50,5 +1.80;M.T.COŞKUN AP;HÜSEYİN SARIDAL;A.ZENGİN;3;%3.44(10)  %3.18(10);21;1:59.46;16,85;
10;RANIL OĞLU KG DB SK;3y a  e;RUNNER BULL;BEATIFUL HEART;54,5 +1.20;İ.GÜREKE AP;BİLAL CAMUZ;MEH.ASLAN;1;%1.7(12)  %1.47(12);29;2:00.04;27,30;
11;BERMEDEE KG K DB;3y d  e;AUTHORIZED (IRE);ÇARÇIRA;55,5 +0.20;M.A.AKGÖBEK AP;FERHAT İNAL;S.AKYAVUZ;8;%18.04(2)  %18.43(2);31;2:00.08;4,45;
12;COCOON LION KG DB SK;3y d  e;CROSS FIRE;LADY CINCILLA;56 +1.00;M.ŞAKİR AP;CELAL İNCELER;MEH.ASLAN;6;%3.42(11)  %3.03(11);32;2:01.04;30,80;
GANYAN(5) :9,10 TL, İKİLİ(5/10) :112,10 TL, SIRALI İKİLİ(5/10) :208,35 TL, 2. ÇİFTE(1/5) :72,35 TL

4. Kosu :   19.30;Handikap 15 /H3; 4 ve Yukarı İngilizler; kg; 1700m; Kum;;;;Rekor Derece :1.45.30
İkramiye;;;;;Yetiştirici Primi;;;;
1.)350.000 TL;2.)140.000 TL;3.)70.000 TL;4.)35.000 TL;5.)17.500 TL;1.)63.000 TL;2.)25.200 TL;3.)12.600 TL;4.)6.300 TL;5.)3.150 TL;
At No;At İsmi;Yaş;Orijin(Baba);Orijin(Anne);Kilo;Jokey Adı;Sahip Adı;Antrenör Adı;St;AGF;H;Derece;Ganyan;Fark
1;KİKİ FERRO KG DB SK;4y d  a;SIDNEY'S CANDY (USA);GÖKLERİN YILDIZI;54,5 +0.60;İ.GÜREKE AP;HALİL ŞİMŞEK;MEHM.KAYA;7;%4.64(7)  %5.19(7);43;1:51.71;8,05;12 Boy
2;SEASMOKE DB SK;4y d  g;MENDIP (USA);SEA SECRET;59;İ.AKYAVUZ;MEHMET KAYA;MEHM.KAYA;8;%13.76(3)  %14.27(3);46;1:54.30;8,15;5 Boy
3;ASABİ K DB SKG;7y d  a;SCARFACE;RIGOROUS (USA);56 +1.20;M.IŞIK AP;İBRAHİM HALİL TURAN;T.ÇİZİK;3;%15.99(2)  %15.99(2);40;1:55.08;3,90;Yarım Boy
4;LION ROBERO DB SKG SK;4y d  a;VICTORY GALLOP (CAN);RAFİA;55 +2.00;Y.CENGİZ;HASAN ALPAY;S.AKYAVUZ;14;%3.78(8)  %4.04(9);38;1:55.21;15,05;1,5  Boy
5;YILAN DERELİ KG DB SK;4y d  a;EUPRHATES (USA);ROYAL CUPOLA;58,5;F.YARDIMCI;MUHAMMED ALP EREN;E.AÇMAZ;12;%29.94(1)  %26.2(1);45;1:55.45;2,75;
6;LION OF LIONS KG DB SK;4y a  a;LION HEART (USA);ONDÖRTBAHAR;60;M.DOĞAN;NEDİM CAN;MAHMUT DOĞAN;2;%2.41(11)  %2.49(11);48;1:56.94;24,65;
7;LION HECTOR KG DB SK;5y a  a;SHERE KHAN;NEYRAN;54,5;E.AKKILIÇ AP;SERKAN KAYALAR;Z.AKDEMİR;1;%1.88(12)  %2.05(12);33;1:57.43;26,20;
8;RIO THE GLORY KG DB SK;4y a  a;CAPTAIN RIO (GB);SPEAK ME SOFTLY;51,5 +2.00;Ç.CANPOLAT AP;ABDULLAH TEKİNALP;Ö.GÜNDÜZ;13;%6.18(5)  %6.98(5);31;1:58.09;16,25;
9;BOHEMIA KG DB SK;4y d k;HEP BERABER;MAMUSELLA (IRE);56 +1.00;M.ŞAKİR AP;FIRAT TEKİNALP;K.TAŞDEMİR;9;%3.59(9)  %4.11(8);44;1:58.31;24,70;
10;HOT SUGAR SK;4y a  a;HOT CHOCOLATE;SUGAR FOOT;60 +1.30;M.P.DEMİR AP;SONGÜL YILDIRIM;M.E.SARIDAL;6;%2.5(10)  %2.67(10);50;1:58.49;26,00;
11;TAHİRBEYLİ DB;4y a  a;KANEKO;ESCLARMONDE (IRE);58,5;B.SARIDAL AP;MEHMET ŞENBAHAR;MAHMUT DOĞAN;5;%8.68(4)  %8.86(4);49;1:58.73;8,40;
12;BY CURA SK;5y k  a;GREY CORAL;NADIA DANCER;63;N.ALTIN;HASİBE ÇOLAK CURA;B.H.TOSUN;10;%4.41(6)  %4.8(6);50;1:59.43;5,60;
13;COSMIC GIRL KG DB SK;5y d k;AIR VICE MARSHAL (USA);OXBOW LAKE (USA);53,5 +1.60;M.A.AKGÖBEK AP;MUHAMMED ALİ ÇİZİK;AL.ÇİZİK;11;%1.31(13)  %1.49(13);31;2:02.43;25,50;
14;JUNIOR CURA DB SKG SK;4y k  a;GRAYSTORM;İDİL;50 +2.00;M.T.COŞKUN AP;HASİBE ÇOLAK CURA;B.H.TOSUN;4;%0.93(6)  %0.87(6);26;2:04.35;5,60;
[(1)BY CURA,(14)JUNIOR CURA,] eküridir.GANYAN(8) :8,05 TL, 1. 3'LÜ GANYAN(1/5/8) :2.978,80 TL, İKİLİ(5/8) :46,75 TL, SIRALI İKİLİ(8/5) :108,85 TL, PLASE(5) :2,70 TL, PLASE(8) :6,75 TL, PLASE İKİLİ(5/8) :36,30 TL, PLASE İKİLİ(5/9) :14,10 TL, PLASE İKİLİ(8/9) :35,20 TL, SIRALI 5 Lİ BAHİS(8/5/9/10/6) :30.660,75 TL, TABELA BAHİS(8/5/9/10) :6.341,92 TL, TABELA BAHİS SIRASIZ(8/5/9/10) :142,05 TL, 3. ÇİFTE(5/8) :217,40 TL

5. Kosu :  VİRANŞEHİR KAYMAKAMLIĞI KOŞUSU 20.00;KV-6/DHÖW; 4 Yaşlı Araplar; 58.00kg; 1200m; Kum;;;;Rekor Derece :1.20.38
İkramiye;;;;;Yetiştirici Primi;;;;
1.)500.000 TL;2.)200.000 TL;3.)100.000 TL;4.)50.000 TL;5.)25.000 TL;1.)120.000 TL;2.)48.000 TL;3.)24.000 TL;4.)12.000 TL;5.)6.000 TL;
At No;At İsmi;Yaş;Orijin(Baba);Orijin(Anne);Kilo;Jokey Adı;Sahip Adı;Antrenör Adı;St;AGF;H;Derece;Ganyan;Fark
1;KÜÇÜK EYYÜP KG DB SK;4y k  a;TALİPHAN;CİMCİMEM;54 +1.50;İ.AKYAVUZ;REŞİT TUMBUL;S.BECENE;3;%30.67(2)  %31.59(2);72;1:23.93;2,60;9 Boy
2;ASLAN HATİP K;4y k  a;FATİH AĞA;SENA HATUN;54 +2.00;F.YARDIMCI;NEŞET AKYAVUZ;S.AKYAVUZ;2;%36.97(1)  %33.66(1);77;1:25.96;2,50;5,5 Boy
3;YETİM AMCA KG SK;4y k  a;FATİH AĞA;TUMBUL ZEMZEM;55 +2.00;İ.KATAR;HALİL ASLAN;MEH.ASLAN;5;%1.77(8)  %1.8(8);59;1:26.91;22,80;2 Boy
4;KANATLI OĞLU KG DB SK;4y k  a;FATİH AĞA;TÜTSÜ;55 +0.40;A.AKDEMİR;ÖMER POLAT;İ.ATMACA;7;%10.06(3)  %11.26(3);78;1:27.22;7,45;2,5 Boy
5;ESSANCAR KG SK;4y a  a;FATİH AĞA;DİLANCANPOLAT;54 +2.00;N.ALTIN;İSMAİL SANCAR;M.A.SUBAY;8;%5.48(5)  %6(5);60;1:27.71;8,30;
6;HERZAMAN KG K;4y a  a;SERHANTAY;PIRENSES BERCA;55 +2.00;M.IŞIK AP;RECEP KANDEMİR;K.TAŞDEMİR;9;%2.41(7)  %2.64(7);59;1:27.81;19,05;
7;OĞLUM GÖKHAN KG DB SK;4y a  a;ALTINCI HİS;FİTNAT;54 +1.10;M.A.AKGÖBEK AP;AHMET MİZAN;N.DOĞAN;6;%5.23(6)  %4.66(6);46;1:29.07;8,15;
8;OĞUZBEYİ KG SK;4y a  a;ANKA;BETÜL;54 +1.30;N.DEMİR;MESUT AKBAŞ;Ö.GÜNDÜZ;1;%1.15(9)  %1.08(9);37;1:31.53;44,50;
9;ALÜNLÜHAT KG DB SK;4y k  a;FATİH AĞA;EYYAR;56 +1.40;Y.CENGİZ;İ.HALİL ÜNLÜ;SER.DOĞAN;4;%6.26(4)  %7.31(4);56;1:33.16;4,75;
GANYAN(6) :2,60 TL, İKİLİ(3/6) :2,85 TL, SIRALI İKİLİ(6/3) :6,90 TL, ÜÇLÜ BAHİS(6/3/9) :167,40 TL, PLASE(3) :1,20 TL, PLASE(6) :1,15 TL, 4. ÇİFTE(8/6) :42,80 TL

6. Kosu :   20.30;ŞARTLI 3/DHÖW /X-1; 4 ve Yukarı Araplar; 57.50kg; 61.00 kg; 2100m; Kum;;;;Rekor Derece :2.30.01
İkramiye;;;;;Yetiştirici Primi;;;;
1.)280.000 TL;2.)112.000 TL;3.)56.000 TL;4.)28.000 TL;5.)14.000 TL;1.)50.400 TL;2.)20.160 TL;3.)10.080 TL;4.)5.040 TL;5.)2.520 TL;
At No;At İsmi;Yaş;Orijin(Baba);Orijin(Anne);Kilo;Jokey Adı;Sahip Adı;Antrenör Adı;St;AGF;H;Derece;Ganyan;Fark
1;DÖRTNALBEYİ DB SKG SK;9y k  a;BALIKHAN;YILDIRIMKIZ;59;F.YARDIMCI;ÖMER YARDIMCI;A.YARDIMCI;2;%29.83(1)  %28.58(1);87;2:41.08;2,10;2 Boy
2;ZEKAİBEY KG DB SK;9y k  a;GOBAKBEY;SEPYA;55;M.A.AKGÖBEK AP;BEYZA YILDIZ;MEH.ASLAN;6;%2.3(9)  %2.5(9);75;2:41.52;13,35;4 Boy
3;GÖKKARA DB SKG SK;7y k  a;BERKAY EFE;MESOPOTAMİA;58;N.DEMİR;MESUT AKBAŞ;Ö.GÜNDÜZ;7;%18.41(2)  %18.17(2);77;2:42.36;3,85;7 Boy
4;SABIR ÇİÇEĞİ KG K;7y a k;ÖZGÜNHAN;AYCANIM;56;N.ALTIN;MEHMET TAŞDEMİR;MAHMUT DOĞAN;1;%7.38(6)  %7.72(6);85;2:43.82;10,70;Yarım Boy
5;ŞİMŞEK OĞLU SKG SK;7y k  a;ŞİMŞEĞİNOĞLU;KIRMATRA;59;A.AKDEMİR;NAİF KARAKEÇİ;Z.AKDEMİR;3;%5.15(3)  %4.98(4);62;2:43.94;8,55;
6;ESKİ KALELİ KG SK;5y d  a;SONALP;VİLDAN;58;İ.AKYAVUZ;GALİP DOĞAN;MAHMUT DOĞAN;9;%8.13(5)  %8.83(5);68;2:46.51;8,40;
7;OĞLUMBENİM SKG SK ÖG;8y a  a;UÇANBEY;MATRAKIZI;61;Y.ÇELİKBAŞ;NAİF KARAKEÇİ;Z.AKDEMİR;10;%6.54(3)  %6.43(4);75;2:52.87;8,55;
8;KILIÇBAĞI KG;7y a  a;ÖZGÜNHAN;İTİLŞAN;59;M.DOĞAN;MAHMUT YARDIMCI;A.YARDIMCI;5;%11.62(4)  %11.82(3);68;2:54.56;8,60;
9;FIRAT BABA DB;9y k  a;TOŞUR;AYA BENZER;58 +0.20;F.FELHAN AP;ROJBİN SOSAN;K.TAŞDEMİR;8;%3.34(8)  %3.47(8);83;2:59.55;13,95;
10;YILMABABA KG SK;8y k  a;ŞİMŞEĞİNOĞLU;GÖKSEL;58;İ.KATAR;FETHİ ÇİZİK;T.ÇİZİK;12;%1.46(10)  %1.59(10);55;3:00.38;22,30;
11;TARGUTAY KG DB SK;6y d  a;YAMANER;KUZGUN;55 +1.80;M.ŞAKİR AP;MEHMET ALİ ÖZKAN;S.KARAKEÇİLİ;4;%4.61(7)  %4.89(7);82;3:06.76;8,10;
12;KAÇAR ÜLFET DB SK;5y k k;SON MARTI;GÜLHAN ABLA;54 +0.60;E.AKKILIÇ AP;ÖMER YARDIMCI;A.YARDIMCI;11;%1.23(1)  %1.01(1);70;3:13.36;2,10;
[(7)ŞİMŞEK OĞLU,(2)OĞLUMBENİM,] eküridir.[(3)DÖRTNALBEYİ],(11)KAÇAR ÜLFET],] eküridir.GANYAN(3) :2,10 TL, 1. 6'LI GANYAN(2,10/1/5/8/6/3,11) :41.320,70 TL, İKİLİ(3/10) :44,35 TL, SIRALI İKİLİ(3/10) :71,35 TL, ÜÇLÜ BAHİS(3/10/5) :721,00 TL, PLASE(10) :4,15 TL, PLASE(3) :2,70 TL, PLASE İKİLİ(3/10) :26,20 TL, PLASE İKİLİ(3/5) :5,80 TL, PLASE İKİLİ(5/10) :17,70 TL, SIRALI 5 Lİ BAHİS(3/10/5/12/7) :23.907,25 TL, 5. ÇİFTE(6/3,11) :7,35 TL

7. Kosu :   21.00;Maiden/DHÖW; 4 Yaşlı Araplar; 58.00kg; 1800m; Kum;;;;Rekor Derece :2.04.78
İkramiye;;;;;Yetiştirici Primi;;;;
1.)395.000 TL;2.)158.000 TL;3.)79.000 TL;4.)39.500 TL;5.)19.750 TL;1.)94.800 TL;2.)37.920 TL;3.)18.960 TL;4.)9.480 TL;5.)4.740 TL;
At No;At İsmi;Yaş;Orijin(Baba);Orijin(Anne);Kilo;Jokey Adı;Sahip Adı;Antrenör Adı;St;AGF;H;Derece;Ganyan;Fark
1;KÜÇÜK ZEYNEP;4y d k;ASLANPARÇASI;KIRBERCA;58;A.H.BAYAR;HACIM KANDEMİR;K.TAŞDEMİR;11;%1.28(8);26;2:16.31;26,35;7 Boy
2;DEDE SOYLU K DB;4y a  a;DEDE SEYDO;HAYAT NUR;60;F.YARDIMCI;MUSTAFA CENGİZ;F.BAKAY;10;%42.6(1);29;2:17.91;1,95;1,5  Boy
3;CİHAN BABA KG DB SK;4y a  a;SERHANTAY;ALNURA;60;Y.CENGİZ;CEVER KARAOĞLAN;E.AÇMAZ;5;%7.8(3);24;2:18.20;5,30;2 Boy
4;ALTINDAĞ KG SK;4y k  a;BUZDAĞI;ELİFKIZ;58;N.DEMİR;İBRAHİM HALİL ŞİMŞEK;Ö.GÜNDÜZ;4;%3.31(7);;2:18.58;12,00;2 Boy
5;UMUDUM DENİZ KG SK;4y a  a;ALTINCI HİS;ASMİN KIZI;61;İ.AKYAVUZ;HELİN AKIL;F.E.AKIL;2;%26.14(2);25;2:18.93;3,55;
6;İLATUN KG SK SGKR;4y k k;ANKA;FERAHGÜL;53 +2.00;M.A.AKGÖBEK AP;AYDIN TEKİN;B.DEMİRKAPU;1;%1.12(9);21;2:19.35;25,00;
7;AZAT BABA KG K GKR;4y k  a;ANKA;NEŞVÜNEMA;58;İ.KATAR;BÜLENT TOYDEMİR;M.DEMİROL;8;%6.67(4);23;2:20.46;9,95;
8;KAFKAS YİĞİDİ KG SK;4y a  a;KAFKAS ŞAHI;ONGAR;62;A.AKDEMİR;AVNİ ASLAN;M.A.ÇİÇEK;7;%3.9(6);29;2:21.71;17,80;
9;BABA FATİH KG DB SK;4y k  a;FATİH AĞA;BURCUNAZ;55 +1.80;F.FELHAN AP;HÜSEYİN FELHAN;A.AKBABA;3;%0.72(10);7;2:29.31;39,15;
10;OĞLUM CAYMAZER KG DB SK;4y a  a;AYABAKAN;EZGİLİ;58;Y.ÇELİKBAŞ;SERHAT ŞAHİN;AB.AKIL;9;%0.64(11);;2:48.65;50,75;
11;SURUÇ BEYİ KG DB SK;4y k  a;FATİH AĞA;KÜÇÜK YILDIZ;58;N.ALTIN;MURAT YILDIRIM;M.E.SARIDAL;6;%5.82(5);24;Derecesiz;6,90;
GANYAN(10) :26,35 TL, İKİLİ(4/10) :38,10 TL, SIRALI İKİLİ(10/4) :171,45 TL, ÜÇLÜ BAHİS(10/4/3) :2.752,70 TL, PLASE(10) :7,75 TL, PLASE(4) :2,70 TL, PLASE İKİLİ(3/10) :88,30 TL, PLASE İKİLİ(3/4) :9,40 TL, PLASE İKİLİ(4/10) :18,30 TL, 6. ÇİFTE(3,11/10) :143,55 TL

8. Kosu :   21.30;Handikap 16/DHÖW /H3; 4 ve Yukarı Araplar; kg; 1400m; Kum;;;;Rekor Derece :1.35.56
İkramiye;;;;;Yetiştirici Primi;;;;
1.)440.000 TL;2.)176.000 TL;3.)88.000 TL;4.)44.000 TL;5.)22.000 TL;1.)79.200 TL;2.)31.680 TL;3.)15.840 TL;4.)7.920 TL;5.)3.960 TL;
At No;At İsmi;Yaş;Orijin(Baba);Orijin(Anne);Kilo;Jokey Adı;Sahip Adı;Antrenör Adı;St;AGF;H;Derece;Ganyan;Fark
1;ÖZARAS SKG SK;6y k  a;ARASLI;SERENKIZ;59,5;N.ALTIN;SELİM DEMİRKAPU;B.DEMİRKAPU;14;%5.04(6);56;1:41.23;8,85;3 Boy
2;BEYSERHAN DB SK;5y a  a;ALTAHA;BUKLE;60,5;İ.AKYAVUZ;CAN ÇAĞRI;N.DOĞAN;3;%23.92(1);58;1:41.79;3,30;3 Boy
3;SARRAFTAY KG DB SK;8y d  a;SARRAF;ÇIKMAZNUR;61;M.IŞIK AP;BUBO ERCAN;MEHM.KAYA;4;%2.49(11);63;1:42.40;16,75;1,5  Boy
4;AKOLHAN KG SK;5y a  a;HABERKAN;KRİSTAL;61,5;F.YARDIMCI;SELAHATTİN AKOL;Z.AKDEMİR;15;%12.43(3);60;1:42.75;7,95;Yarım Boy
5;GÜVENABİ KG SK;6y k  a;SULTAN DE FAUST (FR);YARDIMCIKIZI;54 +0.70;E.AKKILIÇ AP;MEHMET BECENE;R.BECENE;1;%4.32(8);45;1:42.86;7,90;
6;LORD ŞAHI KG DB SK;5y k  a;TURBO;POLİYANA;63;İ.KATAR;AHMET ŞAHİN;EKR.YARDIMCI;7;%6.79(4);63;1:44.78;11,40;
7;İSYANINOĞLU K DB;4y k  a;FATİH AĞA;YILDIZ TÜRE;59,5;A.AKDEMİR;VELİT ARTUN;E.AÇMAZ;11;%20.17(2);61;1:45.14;6,00;
8;CABİROĞLU DB SK;5y a  a;SAADIN GÜCÜ;CABİRE;59,5;İ.GÜREKE AP;MUSTAFA YARDIMCI;A.YARDIMCI;6;%4.77(7);62;1:47.76;18,75;
9;MUŞFIRTINASI KG K;6y k  a;DİZDAR BEY;ZELYURT GÜLÜ;56,5 +1.00;B.SARIDAL AP;GÜNAYDIN SAÇAN;MEHM.KAYA;5;%1.8(13);54;1:47.82;20,05;
10;AHMET AĞA KG DB SK;5y a  a;SERHANTAY;DEKOLTE;62,5;Y.CENGİZ;FERAT ARTUN;A.AKBABA;13;%1.23(15);62;1:54.38;39,35;
11;PINAR RÜZGARI KG SK;5y k  a;SERHANTAY;KÜÇÜKKIYAMET;57,5;Y.ÇELİKBAŞ;EMRAH CANPOLAT;M.A.SUBAY;8;%2.71(10);52;1:55.76;9,85;
12;TUĞKANTAY DB SKG SK;5y a  a;AYABAKAN;IŞIL HANIM;60,5 +0.30;M.ÜNLÜ;FERAT ÖZKAN;MEHM.KAYA;12;%1.19(16);58;1:56.17;37,15;
13;HAMDİ AĞA;5y a  a;ORÇUN;BENLİDİLBER;58,5;M.ŞAKİR AP;MEHMET S. MELİK;S.KARAKEÇİLİ;9;%1.26(14);58;1:57.55;31,55;
14;GECE IŞIĞI KG DB SK;7y k  a;SONALP;BENİL;58,5;A.H.BAYAR;MAHMUT KARAKEÇİLİ;S.KARAKEÇİLİ;10;%3.14(9);54;2:01.25;18,10;
15;BEZANTAY KG DB SK;5y k  a;ENDEREFE;PRENSES SARA;61;M.DOĞAN;MEHMET GARİP BECENE;R.BECENE;2;%2.41(12);59;2:05.26;28,15;
16;FERHAT KARDEŞ KG SK;5y k  a;HABERKAN;GOBAKHALA;54 +1.10;M.A.AKGÖBEK AP;HAMZA CANLIKA;AB.AKIL;16 - DS;%6.34(5);49;Derecesiz;8,00;
GANYAN(10) :8,85 TL, 7'Lİ PLASE(1,5/5,10/5,8/3,6/3,10,11/4,10/7,10) :9.050,90 TL, 2. 6'LI GANYAN(5/8/6/3,11/10/10) :2.646.077,30 TL, 5'Lİ GANYAN(8/6/3,11/10/10) :234.262,80 TL, 4'LÜ GANYAN(6/3,11/10/10) :12.645,58 TL, 2. 3'LÜ GANYAN(3,11/10/10) :3.123,50 TL, İKİLİ(7/10) :27,65 TL, SIRALI İKİLİ(10/7) :99,95 TL, PLASE(10) :8,05 TL, PLASE(7) :2,40 TL, PLASE İKİLİ(1/10) :21,10 TL, PLASE İKİLİ(1/7) :32,90 TL, PLASE İKİLİ(7/10) :23,50 TL, SIRALI 5 Lİ BAHİS(10/7/1/5/16) :154.375,87 TL, TABELA BAHİS(10/7/1/5) :11.222,92 TL, TABELA BAHİS SIRASIZ(10/7/1/5) :155,32 TL, 7. ÇİFTE(10/10) :454,45 TL, 7'Lİ GANYAN(1/5/8/6/3,11/10/10) :Bilen çıkmamıştır, 416,487.50 TL devretmiştir.

