Adana;(4. Yarış Günü);10/01/2026
1. Kosu :   14.30;ŞARTLI 1; 3 Yaşlı İngilizler; 58.00kg; 1300m; Kum;;;;Rekor Derece :1.18.98
İkramiye;;;;;Yetiştirici Primi;;;;
1.)685.000 TL;2.)274.000 TL;3.)137.000 TL;4.)68.500 TL;5.)34.250 TL;1.)205.500 TL;2.)82.200 TL;3.)41.100 TL;4.)20.550 TL;5.)10.275 TL;
At No;At İsmi;Yaş;Orijin(Baba);Orijin(Anne);Kilo;Jokey Adı;Sahip Adı;Antrenör Adı;St;AGF;H;Derece;Ganyan;Fark
1;GRINGA K;3y d  d;OUTWORK (USA);CAROLINA SOUTH (USA);56 +0.60;A.ÇELİK;YÜKSEL GÖKTÜRK;İS.TEKİNALP;1;%25.01(1);;1:22.83;1,80;4,5 Boy
2;CAPTIVATING SK;3y d  e;TRAPPE SHOT (USA);BIANCA BIANCA;58;MÜS.ÇELİK;FERİT SALİH BAYIR;U.KULAK;3;%24.87(2);;1:23.59;2,15;2,5 Boy
3;MAKE FUN OF SK;3y d  e;KLIMT (USA);FULLMOON;58;F.S.M.SANSAR;EMRE AKIN;H.KABUKCI;2;%9.38(5);;1:23.93;12,65;17 Boy
4;THE ACE KG DB SK;3y d  e;TIZWAY (USA);QUEEN AMIDALA;58;M.S.ÇELİK;AZİZ CAN EKEN;K.S.MUCUR;5;%16.73(3);;1:27.29;6,00;3 Boy
5;ONE WAY WIND KG DB SK;3y d  e;NATIVE KHAN (FR);WORLD STAGE;58;E.ÇİZİK;ERDAL URAL;A.GÜVEN;6;%8.18(6);;1:27.70;8,35;
6;SIEGREICH KG K;3y d  e;BLAZE TO WIN;LAİK KIZ;58;SAL.ÇELİK;METİN GÜNDAY;S.GÜRKAN;8;%10.55(4);;1:27.77;8,35;
7;LADY ATAŞ SK;3y d  d;MENDIP (USA);FLO JO;56;M.KIYAK AP;ÖZGÜR ATAŞ;M.ÖZYİĞİT;7;%4.62(7);;1:28.89;13,30;
8;GOLDEN BEE SK (Koşmaz);3y a  e;RUN AWAY AND HIDE (USA);DIAMOND LIFE;58;M.G.ARSLAN;EMRE AKIN;H.KABUKCI;4;%0.66(8);;Koşmaz;;
[(3)MAKE FUN OF,(2)GOLDEN BEE,] eküridir.GANYAN(7) :1,80 TL, İKİLİ(1/7) :3,05 TL, SIRALI İKİLİ(7/1) :6,75 TL

2. Kosu :   15.00;Handikap 15/DHÖW /H2; 4 Yaşlı Araplar; kg; 1400m; Kum;;;;Rekor Derece :1.34.68
İkramiye;;;;;Yetiştirici Primi;;;;
1.)490.000 TL;2.)196.000 TL;3.)98.000 TL;4.)49.000 TL;5.)24.500 TL;1.)88.200 TL;2.)35.280 TL;3.)17.640 TL;4.)8.820 TL;5.)4.410 TL;
At No;At İsmi;Yaş;Orijin(Baba);Orijin(Anne);Kilo;Jokey Adı;Sahip Adı;Antrenör Adı;St;AGF;H;Derece;Ganyan;Fark
1;HÜSEYİNHAN KG DB SK;4y k  a;YAKUPBEY;BOSNA ZAMBAĞI;60;SAL.ÇELİK;HAKAN UÇKAN;MEH.ÇELİK;2;%21.62(2);56;1:37.72;3,95;3,5 Boy
2;BAŞ DAĞYUDAN KG DB;4y k  a;TAMERİNOĞLU;STORM GIRL;58;M.AKYAVUZ;F.SEDAT DAĞYUDAN;M.KORKMAZ;3;%35.54(1);52;1:38.32;1,45;2,5 Boy
3;ARSLAN OĞLU KG SK;4y a  a;AYABAKAN;ÖZ NURAY;56 +0.20;M.S.ÇELİK;HASAN ARSLAN;S.POLAT;1;%18.44(3);48;1:38.69;3,50;1 Boy
4;DİCLE FIRAT KG DB SK;4y a  a;ATEŞTOPU;EYLEMKIZ;56 +0.10;MÜS.ÇELİK;FIRAT YILDIZ;HÜS.TEKİNALP;6 - DS;%14.64(4);48;1:38.85;4,00;1 Boy
5;YILDIZTEPE DB SKG SK;4y k  a;GÜRSU;CANIMINİÇİ;53,5 +2.00;M.N.SUNKAR;NİMET ARİF KURTEL;C.DEMİR;4;%6.04(5);43;1:39.00;13,30;
6;KASIRGA BEY KG K DB GKR;4y k  a;UÇANBEY;KIZIMİREM;51,5 +1.00;E.ATLAMAZ AP;C.TAHİR BURHANLIOĞLU;A.C.BURHANLIOĞLU;5;%3.72(6);39;1:40.08;25,00;
GANYAN(1) :3,95 TL, SIRALI İKİLİ(1/2) :8,25 TL, 1. ÇİFTE(7/1) :17,25 TL

3. Kosu :   15.30;ŞARTLI 4/DHÖ; 4 ve Yukarı Araplar; 58.00kg; 60.00 kg; 1200m; Kum;;;;Rekor Derece :1.20.89
İkramiye;;;;;Yetiştirici Primi;;;;
1.)490.000 TL;2.)196.000 TL;3.)98.000 TL;4.)49.000 TL;5.)24.500 TL;1.)88.200 TL;2.)35.280 TL;3.)17.640 TL;4.)8.820 TL;5.)4.410 TL;
At No;At İsmi;Yaş;Orijin(Baba);Orijin(Anne);Kilo;Jokey Adı;Sahip Adı;Antrenör Adı;St;AGF;H;Derece;Ganyan;Fark
1;ORÇUNTAY KG SK;5y a  a;ORÇUN;BELMACIK;56 +0.10;MÜS.ÇELİK;AİT ÇELİK;M.DAŞ;6;%23.59(2)  %28.86(1);72;1:23.38;2,35;1 Boy
2;PUSAT BEYİ KG;5y a  a;ÖZGÜNHAN;NURSEVİL;56 +1.00;M.AKYAVUZ;MEHMET GÜNEŞ;M.ARSLAN;5;%4.68(8)  %4.47(8);76;1:23.54;11,60;Boyun
3;NECMİ BABA KG DB SK;5y k  a;KARAÜZÜM;BEGÜMABLA;56;E.ÇİZİK;AZİZ KARAKEÇİLİ;S.KARAKEÇİLİ;8 - DS;%13.16(3)  %12.41(3);77;1:23.59;5,10;Baş
4;MEGA STAR KG SK;10y a  a;TURBO;HEKİM;56 +0.60;A.ÇELİK;YUNUS ADVAN;M.A.CANPOLATLI;2;%24.11(1)  %22.61(2);96;1:23.62;3,05;Boyun
5;SEHHAR KG DB;6y a  a;TÜMÖZ BEY;GÜLBENCE;56;F.S.M.SANSAR;YÜKSEL ARSLAN;H.ATAKAYA;1;%5.24(7)  %5.07(7);81;1:23.73;10,05;
6;BEYSERHAN DB SK;5y a  a;ALTAHA;BUKLE;56;İ.AKYAVUZ;CAN ÇAĞRI;NEJ.TURAN;4;%7.71(6)  %6.94(6);58;1:24.47;8,85;
7;BABA CAVİT KG;6y a  a;SAKARBAŞI;NAZO SULTAN;56 +2.00;V.DEMİR;ASİYE YILDIZ;M.TEK;3;%1.56(9)  %1.36(9);72;1:24.98;34,85;
8;FUNDO KG DB SK;7y a  a;GELİBOLU;ÇİSEM;54 +0.50;M.A.AKGÖBEK AP;ŞEYHMUS AKIN;M.TEK;9 - DS;%9.21(5)  %8.57(5);76;1:26.40;6,05;
9;GÜVENAĞA K DB SKG SGKR;10y a  a;TURBO;YARDIMCIKIZI;56 +0.20;M.S.ÇELİK;MEHMET BECENE;S.BECENE;7;%10.73(4)  %9.71(4);83;1:29.68;7,15;
GANYAN(7) :2,35 TL, İKİLİ(7/8) :27,20 TL, SIRALI İKİLİ(7/8) :33,75 TL, 2. ÇİFTE(1/7) :10,20 TL

4. Kosu :   16.00;Handikap 16 /H1; 4 ve Yukarı İngilizler; kg; 1400m; Kum;;;;Rekor Derece :1.24.53
İkramiye;;;;;Yetiştirici Primi;;;;
1.)630.000 TL;2.)252.000 TL;3.)126.000 TL;4.)63.000 TL;5.)31.500 TL;1.)113.400 TL;2.)45.360 TL;3.)22.680 TL;4.)11.340 TL;5.)5.670 TL;
At No;At İsmi;Yaş;Orijin(Baba);Orijin(Anne);Kilo;Jokey Adı;Sahip Adı;Antrenör Adı;St;AGF;H;Derece;Ganyan;Fark
1;ROTARACTOR DB SK;5y d  a;PAPA CLEM (USA);OTTAVIANO (USA);58;MÜS.ÇELİK;NİHAT SAĞLAM;A.C.YALAZ;9 - DS;%12.08(2)  %12.26(2);61;1:28.15;7,50;4,5 Boy
2;REŞATBEYLİ DB SK;4y d  a;BODYGUARD HERO (USA);SMART ANGEL (IRE);57;A.ÇELİK;HİKMET ÖYLÜ;T.BARDAKCI;7;%46.98(1)  %44.78(1);61;1:29.01;1,55;Yarım Boy
3;NİSANUR HATIRASI KG DB SK;6y d  a;SON OF SUN;BABBAR PATERA;61;M.A.AKGÖBEK AP;FERAT CANPOLATLI;S.BECENE;10 - DS;%4.52(7)  %4.68(7);71;1:29.12;11,25;Baş
4;THRACE FEVER KG K DB;5y d  g;PAPA CLEM (USA);DEMİRSU;55 +1.20;İ.AKYAVUZ;MEHMET AKTAŞ;EKR.YARDIMCI;2;%9.35(4)  %10.03(3);55;1:29.15;3,95;1,5  Boy
5;YİĞİT KHAN KG DB SK;5y a  a;KING OF TRAKYA;HİSARIM;63;M.AKYAVUZ;İBRAHİM HALİL GÜRCÜ;S.ÖZTÜRK ERKUŞ;1;%2.9(8)  %2.77(8);71;1:29.35;14,40;
6;MAVİ TOPAZ SK;4y d  a;KANEKO;ZALASULTAN;56,5;M.BAYIR;BİRSEN AKTAŞ;M.ÖRTÜNÇ;5;%9.58(3)  %9.73(4);60;1:29.43;7,15;
7;BABA RÜSTEM DB SKG SK;5y d  a;ABBAS YOLCU;LADY MARIA;50 +2.00;E.ATLAMAZ AP;MUSTAFA ERGÜR;V.TEKİN;4;%1.22(10)  %1.23(10);41;1:29.73;26,70;
8;DEDİYDİM KG SK;4y a  a;LION HEART (USA);HALF MOON HOTEL (GER);50 +2.00;M.KIYAK AP;SELİM ÖZEKİCİ;S.SÜSLÜ;6;%6.08(5)  %6.79(5);47;1:30.29;9,75;
9;SILENCE OF REALITY DB;5y a  a;APPROVE (IRE);SILENT FORCE;50 +2.00;E.TUNÇ;ERHAN YILDIZ;S.DEMİR;3;%1.75(9)  %1.82(9);41;1:30.46;30,35;
10;SECRET MAN SKG SK;4y a  a;TRAPPE SHOT (USA);RAINSTORM;62;SAL.ÇELİK;MÜSLÜM ŞİMŞEK;HÜS.KAYA;8;%5.55(6)  %5.92(6);71;1:32.18;11,65;
GANYAN(5) :7,50 TL, 1. 3'LÜ GANYAN(1/7/5) :151,40 TL, İKİLİ(4/5) :5,65 TL, SIRALI İKİLİ(5/4) :21,45 TL, ÜÇLÜ BAHİS(5/4/1) :351,80 TL, PLASE(4) :1,35 TL, PLASE(5) :3,10 TL, PLASE İKİLİ(1/4) :9,20 TL, PLASE İKİLİ(1/5) :19,80 TL, PLASE İKİLİ(4/5) :5,00 TL, 3. ÇİFTE(7/5) :19,20 TL

5. Kosu :   16.30;ŞARTLI 1; 3 Yaşlı İngilizler; 58.00kg; 1300m; Kum;;;;Rekor Derece :1.18.98
İkramiye;;;;;Yetiştirici Primi;;;;
1.)685.000 TL;2.)274.000 TL;3.)137.000 TL;4.)68.500 TL;5.)34.250 TL;1.)205.500 TL;2.)82.200 TL;3.)41.100 TL;4.)20.550 TL;5.)10.275 TL;
At No;At İsmi;Yaş;Orijin(Baba);Orijin(Anne);Kilo;Jokey Adı;Sahip Adı;Antrenör Adı;St;AGF;H;Derece;Ganyan;Fark
1;MAXIMUS MAN KG;3y a  e;TILSIT (USA);DANAMORADA (BRZ);58 +0.10;MÜS.ÇELİK;ULAŞ YILDIZ;C.B.SERİNER;5;%12.37(3)  %12.01(3);;1:22.39;7,40;1 Boy
2;HAVACI K;3y d  e;BODYGUARD HERO (USA);MASHKA (IRE);58;A.ÇELİK;FEDAİ KAHRAMAN;BAH.GÖK;1;%49.09(1)  %49.07(1);;1:22.55;1,30;3 Boy
3;SOUTHERN SECRET DB SKG SK;3y d  d;KANEKO;İPEK SU;56;M.N.SUNKAR;ESİN SULTAN KEPME;S.SÜSLÜ;3;%3.17(6)  %3.42(6);;1:23.08;15,00;1,5  Boy
4;VICTOR THE BRAVE K;3y a  e;VICTORY GALLOP (CAN);LOYAL ONE;58;M.S.ÇELİK;A.SEDA ÖZBELGE;İ.TEMEL;9 - DS;%15.67(2)  %15.43(2);;1:23.32;4,65;2 Boy
5;KING PİRO KG DB SK;3y d  e;BLUEGRASS CAT (USA);MS HERO;58;M.G.ARSLAN;GİZEM ÇAKMAKOĞLU;K.S.MUCUR;4;%1.61(8)  %1.76(8);;1:23.64;21,90;
6;KENJI KG DB SK;3y a  e;TRAPPE SHOT (USA);LAMAJA;58;SAL.ÇELİK;MUSTAFA GÜRCÜ;H.KARATAŞ;6;%2.99(7)  %3.04(7);;1:23.65;17,90;
7;QUEEN LIYA K;3y d  d;AIR VICE MARSHAL (USA);KASALINA (USA);56 +1.00;M.AKYAVUZ;NİMET ARİF KURTEL;C.DEMİR;7;%8.01(4)  %8.34(4);;1:23.65;7,20;
8;MEADOW K;3y d  d;BODEMEISTER (USA);RASTABAN;56 +0.70;F.R.BEBEK;Ö.ŞAHİN EĞİLLİ;A.OCAK;8;%6.05(5)  %5.99(5);;1:26.00;7,55;
9;YILDIZLARI GÖR SK;3y d  e;EUPRHATES (USA);LORD OF THE SHADOW;58 +0.10;V.DEMİR;HAMZA CANLIKA;H.ATAKAYA;2;%1.04(9)  %0.95(9);;1:36.88;25,80;
GANYAN(4) :7,40 TL, İKİLİ(1/4) :7,40 TL, SIRALI İKİLİ(4/1) :28,05 TL, ÜÇLÜ BAHİS(4/1/9) :328,70 TL, PLASE(1) :1,05 TL, PLASE(4) :1,05 TL, 4. ÇİFTE(5/4) :82,15 TL

6. Kosu :  ALİ SAMSA KARAMEHMET KOŞUSU 17.00;KV-8; 3 Yaşlı İngilizler; 58.00kg; 1500m; Kum;;;;Rekor Derece :1.31.83
İkramiye;;;;;Yetiştirici Primi;;;;
1.)975.000 TL;2.)390.000 TL;3.)195.000 TL;4.)97.500 TL;5.)48.750 TL;1.)234.000 TL;2.)93.600 TL;3.)46.800 TL;4.)23.400 TL;5.)11.700 TL;
At No;At İsmi;Yaş;Orijin(Baba);Orijin(Anne);Kilo;Jokey Adı;Sahip Adı;Antrenör Adı;St;AGF;H;Derece;Ganyan;Fark
1;POWER SONG DB SK;3y d  e;VOODOO SONG (USA);EASTENDERS;58;A.ÇELİK;EMRAH KARAMAZI;EN.KARATAŞ;5;%59.18(1)  %61.19(1);85;1:34.68;1,30;4 Boy
2;DESRUCTOR DB SK;3y d  e;TORONADO (IRE);REPRINT (IRE);58;SAL.ÇELİK;FERİT SALİH BAYIR;U.KULAK;1;%3.49(2)  %3.4(2);46;1:35.27;2,25;4 Boy
3;BAYIR EFE K;3y d  e;BODEMEISTER (USA);ANOTHERMOUTHTOFEED (USA);58;MÜS.ÇELİK;FERİT SALİH BAYIR;U.KULAK;4;%17.47(2)  %16.33(2);65;1:35.87;2,25;3 Boy
4;METAL HEART K;3y a  e;LION HEART (USA);LAST WINNER;58 +0.10;M.S.ÇELİK;ALİ UÇAK;S.SÜSLÜ;2;%18.45(3)  %17.87(3);96;1:36.28;3,20;8 Boy
5;BABY GASSAL K DB;3y d  d;MAXIMUS DREAM;TALİA HANIM;56;M.A.AKGÖBEK AP;BEKİR ÖZÇETE;C.B.SERİNER;3;%1.41(4)  %1.22(4);41;1:37.88;14,00;
[(2)DESRUCTOR,(1)BAYIR EFE,] eküridir.GANYAN(4) :1,30 TL, 1. 6'LI GANYAN(2,3,7/1/7/5/4/4) :3.938,93 TL, SIRALI İKİLİ(4/2) :16,30 TL, 5. ÇİFTE(4/4) :17,80 TL

7. Kosu :   17.30;Handikap 15/DHÖW /H1; 4 ve Yukarı Araplar; kg; 2000m; Kum;;;;Rekor Derece :2.20.77
İkramiye;;;;;Yetiştirici Primi;;;;
1.)490.000 TL;2.)196.000 TL;3.)98.000 TL;4.)49.000 TL;5.)24.500 TL;1.)88.200 TL;2.)35.280 TL;3.)17.640 TL;4.)8.820 TL;5.)4.410 TL;
At No;At İsmi;Yaş;Orijin(Baba);Orijin(Anne);Kilo;Jokey Adı;Sahip Adı;Antrenör Adı;St;AGF;H;Derece;Ganyan;Fark
1;MİRİALEM DB SKG SK;7y d  a;SARRAF;DAĞÇİÇEĞİ;60,5;N.DEMİR;HAYDAR YARDIMCI;MÜS.YARDIMCI;6;%15.34(4);60;2:23.53;3,55;Baş
2;YEDİKARDEŞLER KG SK;5y k  a;DEMİRDÖVEN;ZEYNEBİM;61,5;İ.AKYAVUZ;MAHMUT AKBAŞ;S.AKYAVUZ;2;%9.46(5);62;2:23.56;7,55;10 Boy
3;ASIL OĞUL KG DB SK;5y k  a;GÜRGÖKÇE;ASLIDİLAN;56,5 +0.20;M.A.AKGÖBEK AP;BEŞİR KAYA;YUS.KAYA;1;%16.1(3);56;2:25.70;2,85;4 Boy
4;ÇAĞLAYANŞELALE DB SK;9y a k;KAIZBERT (RU);HAÇÇE;62;Y.ÇELİKBAŞ;İSRAFİL FELHAN;H.ATAKAYA;7;%3.13(6);63;2:26.46;13,75;3 Boy
5;YAMAÇ RÜZGARI KG;5y k  a;TAMERİNOĞLU;AYTUNCA;59;A.ÇELİK;YÜKSEL GÖKTÜRK;İS.TEKİNALP;5;%28.01(1);57;2:26.99;2,30;
6;ODABAŞI DB;5y k  a;YAKUPBEY;ÇILGINDENİZ;62;M.S.ÇELİK;ŞÜKRÜ POLAT;ADN.POLAT;3;%21.47(2);63;2:27.24;4,00;
7;MUFUKCAN SK;7y k  a;EFEM;CANDEZİ;60;T.BALİ AP;HALİL YAPRAK;Y.TUNCAY;8 - DS;%2.28(7);65;2:32.40;15,80;
8;KIVIRCIK OKTAY KG SK;5y d  a;EGEBEYİ;SALDIMKAYA;58;E.ATLAMAZ AP;BEŞİR KAYA;RAM. KAYA;4;%4.21(3);61;2:33.60;2,85;
[(8)ASIL OĞUL,(5)KIVIRCIK OKTAY,] eküridir.GANYAN(6) :3,55 TL, İKİLİ(4/6) :17,00 TL, SIRALI İKİLİ(6/4) :29,20 TL, ÜÇLÜ BAHİS(6/4/8) :186,40 TL, PLASE(4) :5,60 TL, PLASE(6) :1,90 TL, 6. ÇİFTE(4/6) :7,25 TL

8. Kosu :   18.00;ŞARTLI 5/DHÖ/Dişi /X; 4 Yaşlı Araplar; 58.00kg; 1300m; Kum;;;;Rekor Derece :1.28.54
İkramiye;;;;;Yetiştirici Primi;;;;
1.)630.000 TL;2.)252.000 TL;3.)126.000 TL;4.)63.000 TL;5.)31.500 TL;1.)113.400 TL;2.)45.360 TL;3.)22.680 TL;4.)11.340 TL;5.)5.670 TL;
At No;At İsmi;Yaş;Orijin(Baba);Orijin(Anne);Kilo;Jokey Adı;Sahip Adı;Antrenör Adı;St;AGF;H;Derece;Ganyan;Fark
1;AYAZ DEFNE KG K DB;4y k k;DEMİRDÖVEN;NAZO SULTAN;61;A.ÇELİK;MEHMET ARICI;M.ARICI;11 - DS;%24.15(2);66;1:31.67;2,90;2,5 Boy
2;ARKEN TAŞI;4y a k;ATEŞTOPU;DERAY HANIM;56;İ.AKYAVUZ;MEHMET ARSLAN;M.ARSLAN;4;%6.63(6);42;1:32.10;9,85;Burun
3;ATAKLI KIZ KG K;4y d k;TAYKUT;ATAKPRENSİ;58 +0.10;M.AKYAVUZ;MEHMET DEMİRKAPI;E.AÇMAZ;10;%13.16(3);56;1:32.11;5,75;3,5 Boy
4;SOSAN YILDIZI KG DB SK;4y a k;PİRSUS;KOŞANSAÇAN;58;MÜS.ÇELİK;MUSA SOSAN;K.TAŞDEMİR;9;%8.86(5);50;1:32.83;8,25;Boyun
5;KİRAZLI KG DB SK;4y k k;ODİNHAN;RAZİYE;55 +1.60;N.DEMİR;ZEYNEL ALTUNBAŞ;Y.TUNCAY;3;%1.05(9);35;1:32.91;34,75;
6;ANADOLU YAZI KG DB SK;4y k k;TAMERİNOĞLU;YAZGÜNÜ;54 +0.80;M.A.AKGÖBEK AP;EROL YÜCEL;A.GÜVEN;7;%2.56(7);36;1:33.52;19,15;
7;ARZUDAR KG DB SK;4y a k;ATEŞTOPU;FERİDESULTAN;58 +0.10;M.S.ÇELİK;METİN ALTIN;A.DİNÇ;5;%30.2(1);67;1:33.99;2,00;
8;AŞK VE GAMZE KG SK;4y k k;DEMİRDÖVEN;AŞK VE GÜL;58;F.S.M.SANSAR;BEŞİR KAYA;RAM. KAYA;8;%1.51(8);51;1:35.14;18,00;
9;GIRLBİKE KG DB SK;4y d k;BABA MEVLÜT;KUTBİKE;56;E.ÇİZİK;AHMET ÇİÇEK;T.ÇİZİK;1;%10.31(4);41;1:35.18;6,15;
10;ŞEVVALNUR KG DB SK;4y k k;TAMERİNOĞLU;ZEYNEPŞEVVAL;54 +2.00;F.ÇETİNBAŞ;FEHMİ İLERİ;A.DİNÇ;2;%0.83(10);43;1:36.91;40,25;
11;FENER ALAYI SK;4y k k;BERKSOY;OTLUKBELİ;52 +1.00;E.ATLAMAZ AP;BARIŞ ŞİMŞEK;H.KARATAŞ;6;%0.74(11);42;1:38.08;40,95;
GANYAN(1) :2,90 TL, 7'Lİ PLASE(1,2/7,8/4,5/1,4/1,2,4/4,6/1,6) :163,50 TL, 2. 6'LI GANYAN(7/5/4/4/6/1) :6.179,50 TL, 5'Lİ GANYAN(5/4/4/6/1) :2.435,02 TL, 4'LÜ GANYAN(4/4/6/1) :461,12 TL, 2. 3'LÜ GANYAN(4/6/1) :38,00 TL, İKİLİ(1/6) :25,90 TL, SIRALI İKİLİ(1/6) :35,00 TL, ÜÇLÜ BAHİS(1/6/4) :380,10 TL, PLASE(1) :2,75 TL, PLASE(6) :5,25 TL, PLASE İKİLİ(1/4) :6,70 TL, PLASE İKİLİ(1/6) :16,90 TL, PLASE İKİLİ(4/6) :12,30 TL, 7. ÇİFTE(6/1) :17,00 TL

