Santa Anita Park ABD;(0. Yarış Günü);15/02/2026
1. Kosu 23.30;Maiden; 3 Yaşlı İngilizler; kg; 1300m; Çim;;;;Rekor Derece :
İkramiye;;;;;Yetiştirici Primi;;;;
1.)44.100 $;2.)14.000 $;3.)7.000 $;4.)4.900 $
At No;At İsmi;Yaş;Orijin(Baba);Orijin(Anne);Kilo;Jokey Adı;Sahip Adı;Antrenör Adı;St;AGF;H;Derece;Ganyan;Fark
1;WORK (USA);3y a  e;AMERICAN PHAROAH;WITH MISCHIEF;55,5;ARMANDO AYUSO;CALUMET FARM;DOUG F. O'NEILL;2;%0(0)  %0(0);64;;8,65;
2;TOBY'S HONOR (USA);3y a  e;OMAHA BEACH;TRAININGAT THE BAR;55,5;KYLE FREY;BURNETT, BRANDON, EN;TIM  MCCANNA;1;%0(0)  %0(0);82;;10,40;
3;DIAGHILEV (USA);3y d  e;MACLEAN'S MUSIC;CHOREOGRAPH;55,5;MIRCO DEMURO;BASS II, PERRY R. AN;RICHARD E. MANDELLA;5;%0(0)  %0(0);76;;3,25;
4;CHAPTER ONE (USA);3y d  e;YAUPON;JUST JENDA;55,5;HECTOR ISAAC BERRIOS;QUATTRO NAVARRO FARM;DOUG F. O'NEILL;8;%0(0)  %0(0);74;;7,25;
5;FLAMBOYANT (USA);3y k  e;LIAM'S MAP;CALIFORNIA SPIRIT;55,5;ANTONIO FRESU;HRONIS RACING LLC;JOHN W. SADLER;4;%0(0)  %0(0);0;;5,20;
6;SANDS OF TIME (USA);3y k  e;COLLECTED (IRE);ROSE OF CAIRO;55,5;KAZUSHI KIMURA;ESTATE OF BRERETON C;PHILIP  D'AMATO;7;%0(0)  %0(0);79;;10,80;
7;LUCK LUCKY (IRE);3y a  e;LUCKY VEGA (IRE);ALSHADHIA (IRE);55,5;EMISAEL JARAMILLO;CYBT, STRAND BEACH, ;PHILIP  D'AMATO;3;%0(0)  %0(0);88;;1,80;
8;BAD REPUTATION (USA) (Koşmaz);3y a  e;VOLATILE;STICK TO YOUR GUNS;55,5;TIAGO JOSUE PEREIRA;ASARO, ANDREW, BROWN;KAREN HEADLEY;6;%0(0)  %0(0);0;Koşmaz;;
GANYAN(2) :8,65 TL, İKİLİ(1/2) :42,80 TL, SIRALI İKİLİ(2/1) :89,55 TL, ÜÇLÜ BAHİS(2/1/5) :3.451,60 TL Çıkan 1 Atla: 85,60 TL, PLASE(1) :3,50 TL, PLASE(2) :3,45 TL

2. Kosu 00.00;Maiden; 4 ve Yukarı İngilizler; kg; 1200m; Kum;;;;Rekor Derece :
İkramiye;;;;;Yetiştirici Primi;;;;
1.)44.100 $;2.)14.000 $;3.)7.000 $;4.)4.900 $
At No;At İsmi;Yaş;Orijin(Baba);Orijin(Anne);Kilo;Jokey Adı;Sahip Adı;Antrenör Adı;St;AGF;H;Derece;Ganyan;Fark
1;THE LAST STRAW (USA);4y a  a;INTO MISCHIEF;BAST;56;MIRCO DEMURO;SPENDTHRIFT FARM LLC;RICHARD E. MANDELLA;5;%24.52(3)  %0(0);76;;1,35;
2;CALL ME CORY (USA);4y a  a;UNCLE MO;FASHION WEEK;56;ADRIAN ESCOBEDO;WARREN DRAKOS;RYAN HANSON;2;%31.88(2)  %0(0);90;;2,70;
3;SILENT WAY (USA);4y a  a;MCKINZIE;KOALA QUEEN;56;HECTOR ISAAC BERRIOS;C R K STABLE, LLC;PETER EURTON;1;%34.04(1)  %0(0);86;;27,55;
4;ONE MORE TIME (USA);4y a  a;COLLECTED;GOLDEN ORB;56;FLORENT GEROUX;SPEEDWAY STABLES LLC;BOB BAFFERT;3;%7.31(4)  %0(0);62;;3,20;
5;SILVER ICE (USA);4y k  a;NYQUIST;SILVER DOLLAR DIVA;56;ABEL LEZCANO;LUIGI DI PIETRO;TIM  MCCANNA;4;%2.25(5)  %0(0);67;;28,45;
GANYAN(5) :1,35 TL, SIRALI İKİLİ(5/2) :6,90 TL, 1. ÇİFTE(2/5) :44,90 TL

3. Kosu : SATIŞ KOŞUSU 00.30;Şartlı/Dişi; 4 ve Yukarı İngilizler; kg; 1200m; Çim;;;;Rekor Derece :
İkramiye;;;;;Yetiştirici Primi;;;;
1.)17.640 $;2.)5.600 $;3.)2.800 $;4.)1.960 $
At No;At İsmi;Yaş;Orijin(Baba);Orijin(Anne);Kilo;Jokey Adı;Sahip Adı;Antrenör Adı;St;AGF;H;Derece;Ganyan;Fark
1;FANCY FACTS (USA);4y k k;THE FACTOR (IRE);KATALUST;56;KAZUSHI KIMURA;SLUGO RACING AND LOV;MIKE  PUYPE;1;%12.73(4)  %0(0);72;;6,00;
2;CLOUDY WOMEN (USA);4y a k;CLOUD COMPUTING;OLD VALYRIA;56;HECTOR ISAAC BERRIOS;HRONIS RACING LLC;JOHN W. SADLER;9;%20.24(3)  %0(0);82;;4,55;
3;NEWPORT DREAMZ (USA);4y a k;DANZING CANDY;HARBOR MIST;56;WELFIN R. ORANTES;KAZARIAN, NICK CARL ;TIM  YAKTEEN;4;%3.63(7)  %0(0);70;;38,85;
4;WITH LOVE (GB);6y d k;TERRITORIES (IRE);THRAYA STAR (FR);56;FLORENT GEROUX;R3 RACING LLC AND PA;GEORGE PAPAPRODROMOU;10;%23.02(1)  %0(0);88;;1,80;
5;SWEET DELTA DAWN (USA);5y k k;AIR FORCE BLUE;MERCURIAL;56;ANTONIO FRESU;COAST RACING, JOHN F;RICHARD BALTAS;6;%10.1(5)  %0(0);82;;5,70;
6;WILLOW COVE (USA);6y d k;MINISTERS WILD CAT;PASCHALITSA;56;TIAGO JOSUE PEREIRA;STANLEY L. SPANO;BLAINE D. WRIGHT;3;%4.21(6)  %0(0);78;;57,25;
7;MOLLY JENSEN (CAN);4y a k;GHOSTZAPPER;MO EMMA;56;RICARDO GONZALEZ;ALIPONY RACING, AGNE;MARK  GLATT;7;%2.34(8)  %0(0);61;;34,45;
8;MORGAN'S BLUFF (USA);6y a k;MORE THAN READY;FLORIDA FUEGO;56;ARMANDO AYUSO;HOWARD AND JANET SIE;ROBERT B. HESS, JR.;5;%1.54(9)  %0(0);71;;27,30;
9;DARLIN TAMI (USA);4y d k;TAMARANDO;HALO DARLIN;56;KYLE FREY;WILLIAMS, LARRY D. A;JEFF BONDE;8;%21.21(2)  %0(0);83;;3,90;
10;COIFFEUR (USA);5y a k;LAST DRAW;CREME RINSE;56;EDGAR PAYERAS;EATON, TERRI AND GIB;TERRI EATON;2;%0.96(10)  %0(0);71;;67,25;
GANYAN(1) :6,00 TL, 1. 3'LÜ GANYAN(2/5/1) :806,60 TL, İKİLİ(1/9) :10,20 TL, SIRALI İKİLİ(1/9) :30,80 TL, ÜÇLÜ BAHİS(1/9/4) :385,20 TL, PLASE(1) :2,10 TL, PLASE(9) :1,20 TL, PLASE İKİLİ(1/4) :83,40 TL, PLASE İKİLİ(1/9) :5,60 TL, PLASE İKİLİ(4/9) :20,50 TL, 2. ÇİFTE(5/1) :23,95 TL

4. Kosu : OPSİYONEL SATIŞ KOŞUSU 01.00;Şartlı; 4 ve Yukarı İngilizler; kg; 1200m; Kum;;;;Rekor Derece :
İkramiye;;;;;Yetiştirici Primi;;;;
1.)16.380 $;2.)5.200 $;3.)2.600 $;4.)1.820 $
At No;At İsmi;Yaş;Orijin(Baba);Orijin(Anne);Kilo;Jokey Adı;Sahip Adı;Antrenör Adı;St;AGF;H;Derece;Ganyan;Fark
1;JAGUAR JON (USA);4y a  a;OM;SCATHING;55,5;CESAR BELMONT;GREENWAY RACING STAB;ANDY  MATHIS;4;%7.27(5)  %0(0);91;;12,30;
2;TIGER IN MY TANK (USA);5y d  a;SMILING TIGER;MARKS MINE;56;KYLE FREY;MIA FAMILIA RACING S;LIBRADO BAROCIO;5;%5.05(6)  %0(0);86;;7,20;
3;JOINT VENTURE (USA);6y k  a;MIZZEN MAST;ABBEYVILLE MISS;55,5;WELFIN R. ORANTES;HOTTER THAN H RACING;RONALD W. ELLIS;8;%16.6(2)  %0(0);98;;6,70;
4;ATOMIC DROP (USA);8y d  a;MUCHO MACHO MAN;ALWAYS SWEET;56;RICARDO S. RAMIREZ;JESUS J. URANGA;JESUS J. URANGA;2;%1.89(9)  %0(0);86;;12,00;
5;WINDS OF FREEDOM (USA);4y d  a;STANFORD;LEMON DROP SIS;55,5;TIAGO JOSUE PEREIRA;BROGLIATTI, RAYMOND ;BLAINE D. WRIGHT;3;%2.53(7)  %0(0);84;;5,75;
6;DIRTY WORDS (USA);4y a  a;THOUSAND WORDS;TENACIOUS HEART;56;TYLER BAZE;BRIAN S. PARKER;ISIDRO TAMAYO;6;%38.73(1)  %0(0);93;;2,00;
7;RAGING WATERS (USA);8y a  a;MINISTERS WILD CAT;CALM THE SEA;55,5;EMISAEL JARAMILLO;STEVE R. KNAPP;STEVE R. KNAPP;9;%12.89(3)  %0(0);90;;5,40;
8;FOUR O SIX CREED (USA);6y a  a;JIMMY CREED;SHE'S ALL READY;55,5;DIEGO A. HERRERA;LES BLAKE;JEFF MULLINS;1;%12.87(4)  %0(0);94;;11,85;
9;GYPSY TEARS (USA);7y k  a;GEM HEIST;GRAYSON'S STAR;55,5;MIRCO DEMURO;BOB W. GRAYSON, JR.;VAL BRINKERHOFF;7;%2.16(8)  %0(0);88;;10,60;
10;ONE SMOKIN DUDE (USA) (Koşmaz);4y a  a;SMOKEM;VERY FEW DETAILS;0;SCRATCHED;CHACON, ANTHONY J., ;STEVEN MIYADI;98;%0.02(10)  %0(0);83;Koşmaz;;
GANYAN(5) :12,30 TL, İKİLİ(5/6) :36,95 TL, SIRALI İKİLİ(5/6) :106,55 TL, ÜÇLÜ BAHİS(5/6/9) :823,70 TL, PLASE(5) :4,90 TL, PLASE(6) :3,45 TL, PLASE İKİLİ(5/6) :16,90 TL, PLASE İKİLİ(5/9) :12,90 TL, PLASE İKİLİ(6/9) :41,40 TL, 3. ÇİFTE(1/5) :77,95 TL

5. Kosu 01.30;Maiden; 4 ve Yukarı İngilizler; kg; 1600m; Çim;;;;Rekor Derece :
İkramiye;;;;;Yetiştirici Primi;;;;
1.)44.100 $;2.)14.000 $;3.)7.000 $;4.)4.900 $
At No;At İsmi;Yaş;Orijin(Baba);Orijin(Anne);Kilo;Jokey Adı;Sahip Adı;Antrenör Adı;St;AGF;H;Derece;Ganyan;Fark
1;ZAGREUS (USA);4y a  a;SIR PRANCEALOT (IRE);PERSEPHONE (IRE);56;DIEGO A. HERRERA;CIAGLIA RACING LLC, ;LEONARD POWELL;3;%12.02(3)  %0(0);75;;4,65;
2;BENNY'S PUZZLE (USA);4y d  a;CURLIN TO MISCHIEF;SHEZROXIIE;56;RICARDO GONZALEZ;ESX RACING, HUBBARD,;JORGE GUTIERREZ;4;%0.96(8)  %0(0);76;;38,15;
3;HARDTOBEBETTERNOW (USA);4y d  a;HARD SPUN (USA);WHOBETTERTHANUS;56;KAZUSHI KIMURA;BROWN, EDWARD RUSTY ;TIM  YAKTEEN;6;%54.16(1)  %0(0);82;;1,50;
4;NINETEENTH HOLE (USA);4y a  a;CLUBHOUSE RIDE;SHORTBREAD SCOTTY;56;ARMANDO AGUILAR;DORE, TIMOTHY AND MO;TIM  YAKTEEN;1;%3.25(6)  %0(0);0;;14,15;
5;HIGH KING (USA);5y a  a;GRAYDAR (USA);PUBLIC HOUSE;56;ARMANDO AYUSO;KERR, JARED W. AND K;GARY STUTE;11;%1.72(7)  %0(0);77;;12,30;
6;STAR OF DELHI (USA);4y a  a;SMILING TIGER;STAR FIELD;56;TIAGO JOSUE PEREIRA;PACKSADDLE ROAD LLC;D. WAYNE BAKER;8;%4.37(5)  %0(0);76;;7,40;
7;MAUL (USA);4y d  a;DANZING CANDY;CAYTON;56;FRANCISCO MONROY;ORENS, RICHARD S. AN;ANDREAS PSARRAS;5;%0.56(10)  %0(0);62;;27,90;
8;SHAPOVAL (USA);4y d  a;VRONSKY;KHALAYA;56;TYLER BAZE;ROBERT M. JONES;JEFF MULLINS;7;%6.86(4)  %0(0);73;;5,95;
9;WASTING ACES (USA);5y a  a;TOM'S TRIBUTE;BIRTHDAY SURPRISE;56;ANTONIO FRESU;KORINER, BRIAN J. AN;BRIAN J. KORINER;2;%0.9(9)  %0(0);60;;38,30;
10;RICH REWARD (USA);4y d  a;RICHARD'S KID;BLONDY'S REWARD;56;MIRCO DEMURO;PAULA S. CAPESTRO;PAULA S. CAPESTRO;10;%14.7(2)  %0(0);84;;13,25;
11;GOING NOWHERE (USA) (Koşmaz);5y k  a;OM;CHRISTIANA'S HEAT;56;ADRIAN ESCOBEDO;ALBERT AND KATHLEEN ;RYAN HANSON;9;%0.51(11)  %0(0);80;Koşmaz;;
GANYAN(3) :4,65 TL, İKİLİ(3/4) :60,55 TL, SIRALI İKİLİ(3/4) :81,80 TL, ÜÇLÜ BAHİS(3/4/6) :581,10 TL Çıkan 1 Atla: 116,20 TL, PLASE(3) :1,80 TL, PLASE(4) :7,70 TL, PLASE İKİLİ(3/4) :56,80 TL, PLASE İKİLİ(3/6) :6,60 TL, PLASE İKİLİ(4/6) :14,40 TL, 4. ÇİFTE(5/3) :70,25 TL

6. Kosu : MAIDEN SATIŞ KOŞUSU 02.00;Maiden/Dişi; 3 Yaşlı İngilizler; kg; 1200m; Kum;;;;Rekor Derece :
İkramiye;;;;;Yetiştirici Primi;;;;
1.)13.230 $;2.)4.200 $;3.)2.100 $;4.)1.470 $
At No;At İsmi;Yaş;Orijin(Baba);Orijin(Anne);Kilo;Jokey Adı;Sahip Adı;Antrenör Adı;St;AGF;H;Derece;Ganyan;Fark
1;SAVANNAHS BIG GIRL (USA);3y d  d;MR. BIG;OH BABY OH BABY;55,5;KAZUSHI KIMURA;AKIN, ZVIKA, AVERY, ;STEVE M. SHERMAN;7;%18.12(2)  %0(0);66;;5,15;
2;SHE'S BACK (USA);3y a  d;TAP BACK;LAUREN SQUARED;55,5;KYLE FREY;SMOLICH, ROB AND THO;JAMEY R. THOMAS;13;%13.9(3)  %0(0);46;;5,30;
3;WILLOW IN THE WIND (USA);3y k  d;GRAYDAR (USA);WILLOW SWITCH;55,5;ANTONIO FRESU;PEDRO RANGEL;RUBEN GOMEZ;10;%2.65(10)  %0(0);57;;34,45;
4;BIG MISS (USA);3y d  d;MR. BIG;MISS AFTER PARTY;55,5;ABEL LEZCANO;LOUIS NEVE;BRENDAN W. GALVIN;4;%1.52(12)  %0(0);27;;37,10;
5;DUSTEM TOO (USA);3y d  d;SMOKEM;GRACIE GRACE;55,5;WELFIN R. ORANTES;O C WEST COAST STABL;TIM  YAKTEEN;1;%2.98(9)  %0(0);0;;11,05;
6;STARS HOLLOW (USA);3y a  d;CLUBHOUSE RIDE;POINT HOPE (IRE);55,5;ARMANDO AYUSO;PATRICK MACIARIELLO;DAN BLACKER;2;%27.13(1)  %0(0);69;;1,75;
7;TINA'S PRINCESS (USA);3y a  d;STAY THIRSTY;FIFTYEIGHT SPECIAL;55,5;EDGAR PAYERAS;4 HARES RACING, INC;EDWIN G. ALVAREZ;3;%2.14(11)  %0(0);41;;25,35;
8;SAMRAN (USA) (Koşmaz);3y a  d;MIDNIGHT LUTE;CHAO CHOM;0;SCRATCHED;S SAMDOW, INC.;;98;%0.01(14)  %0(0);0;Koşmaz;;
9;LITTLE ORIGINAIRE (USA);3y a  d;ORIGINAIRE (IRE);LITTLE FISC (IRE);53;ALFREDO L. BAUTISTA;BG STABLES;STEVEN MIYADI;5;%7.66(5)  %0(0);0;;29,35;
10;LOVE LOCK (USA);3y a  d;I'M LOCK N LOAD;CHAPTER TEN;55,5;TIAGO JOSUE PEREIRA;CAROL ANDERSON;ISIDRO TAMAYO;6;%2.99(8)  %0(0);35;;22,40;
11;GO PRANCEALOT (USA);3y d  d;SIR PRANCEALOT (IRE);GO GRETA (GB);55,5;ARMANDO AGUILAR;M AND J RANCH;JESUS RAMOS;8;%3.74(7)  %0(0);60;;26,25;
12;JULIA STREET (USA);3y d  d;CLUBHOUSE RIDE;BIG EASY;55,5;RICARDO GONZALEZ;ECLIPSE THOROUGHBRED;MICHAEL W. MCCARTHY;9;%11.2(4)  %0(0);0;;5,40;
13;SOUTHERN RIFF (USA);3y a  d;SMILING TIGER;SOUTHERN DRAWL;55,5;TYLER BAZE;MEIER, MONTY R., MEI;MONTY R. MEIER;11;%1.38(13)  %0(0);0;;29,85;
14;REAL LUCKY IN LOVE (USA);3y k  d;CUPID;REAL KEEPER;55,5;CRISTOBAL HERRERA;CHRISTINA KUHLMANN;STEVE M. SHERMAN;12;%4.56(6)  %0(0);0;;45,35;
GANYAN(8) :5,15 TL, İKİLİ(8/14) :15,80 TL, SIRALI İKİLİ(8/14) :33,40 TL, ÜÇLÜ BAHİS(8/14/11) :683,40 TL, PLASE(14) :3,10 TL, PLASE(8) :3,25 TL, PLASE İKİLİ(11/14) :26,20 TL, PLASE İKİLİ(8/11) :27,50 TL, PLASE İKİLİ(8/14) :9,10 TL, 5. ÇİFTE(3/8) :15,50 TL

7. Kosu : OPSİYONEL SATIŞ KOŞUSU 02.30;Şartlı/Dişi; 4 ve Yukarı İngilizler; kg; 1300m; Çim;;;;Rekor Derece :
İkramiye;;;;;Yetiştirici Primi;;;;
1.)44.100 $;2.)14.000 $;3.)7.000 $;4.)4.900 $
At No;At İsmi;Yaş;Orijin(Baba);Orijin(Anne);Kilo;Jokey Adı;Sahip Adı;Antrenör Adı;St;AGF;H;Derece;Ganyan;Fark
1;PURA VIDA PRINCESA (USA);4y d k;COMPLEXITY;BETYAR;55,5;MIRCO DEMURO;SUPERFECTA KING STAB;DOUG F. O'NEILL;5;%10.79(5)  %0(0);88;;5,60;
2;ROSA PARKS (USA);4y a k;SIR PRANCEALOT (IRE);S Y SKY;56;ANTONIO FRESU;NICHOLAS B. ALEXANDE;PHILIP  D'AMATO;1;%12.68(4)  %0(0);85;;4,20;
3;NO CAP (USA);5y d k;DADS CAPS;LA STRADA;56;ARMANDO AYUSO;JAY EM ESS STABLE;BRIAN J. KORINER;10;%1.88(11)  %0(0);90;;20,05;
4;CANDY BAR (USA);6y d k;CONSTITUTION;SUGAR BABE;56;TYLER BAZE;MEAN GIRLS RACING ST;ISIDRO TAMAYO;7;%3.22(7)  %0(0);92;;9,95;
5;TAKE ANOTHER CARD (USA);4y a k;I'LL HAVE ANOTHER;YOU MISSED IT;56;FLORENT GEROUX;REDDAM RACING LLC;SIMON CALLAGHAN;2;%16.28(3)  %0(0);96;;9,50;
6;KETONIA (FR);5y a k;ZELZAL (FR);ALHANIA;55,5;HECTOR ISAAC BERRIOS;HOTTER THAN H RACING;RONALD W. ELLIS;3;%2.15(9)  %0(0);86;;17,55;
7;HELGA BRANDT (IRE);5y d k;MEHMAS (IRE);FELIX GOLD (IRE);55,5;DIEGO A. HERRERA;OUT OF THE BLUE STAB;CARLA GAINES;4;%2.67(8)  %0(0);91;;6,80;
8;DARE TO FLY (USA);4y d k;DAREDEVIL;DEE DEE BERTIE;55,5;EMISAEL JARAMILLO;AGAVE RACING STABLE,;PHILIP  D'AMATO;6;%19.63(2)  %0(0);95;;10,00;
9;SHEZMISBEHAVING (USA);7y a k;CURLIN TO MISCHIEF;SHEZROXIIE;56;TIAGO JOSUE PEREIRA;ESX RACING, GEORGIO,;JORGE GUTIERREZ;8;%1.97(10)  %0(0);90;;9,70;
10;CLAIRE AUSTIN (USA);4y d k;NYQUIST;OIL EMPRESS;55,5;KYLE FREY;AMO RACING USA, LLC;GEORGE PAPAPRODROMOU;9;%22.76(1)  %0(0);90;;3,25;
11;EIFFEL (USA);4y d k;CITY OF LIGHT (FR);ON THE GOOD LIST;55,5;KAZUSHI KIMURA;LITTLE RED FEATHER R;MIKE  PUYPE;11;%5.96(6)  %0(0);93;;9,75;
GANYAN(5) :5,60 TL, 7'Lİ PLASE(1,2/2,5/1,9/5,6/3,4/8,14/1,5) :14.420,10 TL, 6'LI GANYAN(5/1/5/3/8/5) :66.745,35 TL, 5'Lİ GANYAN(1/5/3/8/5) :36.531,30 TL, 4'LÜ GANYAN(5/3/8/5) :4.872,26 TL, 2. 3'LÜ GANYAN(3/8/5) :219,90 TL, İKİLİ(1/5) :42,40 TL, SIRALI İKİLİ(5/1) :46,70 TL, ÜÇLÜ BAHİS(5/1/10) :1.743,70 TL, PLASE(1) :5,20 TL, PLASE(5) :3,55 TL, PLASE İKİLİ(1/10) :31,90 TL, PLASE İKİLİ(1/5) :14,10 TL, PLASE İKİLİ(5/10) :22,00 TL, 6. ÇİFTE(8/5) :43,45 TL, 7'Lİ GANYAN(2/5/1/5/3/8/5) :Bilen çıkmamıştır, 16,523.10 TL devretmiştir.

