Ankara;(30. Yarış Günü);27/06/2026
1. Kosu :   14.00;Handikap 16/DHÖW/Dişi /H1; 4 ve Yukarı Araplar; kg; 2000m; Kum;;;;Rekor Derece :2.21.13
İkramiye;;;;;Yetiştirici Primi;;;;
1.)730.000 TL;2.)292.000 TL;3.)146.000 TL;4.)73.000 TL;5.)36.500 TL;1.)131.400 TL;2.)52.560 TL;3.)26.280 TL;4.)13.140 TL;5.)6.570 TL;
At No;At İsmi;Yaş;Orijin(Baba);Orijin(Anne);Kilo;Jokey Adı;Sahip Adı;Antrenör Adı;St;AGF;H;Derece;Ganyan;Fark
1;KURUÇAY DB SKG SK;5y a k;SONALP;ERVAGÜL;52 +1.80;SERH.ÇELİK AP;SUAT BAYBURAN;T.BİRİCİK;1;%7.63(4);36;2:28.14;6,30;1,5  Boy
2;ÖZKEHRİBAR DB SK;6y a k;ÖZGÜNHAN;KEHRİBAR;54,5 +0.10;M.KESKİN;MEHMET KARATOPRAK;Y.UÇAR;7 - DS;%6.64(6);56;2:28.42;11,95;9 Boy
3;SEÇİLKIZ KG K DB;4y k k;TAMERİNOĞLU;SEÇİLAY;55,5 +1.10;ER.CANKILIÇ AP;MUSTAFA TÜZÜN;Ş.AYDEMİR;5;%16.08(3);66;2:29.93;4,65;1 Boy
4;DERYADİL DB SKG SK;6y d k;HIZLITAY;NİSASU;52 +1.50;E.ATLAMAZ AP;SELİLE ELĞAÇ;AL.ÇİZİK;6;%25.85(2);50;2:30.09;2,05;2,5 Boy
5;YILMAKIZIM DB;5y k k;YILMABAŞAR;ÖRNEKAY;58;F.S.M.SANSAR;GÖKHAN GÜLLÜ;HÜS.TEKİNALP;3;%6.81(5);63;2:30.62;9,75;
6;HİVE SULTAN KG K;4y a k;FATİH AĞA;ESMEKE;54,5 +2.00;H.ÇİZİK;MEHMET Ş. ÇİZİK;AL.ÇİZİK;4;%34.88(1);61;2:32.33;2,25;
7;MAHMELEK SK (Koşmaz);5y a k;ATEŞTOPU;DOĞUNUN YILDIZI;61;A.CEYLAN AP;MEHMET KILIÇ;H.DOLMAZ;2;%2.11(7);73;Koşmaz;;
GANYAN(7) :6,30 TL, İKİLİ(5/7) :34,15 TL, SIRALI İKİLİ(7/5) :84,95 TL

2. Kosu :   14.30;SATIŞ 3; 3 Yaşlı İngilizler; 58.00kg; 1600m; Çim;;;;Rekor Derece :1.33.82
İkramiye;;;;;Yetiştirici Primi;;;;
1.)630.000 TL;2.)252.000 TL;3.)126.000 TL;4.)63.000 TL;5.)31.500 TL;1.)151.200 TL;2.)60.480 TL;3.)30.240 TL;4.)15.120 TL;5.)7.560 TL;
At No;At İsmi;Yaş;Orijin(Baba);Orijin(Anne);Kilo;Jokey Adı;Sahip Adı;Antrenör Adı;St;AGF;H;Derece;Ganyan;Fark
1;GRAY DREAM DB SKG SK;3y k  d;GRAYSTORM;GO WIID;56;G.KOCAKAYA;AHMET GÜZELOCAK;O.BULUT;2;%29.32(1);45;1:35.34;2,25;6 Boy
2;GRENTLY WINS DB SK;3y d  e;RHYTHM DIVINE;KÜÇÜK BEYZA;58;M.UYAR AP;SEMRA AKSU;T.O.KARA;1;%15.35(5);52;1:36.21;4,70;1 Boy
3;LADY GROUND K;3y d  d;BATTLEGROUND (USA);BLACK PUNCH;50 +1.70;M.A.SOLMAZ;BERKAY UĞUR ÇETİNEL;E.KARATAŞ;3;%3.75(4);36;1:36.38;4,50;Yarım Boy
4;CHILO SK;3y a  e;WOLF PRINCE;WONDER GIRL;58 +0.30;M.KAYA;SELİM KAYA;HÜS.KAYA;4 - DS;%18.02(3);71;1:36.44;2,95;2,5 Boy
5;SPEEDTAIL KG K;3y d  e;HAKEEM (USA);CARNA;58;M.AKYAVUZ;GÜLİZAR YANIK;H.SUNKAR;5 - DS;%21.31(2);67;1:36.83;3,70;
6;ANGLE RISING KG K;3y d  e;TOROK (IRE);GELANA;58;E.ÇİZİK;MURAT ÇETİNEL;E.KARATAŞ;6 - DS;%12.27(4);50;1:36.86;4,50;
[(6)LADY GROUND,(1)ANGLE RISING,] eküridir.GANYAN(5) :2,25 TL, SIRALI İKİLİ(5/3) :10,40 TL, 1. ÇİFTE(7/5) :36,90 TL

3. Kosu :   15.00;Handikap 16/DHÖW /H2; 4 Yaşlı Araplar; kg; 1900m; Çim;;;;Rekor Derece :2.06.20
İkramiye;;;;;Yetiştirici Primi;;;;
1.)730.000 TL;2.)292.000 TL;3.)146.000 TL;4.)73.000 TL;5.)36.500 TL;1.)131.400 TL;2.)52.560 TL;3.)26.280 TL;4.)13.140 TL;5.)6.570 TL;
At No;At İsmi;Yaş;Orijin(Baba);Orijin(Anne);Kilo;Jokey Adı;Sahip Adı;Antrenör Adı;St;AGF;H;Derece;Ganyan;Fark
1;DENİZ SAVAŞI KG K;4y a  a;GELİBOLU;MANİTA;60;V.ABİŞ;CEMAL TURAN;RAM. KAYA;7;%17.92(2)  %19.03(1);61;2:07.43;3,25;1,5  Boy
2;AKSU EFE KG DB SK;4y k  a;DENİZİM;ÖZLÜCAN;50,5 +1.10;M.UYAR AP;SEMRA AKSU;T.O.KARA;3;%7.56(6)  %7.75(6);48;2:07.62;8,45;Boyun
3;ATLI FIRTINA KG;4y a  a;SERDÜMEN;ARIM;52 +2.00;F.S.M.SANSAR;ŞEREF ATLI;Ü.ARSLAN;9;%12.51(3)  %13.59(3);40;2:07.67;5,30;Baş
4;SOĞUKDAĞ DB SK;4y d  a;BİÇER;ATİFEHANIM;55;E.ATLAMAZ AP;FUAT ÇETİN;HÜS.TEKİNALP;1;%10.69(5)  %10.19(5);57;2:07.70;6,90;2,5 Boy
5;FATİH ŞAH;4y k  a;FATİH AĞA;YILDIZ ECE;57;G.KOCAKAYA;MEHMET ARSLAN;Ü.ARSLAN;2;%18.64(1)  %17.59(2);55;2:08.04;3,10;
6;BURÇİGİN KG K;4y a k;BURUKMERT;BURUK SHOOW;50 +1.50;M.A.SOLMAZ;ERSİN KÖROĞLU;O.BULUT;10;%6.74(7)  %6.63(7);40;2:08.13;10,90;
7;SAMET EFENDİ KG K;4y k  a;MENGÜBERT;SARIGOBAK;60;B.KILINÇ;ÜMİT YAĞMUR;ADN.POLAT;5;%5.2(9)  %5.02(9);61;2:08.15;14,75;
8;LOSTRA K DB;4y a  a;ARTOS;ÇERKEZKÖY GÜZELİ;58 +0.30;M.KAYA;MEHMET BULANIK;KE.YILMAZ;6;%11.26(4)  %11.29(4);57;2:10.97;8,60;
9;ALÜNLÜHAT KG DB SK;4y k  a;FATİH AĞA;EYYAR;58,5;M.AKYAVUZ;İ.HALİL ÜNLÜ;SER.DOĞAN;4;%5.7(8)  %5.5(8);58;2:11.15;14,75;
10;HADEHANIM K GKR;4y k k;DENİZİM;HALENAY;59;ER.CANKILIÇ AP;ŞEREF AĞRI;Ş.AYDEMİR;8;%3.78(10)  %3.42(10);63;2:14.17;16,20;
GANYAN(2) :3,25 TL, İKİLİ(2/8) :22,40 TL, SIRALI İKİLİ(2/8) :40,15 TL, 2. ÇİFTE(5/2) :10,35 TL

4. Kosu :   15.30;Handikap 15 /H1; 3 ve Yukarı İngilizler; kg; 1200m; Çim;;;;Rekor Derece :1.08.94
İkramiye;;;;;Yetiştirici Primi;;;;
1.)595.000 TL;2.)238.000 TL;3.)119.000 TL;4.)59.500 TL;5.)29.750 TL;1.)107.100 TL;2.)42.840 TL;3.)21.420 TL;4.)10.710 TL;5.)5.355 TL;
At No;At İsmi;Yaş;Orijin(Baba);Orijin(Anne);Kilo;Jokey Adı;Sahip Adı;Antrenör Adı;St;AGF;H;Derece;Ganyan;Fark
1;ŞEKER ASLAN K DB;3y d  e;EPAULETTE (AUS);KESME ŞEKER;51 +2.00;E.ÇİZİK;UMUT HEPSAĞ;İB.B.OĞULLARI;1;%43.5(1)  %40.83(1);51;1:10.35;1,90;1,5  Boy
2;THRACE FEVER KG K DB;5y d  g;PAPA CLEM (USA);DEMİRSU;59,5;İSM.YILDIRIM AP;MEHMET AKTAŞ;S.AKYAVUZ;6;%2.42(7)  %2.9(7);61;1:10.55;17,40;2 Boy
3;SCHATZ KG SK;3y d  e;TOROK (IRE);KATSUYA;50 +1.40;M.A.SOLMAZ;ESİN SULTAN KEPME;V.YILDIRIM;3;%12.2(3)  %13.08(3);50;1:10.80;4,90;3 Boy
4;KINDNESS DB SK;4y d k;LUXOR;COLD SHADOW;59;A.KURŞUN;SERDAR SÜSLÜ;A.ÇIKMAN;5;%9.73(4)  %10.15(4);56;1:11.26;5,55;1 Boy
5;BOTANİK BEBEK KG DB SK;4y a k;RUN AWAY AND HIDE (USA);SAPPHO;61;ER.CANKILIÇ AP;MEMET ARSLAN;A.ÇIKMAN;7 - DS;%4.96(5)  %5.17(6);64;1:11.41;9,75;
6;SIMAZE DB SKG SK;5y d k;LUXOR;GLOWING SUN;51 +2.00;M.KESKİN;MUHAMMED KESKİN;HAS.YILDIRIM;4;%4.76(6)  %5.57(5);34;1:11.44;11,60;
7;DESERT POINT KG DB SK;4y d  a;INVINCIBLE SON (IRE);BREAK THE SILENCE;53,5;M.BAYIR;CAFER KEÇECİOĞLU;S.SÜSLÜ;8 - DS;%20.72(2)  %21.82(2);45;1:11.57;3,00;
8;KEMALS ELF KG DB SK (Koşmaz);3y k  d;NATIVE KHAN (FR);FUDGE THE VALLEY;50;M.UYAR AP;ŞEHMUZ KURT;O.BULUT;2;%1.71(8)  %0.48(8);28;Koşmaz;;
GANYAN(4) :1,90 TL, 1. 3'LÜ GANYAN(5/2/4,8) :41,10 TL, İKİLİ(2/4) :20,60 TL, SIRALI İKİLİ(4/2) :32,60 TL, ÜÇLÜ BAHİS(4/2/5) :374,30 TL Çıkan 1 Atla: 41,20 TL, PLASE(2) :1,85 TL, PLASE(4) :1,45 TL, 3. ÇİFTE(2/4) :7,20 TL

5. Kosu :   16.00;KV-7; 3 ve Yukarı İngilizler; 53.00kg; 60.00 kg; 60.00 kg; 1600m; Çim;;;;Rekor Derece :1.33.82
İkramiye;;;;;Yetiştirici Primi;;;;
1.)975.000 TL;2.)390.000 TL;3.)195.000 TL;4.)97.500 TL;5.)48.750 TL;1.)234.000 TL;2.)93.600 TL;3.)46.800 TL;4.)23.400 TL;5.)11.700 TL;
At No;At İsmi;Yaş;Orijin(Baba);Orijin(Anne);Kilo;Jokey Adı;Sahip Adı;Antrenör Adı;St;AGF;H;Derece;Ganyan;Fark
1;PATRICK STAR KG K DB;4y d  a;MARCAVELLY (USA);KİSOS;56 +0.10;V.ABİŞ;SELVA SAĞUN;M.ALAÇAM;2;%17.05(2)  %17.73(2);103;1:34.41;3,30;5 Boy
2;GEL OGLİM KG DB SK;6y d  a;YILDIRIMBEY;MALEFİZ;60;H.ÇİZİK;SAVAŞ ERCÜMENT BECENE;M.DEMİROL;4;%6.41(4)  %6.35(4);98;1:35.19;7,60;2,5 Boy
3;TULUMAR KG DB SK BB;4y d  a;TOUCH THE WOLF;MISS HALE;56;A.KURŞUN;YAKUP ELĞAÇ;AR.KILIÇ;7 - DS;%63.45(1)  %62.09(1);105;1:35.62;1,45;Boyun
4;MOUNTAIN DB SKG SK;6y d  a;HALICARNASSUS (IRE);MARACA;58;A.ÇELİK;REMZİ DAĞ;E.ACER;5 - DS;%6.65(3)  %7.45(3);97;1:35.64;6,50;1 Boy
5;MR NALÇAKAN DB SKG SK;4y d  a;BLUEGRASS CAT (USA);ALWAYS SARAH (USA);56 +1.40;M.KAYA;EMRAH NALÇAKAN;H.TURAN;1;%1.24(7)  %1.24(7);83;1:35.78;16,60;
6;İSPANOZ KG K;4y k  a;MORANDI (FR);JUST ANOTHER DAY (FR);56 +1.50;M.AKYAVUZ;H.TARIK DİKENCİK;H.T.DİKENCİK;3;%1.66(6)  %1.65(6);92;1:36.93;13,90;
7;BALDWIN DB SK;4y d  a;TALIP HAN (IRE);QUENBY (USA);57;ER.CANKILIÇ AP;BEYHAN HADİOĞLU;İ.KÖROĞLU;6 - DS;%3.53(5)  %3.49(5);89;1:40.57;10,85;
GANYAN(6) :3,30 TL, İKİLİ(1/6) :19,25 TL, SIRALI İKİLİ(6/1) :29,90 TL, ÜÇLÜ BAHİS(6/1/7) :85,50 TL, 4. ÇİFTE(4/6) :10,30 TL

6. Kosu :  DUMLUPINAR KOŞUSU 16.30;G 3/DH; 4 ve Yukarı Araplar; 58.00kg; 59.50 kg; 1500m; Kum;;;;Rekor Derece :1.42.39
İkramiye;;;;;Yetiştirici Primi;;;;
1.)2.500.000 TL;2.)1.000.000 TL;3.)500.000 TL;4.)250.000 TL;5.)125.000 TL;1.)750.000 TL;2.)300.000 TL;3.)150.000 TL;4.)75.000 TL;5.)37.500 TL;
At No;At İsmi;Yaş;Orijin(Baba);Orijin(Anne);Kilo;Jokey Adı;Sahip Adı;Antrenör Adı;St;AGF;H;Derece;Ganyan;Fark
1;HULKİ KG DB SK;6y d  a;TÜMÖZ BEY;ÇEŞMİAHU;59,5;A.KURŞUN;SABRİ AVCI;M.E.AVCI;7 - DS;%5.08(5)  %5.01(5);98;1:44.47;11,60;Boyun
2;BEYAZIŞIK KG SK;6y k  a;ALTAHA;KIZILGÜNEŞ;59,5;A.ÇELİK;SEMRA AKSU;T.O.KARA;3;%31.59(1)  %30.65(1);107;1:44.52;1,85;2,5 Boy
3;KOZMOS KG DB;6y a  a;ÖZDURAN;MAVERA;59,5;V.ABİŞ;BERRİN DOĞAN;B.AKBULUT;6 - DS;%20.43(3)  %20.55(3);103;1:44.98;4,10;1,5  Boy
4;CEVAHİRKAN KG SK;4y a  a;ÖZGÜNHAN;ŞİRİNE;58;M.AKYAVUZ;SEMİH KATI;H.SUNKAR;1;%10.87(4)  %11.56(4);91;1:45.28;7,35;Burun
5;RÜZGARDAHAN KG SK;7y k  a;YAKUPBEY;ÇIĞIRTKAN;59,5;G.KOCAKAYA;ŞEYDA ERCAN;A.TEPEBAŞI;2;%25.46(2)  %25.87(2);106;1:45.29;2,80;
6;GÜRAYHAN KG SK;6y k  a;TURBO;LALEZAR;59,5 +0.10;M.KAYA;MURAT YILDIZ;M.KORKMAZ;5;%4.53(6)  %4.44(6);99;1:46.12;14,25;
7;KAŞEMUM KARA KG DB SK GKR;7y d  a;SONALP;ERVAGÜL;59,5;SAL.ÇELİK;CAN ÇAĞRI;T.ATEŞ;4;%2.03(7)  %1.91(7);96;1:47.63;17,25;
GANYAN(3) :11,60 TL, 1. 6'LI GANYAN(7/5/2/4,8/6/3) :51.733,56 TL, İKİLİ(1/3) :19,30 TL, SIRALI İKİLİ(3/1) :66,65 TL, ÜÇLÜ BAHİS(3/1/5) :448,80 TL, 5. ÇİFTE(6/3) :58,80 TL

7. Kosu :   17.00;ŞARTLI 2/DHÖW; 3 Yaşlı Araplar; 57.00kg; 1400m; Kum;;;;Rekor Derece :1.34.92
İkramiye;;;;;Yetiştirici Primi;;;;
1.)350.000 TL;2.)140.000 TL;3.)70.000 TL;4.)35.000 TL;5.)17.500 TL;1.)105.000 TL;2.)42.000 TL;3.)21.000 TL;4.)10.500 TL;5.)5.250 TL;
At No;At İsmi;Yaş;Orijin(Baba);Orijin(Anne);Kilo;Jokey Adı;Sahip Adı;Antrenör Adı;St;AGF;H;Derece;Ganyan;Fark
1;UYGURTAŞ KG SK;3y a  e;ATEŞTOPU;SEVDANUR;57;ER.CANKILIÇ AP;A.HAKKI TÜRKMEN;E.ÇETİNKURT;2;%32.08(2);42;1:40.55;1,90;Yarım Boy
2;HİFANINOĞLU KG SK;3y a  e;ORHUNKAAN;HİFACAN;57;A.KURŞUN;KEMAL UÇAK;M.DEMİROL;6;%23.8(1);32;1:40.63;1,85;3 Boy
3;İNAN OTUZYEDİ KG K;3y k  e;ADALETLİKASIRGA;ŞEHBALKIZ;60;M.AKYAVUZ;KEMAL UÇAK;M.DEMİROL;5;%17.78(1);34;1:41.22;1,85;Burun
4;OĞLUM VEFA KG DB SK;3y k  e;SERHANTAY;LİTYA;54 +0.10;F.S.M.SANSAR;AHMET KORKMAZ;E.ÇETİNKURT;1;%5.41(5);22;1:41.23;13,15;7,5 Boy
5;HIZLI KRAL K DB;3y d  e;BERKSOY;TAMERİNTACI;55 +2.00;M.KAYA;NAMIK TURAN;KE.YILMAZ;4;%7.48(4);;1:42.59;6,10;
6;ABADBEY KG SK;3y a  e;SERDÜMEN;AYTUNCA;54,5 +2.00;F.R.BEBEK;METİN ÇALDIRAN;İ.KÖROĞLU;8;%4.98(6);23;1:43.32;11,95;
7;CEO ENDER KG SK;3y a  e;GÜMBÜRGÜMBÜR;NEMESİS;56;SERH.ÇELİK AP;MAHMUT KARAKEÇİ;AR.KILIÇ;3;%8.24(3);37;1:46.60;9,70;
8;ÇİZİKKARDEŞLER KG SK (Koşmaz);3y a  e;SERHANTAY;CEMREGÜLÜ;54;E.ÇİZİK;MEHMET EMİN ÇİZİK;M.H.ELĞAÇ;7;%0.23(7);;Koşmaz;;
[(4)HİFANINOĞLU,(2)İNAN OTUZYEDİ,] eküridir.GANYAN(3) :1,90 TL, İKİLİ(3/4) :4,65 TL, SIRALI İKİLİ(3/4) :6,70 TL, ÜÇLÜ BAHİS(3/4/2) :32,90 TL Çıkan 1 Atla: 6,50 TL, PLASE(3) :1,05 TL, PLASE(4) :1,05 TL, 6. ÇİFTE(3/3) :42,35 TL

8. Kosu :   17.30;Maiden; 3 Yaşlı İngilizler; 58.00kg; 1900m; Çim;;;;Rekor Derece :1.53.13
İkramiye;;;;;Yetiştirici Primi;;;;
1.)600.000 TL;2.)240.000 TL;3.)120.000 TL;4.)60.000 TL;5.)30.000 TL;1.)144.000 TL;2.)57.600 TL;3.)28.800 TL;4.)14.400 TL;5.)7.200 TL;
At No;At İsmi;Yaş;Orijin(Baba);Orijin(Anne);Kilo;Jokey Adı;Sahip Adı;Antrenör Adı;St;AGF;H;Derece;Ganyan;Fark
1;EİKO KG DB SK;3y d  d;KANEKO;OCEAN SERAPH;58;A.KURŞUN;MEHMET EMİN EKENLER;S.GÜRKAN;12;%28.46(1);35;1:57.04;2,15;2 Boy
2;PEVRUL KG DB SK;3y d  e;VICTORY GALLOP (CAN);PHANTASTIC (GER);60;M.S.ÇELİK;GÜN E. İÇER;İB.B.OĞULLARI;3;%20.07(2);34;1:57.37;3,35;Yarım Boy
3;LACCARETHA DB SK;3y a  d;LACCARIO (GER);ARETHA (FR);56;E.ÇİZİK;HİKMET ÖYLÜ;İ.KÖROĞLU;6;%5.91(6);24;1:57.46;14,20;3 Boy
4;TIME CHANGER KG DB SK;3y d  e;BATTLEGROUND (USA);OLINDA;58;SAL.ÇELİK;MURAT CAVCAV;S.GÜRKAN;4;%9.84(4);26;1:57.95;9,20;Baş
5;MANIFEST KG K;3y d  e;TIZWAY (USA);BLANCHARD;58;M.AKYAVUZ;ALİ RIZA KÖSEALİ;HÜS.TEKİNALP;9;%3.9(8);27;1:57.98;16,75;
6;MAXIMAND SKG SK;3y d  d;BODEMEISTER (USA);KENDULA;56 +1.00;H.ÇİZİK;M.GARİP ELĞAÇ;AR.KILIÇ;8;%4.19(7);14;1:58.05;14,35;
7;CHESTA HEDRON KG SK;3y d  e;BODEMEISTER (USA);NO MORE STRIKE;58;F.R.BEBEK;ERDAL ÖZTÜRK;U.KULAK;1;%8.22(5);26;1:58.46;9,25;
8;PALAÇİNKA KG SK;3y d  e;MYBOYCHARLIE (IRE);NO CHARGE (IRE);55 +1.20;ER.CANKILIÇ AP;HAKAN DİNKÇİOĞLU;M.ALAÇAM;7;%10.41(3);21;1:58.56;8,55;
9;CALL HIM DADDY KG SK;3y d  e;KANEKO;GOLDEN SPIKE;58;N.DEMİR;BAŞAK MİLLİ;S.GÜRKAN;11;%1.78(11);;1:58.57;33,60;
10;ASTRA LUMINA KG SK;3y a  d;AGRESIVO (USA);LUCKY FISH;56;F.S.M.SANSAR;A. ALPER SİLSÜPÜR;E.ÇETİNKURT;2;%2.23(10);31;1:59.31;13,10;
11;SON OF YAŞAR DB SKG SK;3y d  e;JUNGLE MAN;WINNER TUANA;54;E.ATLAMAZ AP;GÜLPINAR AYVAZ;Y.ÇAĞLAR;13;%1.09(12);18;2:01.94;29,65;
12;BE RIGHT BACK KG K DB;3y d  d;TOROK (IRE);HOPPA;56;U.TEMUR;ANNA KÖSEALİ;HÜS.TEKİNALP;10;%2.87(9);26;2:02.57;26,95;
13;ALLURE OF THE SEAS SKG SK;3y d  d;AGRESIVO (USA);LESLIE PARISH;56 +0.30;M.G.ARSLAN;AHMET CEMİL BURHANLIOĞLU;A.ÇIKMAN;5;%0.64(13);;Derecesiz;46,70;
14;TORASBOS KG K DB (Koşmaz);3y k  d;BATTLEGROUND (USA);SNOWWALTZ;56;M.A.AKGÖBEK;MEZİYET OKTAV;T.BARDAKCI;14;%0.37(14);27;Koşmaz;;
GANYAN(8) :2,15 TL, 7'Lİ PLASE(3,5/2,8/2,4,8/1,6/1,3/2,3,4,6/1,8,14) :341,80 TL, 2. 6'LI GANYAN(2/4,8/6/3/3/8,14) :13.082,68 TL, 5'Lİ GANYAN(4,8/6/3/3/8,14) :3.442,05 TL, 4'LÜ GANYAN(6/3/3/8,14) :1.294,12 TL, 2. 3'LÜ GANYAN(3/3/8,14) :253,30 TL, İKİLİ(1/8) :4,85 TL, SIRALI İKİLİ(8/1) :8,30 TL, PLASE(1) :1,60 TL, PLASE(8) :1,50 TL, PLASE İKİLİ(1/12) :19,90 TL, PLASE İKİLİ(1/8) :5,10 TL, PLASE İKİLİ(8/12) :11,20 TL, SIRALI 5 Lİ BAHİS(8/1/12/7/4) :2.897,12 TL, TABELA BAHİS(8/1/12/7) :398,77 TL, TABELA BAHİS SIRASIZ(8/1/12/7) :15,82 TL Çıkan 1 Atla: 7,87 TL, 7. ÇİFTE(3/8) :6,30 TL, 7'Lİ GANYAN(5/2/4,8/6/3/3/8,14) :140.157,40 TL

