tarih,hipodrom,kosu,no,oran,kosmaz,kesinti_ganyan
2026-10-10,santaanitaparkabd,1,1,,1,0
2026-10-10,santaanitaparkabd,1,2,,1,0
2026-10-10,santaanitaparkabd,1,3,,1,0
2026-10-10,santaanitaparkabd,1,4,,1,0
2026-10-10,santaanitaparkabd,1,5,,1,0
2026-10-10,santaanitaparkabd,1,6,,1,0
2026-10-10,santaanitaparkabd,1,7,,1,0
2026-10-10,santaanitaparkabd,2,1,,1,0
2026-10-10,santaanitaparkabd,2,2,,1,0
2026-10-10,santaanitaparkabd,2,3,,1,0
2026-10-10,santaanitaparkabd,2,4,,1,0
2026-10-10,santaanitaparkabd,2,5,,1,0
2026-10-10,santaanitaparkabd,3,1,,1,0
2026-10-10,santaanitaparkabd,3,2,,1,0
2026-10-10,santaanitaparkabd,3,3,,1,0
2026-10-10,santaanitaparkabd,3,4,,1,0
2026-10-10,santaanitaparkabd,3,5,,1,0
2026-10-10,santaanitaparkabd,3,6,,1,0
2026-10-10,santaanitaparkabd,3,7,,1,0
2026-10-10,santaanitaparkabd,3,8,,1,0
2026-10-10,santaanitaparkabd,3,9,,1,0
2026-10-10,santaanitaparkabd,3,10,,1,0
2026-10-10,santaanitaparkabd,4,1,,1,0
2026-10-10,santaanitaparkabd,4,2,,1,0
2026-10-10,santaanitaparkabd,4,3,,1,0
2026-10-10,santaanitaparkabd,4,4,,1,0
2026-10-10,santaanitaparkabd,4,5,,1,0
2026-10-10,santaanitaparkabd,4,6,,1,0
2026-10-10,santaanitaparkabd,5,1,,1,0
2026-10-10,santaanitaparkabd,5,2,,1,0
2026-10-10,santaanitaparkabd,5,3,,1,0
2026-10-10,santaanitaparkabd,5,4,,1,0
2026-10-10,santaanitaparkabd,5,5,,1,0
2026-10-10,santaanitaparkabd,5,6,,1,0
2026-10-10,santaanitaparkabd,5,7,,1,0
2026-10-10,santaanitaparkabd,5,8,,1,0
2026-10-10,santaanitaparkabd,5,9,,1,0
2026-10-10,santaanitaparkabd,5,10,,1,0
2026-10-10,santaanitaparkabd,6,1,,1,0
2026-10-10,santaanitaparkabd,6,2,,1,0
2026-10-10,santaanitaparkabd,6,3,,1,0
2026-10-10,santaanitaparkabd,6,4,,1,0
2026-10-10,santaanitaparkabd,6,5,,1,0
2026-10-10,santaanitaparkabd,6,6,,1,0
2026-10-10,santaanitaparkabd,6,7,,1,0
2026-10-10,santaanitaparkabd,6,8,,1,0
2026-10-10,santaanitaparkabd,7,1,,1,0
2026-10-10,santaanitaparkabd,7,2,,1,0
2026-10-10,santaanitaparkabd,7,3,,1,0
2026-10-10,santaanitaparkabd,7,4,,1,0
2026-10-10,santaanitaparkabd,7,5,,1,0
2026-10-10,santaanitaparkabd,7,6,,1,0
2026-10-10,santaanitaparkabd,7,7,,1,0
2026-10-10,santaanitaparkabd,7,8,,1,0
2026-10-10,santaanitaparkabd,7,9,,1,0
2026-10-10,santaanitaparkabd,7,10,,1,0
2026-10-10,santaanitaparkabd,8,1,,1,0
2026-10-10,santaanitaparkabd,8,2,,1,0
2026-10-10,santaanitaparkabd,8,3,,1,0
2026-10-10,santaanitaparkabd,8,4,,1,0
2026-10-10,santaanitaparkabd,8,5,,1,0
2026-10-10,santaanitaparkabd,8,6,,1,0
2026-10-10,santaanitaparkabd,8,7,,1,0
2026-10-10,santaanitaparkabd,8,8,,1,0
2026-10-10,santaanitaparkabd,8,9,,1,0
2026-10-10,santaanitaparkabd,8,10,,1,0
2026-10-10,santaanitaparkabd,8,11,,1,0
2026-10-10,santaanitaparkabd,8,12,,1,0
2026-10-10,santaanitaparkabd,8,13,,1,0
