tarih,hipodrom,kosu,no,oran
2026-10-08,ankara,1,8,4.5
2026-10-08,ankara,1,6,20.0
2026-10-08,ankara,1,2,16.0
2026-10-08,ankara,1,4,7.0
2026-10-08,ankara,1,1,7.0
2026-10-08,ankara,1,3,1.7
2026-10-08,ankara,1,7,50.0
2026-10-08,ankara,1,5,10.0
2026-10-08,ankara,2,1,2.1
2026-10-08,ankara,2,3,8.5
2026-10-08,ankara,2,6,20.0
2026-10-08,ankara,2,10,80.0
2026-10-08,ankara,2,4,60.0
2026-10-08,ankara,2,2,5.5
2026-10-08,ankara,2,9,6.5
2026-10-08,ankara,2,7,30.0
2026-10-08,ankara,2,8,10.0
2026-10-08,ankara,2,5,5.0
2026-10-08,ankara,3,4,3.2
2026-10-08,ankara,3,2,7.5
2026-10-08,ankara,3,5,2.2
2026-10-08,ankara,3,1,3.4
2026-10-08,ankara,3,6,20.0
2026-10-08,ankara,3,8,40.0
2026-10-08,ankara,3,3,50.0
2026-10-08,ankara,3,7,60.0
2026-10-08,ankara,4,1,2.2
2026-10-08,ankara,4,5,3.8
2026-10-08,ankara,4,2,16.0
2026-10-08,ankara,4,7,16.0
2026-10-08,ankara,4,10,20.0
2026-10-08,ankara,4,6,3.8
2026-10-08,ankara,4,11,30.0
2026-10-08,ankara,4,4,20.0
2026-10-08,ankara,4,9,60.0
2026-10-08,ankara,4,3,14.0
2026-10-08,ankara,4,8,30.0
2026-10-08,ankara,5,3,1.55
2026-10-08,ankara,5,4,7.0
2026-10-08,ankara,5,1,6.0
2026-10-08,ankara,5,2,16.0
2026-10-08,ankara,5,5,4.0
2026-10-08,ankara,5,7,40.0
2026-10-08,ankara,5,6,50.0
2026-10-08,ankara,5,8,80.0
2026-10-08,ankara,6,7,9.0
2026-10-08,ankara,6,5,14.0
2026-10-08,ankara,6,3,5.5
2026-10-08,ankara,6,6,3.0
2026-10-08,ankara,6,2,2.9
2026-10-08,ankara,6,1,14.0
2026-10-08,ankara,6,4,7.0
2026-10-08,ankara,6,8,18.0
2026-10-08,ankara,7,4,5.0
2026-10-08,ankara,7,1,1.5
2026-10-08,ankara,7,2,8.0
2026-10-08,ankara,7,6,14.0
2026-10-08,ankara,7,3,18.0
2026-10-08,ankara,7,5,6.0
2026-10-08,ankara,7,7,30.0
2026-10-08,ankara,8,4,2.5
2026-10-08,ankara,8,6,6.5
2026-10-08,ankara,8,3,8.5
2026-10-08,ankara,8,5,5.5
2026-10-08,ankara,8,1,16.0
2026-10-08,ankara,8,2,6.0
2026-10-08,ankara,8,7,4.25
2026-10-08,ankara,8,8,60.0
2026-10-08,ankara,9,4,14.0
2026-10-08,ankara,9,2,10.0
2026-10-08,ankara,9,16,8.5
2026-10-08,ankara,9,15,9.0
2026-10-08,ankara,9,10,4.25
2026-10-08,ankara,9,6,9.0
2026-10-08,ankara,9,3,12.0
2026-10-08,ankara,9,7,4.25
2026-10-08,ankara,9,9,10.0
2026-10-08,ankara,9,5,7.0
2026-10-08,ankara,9,8,30.0
2026-10-08,ankara,9,11,30.0
2026-10-08,ankara,9,13,60.0
2026-10-08,ankara,9,1,50.0
2026-10-08,ankara,9,14,14.0
2026-10-08,ankara,9,12,40.0
2026-10-08,ankara,9,17,50.0
2026-10-08,izmir,1,1,2.3
2026-10-08,izmir,1,6,2.6
2026-10-08,izmir,1,2,5.0
2026-10-08,izmir,1,3,14.0
2026-10-08,izmir,1,5,25.0
2026-10-08,izmir,1,7,50.0
2026-10-08,izmir,1,8,20.0
2026-10-08,izmir,1,4,8.5
2026-10-08,izmir,1,9,60.0
2026-10-08,izmir,2,1,5.0
2026-10-08,izmir,2,3,4.0
2026-10-08,izmir,2,2,5.5
2026-10-08,izmir,2,5,12.0
2026-10-08,izmir,2,10,30.0
2026-10-08,izmir,2,8,3.4
2026-10-08,izmir,2,7,6.5
2026-10-08,izmir,2,13,18.0
2026-10-08,izmir,2,6,60.0
2026-10-08,izmir,2,12,80.0
2026-10-08,izmir,2,4,16.0
2026-10-08,izmir,2,11,30.0
2026-10-08,izmir,2,9,80.0
2026-10-08,izmir,3,5,1.19
2026-10-08,izmir,3,2,5.0
2026-10-08,izmir,3,3,12.0
2026-10-08,izmir,3,6,25.0
2026-10-08,izmir,3,4,9.0
2026-10-08,izmir,3,1,25.0
2026-10-08,izmir,4,6,6.5
2026-10-08,izmir,4,7,40.0
2026-10-08,izmir,4,12,10.0
2026-10-08,izmir,4,1,16.0
2026-10-08,izmir,4,4,16.0
2026-10-08,izmir,4,9,2.9
2026-10-08,izmir,4,10,4.25
2026-10-08,izmir,4,5,25.0
2026-10-08,izmir,4,11,6.0
2026-10-08,izmir,4,8,9.0
2026-10-08,izmir,4,2,20.0
2026-10-08,izmir,4,3,20.0
2026-10-08,izmir,5,2,4.75
2026-10-08,izmir,5,8,2.7
2026-10-08,izmir,5,4,6.5
2026-10-08,izmir,5,7,10.0
2026-10-08,izmir,5,1,10.0
2026-10-08,izmir,5,9,60.0
2026-10-08,izmir,5,3,5.0
2026-10-08,izmir,5,6,7.0
2026-10-08,izmir,5,5,18.0
2026-10-08,izmir,6,3,2.0
2026-10-08,izmir,6,2,2.4
2026-10-08,izmir,6,4,16.0
2026-10-08,izmir,6,7,12.0
2026-10-08,izmir,6,5,40.0
2026-10-08,izmir,6,6,7.5
2026-10-08,izmir,6,1,10.0
2026-10-08,izmir,7,4,10.0
2026-10-08,izmir,7,8,14.0
2026-10-08,izmir,7,5,6.5
2026-10-08,izmir,7,9,16.0
2026-10-08,izmir,7,1,1.5
2026-10-08,izmir,7,3,5.0
2026-10-08,izmir,7,6,40.0
2026-10-08,izmir,7,2,30.0
2026-10-08,izmir,7,7,40.0
2026-10-08,izmir,8,3,4.5
2026-10-08,izmir,8,8,2.3
2026-10-08,izmir,8,6,6.0
2026-10-08,izmir,8,7,30.0
2026-10-08,izmir,8,2,4.25
2026-10-08,izmir,8,1,20.0
2026-10-08,izmir,8,5,7.0
2026-10-08,izmir,8,9,30.0
2026-10-08,izmir,8,4,50.0
2026-10-08,izmir,8,10,80.0
2026-10-08,izmir,9,1,5.0
2026-10-08,izmir,9,12,9.0
2026-10-08,izmir,9,7,60.0
2026-10-08,izmir,9,13,6.5
2026-10-08,izmir,9,11,50.0
2026-10-08,izmir,9,2,1.7
2026-10-08,izmir,9,8,30.0
2026-10-08,izmir,9,4,30.0
2026-10-08,izmir,9,9,80.0
2026-10-08,izmir,9,5,10.0
2026-10-08,izmir,9,10,30.0
2026-10-08,izmir,9,6,60.0
2026-10-08,izmir,9,3,20.0
