tarih,hipodrom,kosu,no,oran,kosmaz,kesinti_ganyan
2026-10-05,bursa,1,2,2.9,0,0.0
2026-10-05,bursa,1,8,8.5,0,0.0
2026-10-05,bursa,1,3,4.75,0,0.0
2026-10-05,bursa,1,10,20.0,0,0.0
2026-10-05,bursa,1,4,30.0,0,0.0
2026-10-05,bursa,1,6,2.9,0,0.0
2026-10-05,bursa,1,12,25.0,0,0.0
2026-10-05,bursa,1,1,14.0,0,0.0
2026-10-05,bursa,1,5,20.0,0,0.0
2026-10-05,bursa,1,7,25.0,0,0.0
2026-10-05,bursa,1,11,50.0,0,0.0
2026-10-05,bursa,1,13,80.0,0,0.0
2026-10-05,bursa,1,9,50.0,1,0.0
2026-10-05,bursa,2,4,2.1,0,0.0
2026-10-05,bursa,2,1,2.7,0,0.0
2026-10-05,bursa,2,5,4.25,0,0.0
2026-10-05,bursa,2,6,20.0,0,0.0
2026-10-05,bursa,2,2,8.0,0,0.0
2026-10-05,bursa,2,3,25.0,0,0.0
2026-10-05,bursa,3,9,14.0,0,0.0
2026-10-05,bursa,3,8,6.5,0,0.0
2026-10-05,bursa,3,11,3.6,0,0.0
2026-10-05,bursa,3,1,20.0,0,0.0
2026-10-05,bursa,3,12,8.5,0,0.0
2026-10-05,bursa,3,7,6.5,0,0.0
2026-10-05,bursa,3,2,7.5,0,0.0
2026-10-05,bursa,3,5,12.0,0,0.0
2026-10-05,bursa,3,3,20.0,0,0.0
2026-10-05,bursa,3,4,10.0,0,0.0
2026-10-05,bursa,3,10,7.0,0,0.0
2026-10-05,bursa,3,6,25.0,0,0.0
2026-10-05,bursa,4,8,10.0,0,0.0
2026-10-05,bursa,4,2,14.0,0,0.0
2026-10-05,bursa,4,5,5.5,0,0.0
2026-10-05,bursa,4,9,6.5,0,0.0
2026-10-05,bursa,4,4,3.6,0,0.0
2026-10-05,bursa,4,7,14.0,0,0.0
2026-10-05,bursa,4,1,12.0,0,0.0
2026-10-05,bursa,4,3,7.5,0,0.0
2026-10-05,bursa,4,11,50.0,0,0.0
2026-10-05,bursa,4,6,6.0,0,0.0
2026-10-05,bursa,4,10,80.0,0,0.0
2026-10-05,bursa,4,14,18.0,0,0.0
2026-10-05,bursa,4,13,20.0,0,0.0
2026-10-05,bursa,4,12,25.0,0,0.0
2026-10-05,bursa,5,7,6.5,0,0.0
2026-10-05,bursa,5,10,6.5,0,0.0
2026-10-05,bursa,5,8,4.5,0,0.0
2026-10-05,bursa,5,1,50.0,0,0.0
2026-10-05,bursa,5,2,18.0,0,0.0
2026-10-05,bursa,5,3,1.75,0,0.0
2026-10-05,bursa,5,12,20.0,0,0.0
2026-10-05,bursa,5,5,50.0,0,0.0
2026-10-05,bursa,5,4,30.0,0,0.0
2026-10-05,bursa,5,9,30.0,0,0.0
2026-10-05,bursa,5,11,40.0,0,0.0
2026-10-05,bursa,5,6,60.0,0,0.0
2026-10-05,bursa,5,13,100.0,0,0.0
2026-10-05,bursa,6,5,3.4,0,0.0
2026-10-05,bursa,6,3,4.25,0,0.0
2026-10-05,bursa,6,6,20.0,0,0.0
2026-10-05,bursa,6,13,25.0,0,0.0
2026-10-05,bursa,6,2,14.0,0,0.0
2026-10-05,bursa,6,10,18.0,0,0.0
2026-10-05,bursa,6,1,8.0,0,0.0
2026-10-05,bursa,6,12,14.0,0,0.0
2026-10-05,bursa,6,9,7.0,0,0.0
2026-10-05,bursa,6,4,5.0,0,0.0
2026-10-05,bursa,6,11,80.0,0,0.0
2026-10-05,bursa,6,8,16.0,0,0.0
2026-10-05,bursa,6,7,80.0,0,0.0
2026-10-05,bursa,7,7,60.0,0,0.0
2026-10-05,bursa,7,8,40.0,0,0.0
2026-10-05,bursa,7,3,12.0,0,0.0
2026-10-05,bursa,7,9,3.2,0,0.0
2026-10-05,bursa,7,1,1.65,0,0.0
2026-10-05,bursa,7,11,30.0,0,0.0
2026-10-05,bursa,7,6,80.0,0,0.0
2026-10-05,bursa,7,2,8.0,0,0.0
2026-10-05,bursa,7,5,30.0,0,0.0
2026-10-05,bursa,7,12,12.0,0,0.0
2026-10-05,bursa,7,4,60.0,0,0.0
2026-10-05,bursa,7,13,100.0,0,0.0
2026-10-05,bursa,7,10,100.0,0,0.0
2026-10-05,bursa,8,2,1.95,0,0.0
2026-10-05,bursa,8,8,6.5,0,0.0
2026-10-05,bursa,8,4,10.0,0,0.0
2026-10-05,bursa,8,5,60.0,0,0.0
2026-10-05,bursa,8,12,60.0,0,0.0
2026-10-05,bursa,8,15,40.0,0,0.0
2026-10-05,bursa,8,13,30.0,0,0.0
2026-10-05,bursa,8,7,20.0,0,0.0
2026-10-05,bursa,8,11,80.0,0,0.0
2026-10-05,bursa,8,9,10.0,0,0.0
2026-10-05,bursa,8,14,100.0,0,0.0
2026-10-05,bursa,8,16,20.0,0,0.0
2026-10-05,bursa,8,1,4.25,0,0.0
2026-10-05,bursa,8,18,10.0,0,0.0
2026-10-05,bursa,8,3,80.0,0,0.0
2026-10-05,bursa,8,10,20.0,0,0.0
2026-10-05,bursa,8,6,100.0,0,0.0
2026-10-05,bursa,8,19,100.0,0,0.0
2026-10-05,bursa,8,17,50.0,0,0.0
