Ankara;(73. Yarış Günü);10/10/2026
1. Kosu :   13.00;Handikap 17/DHÖ /H1; 4 Yaşlı Araplar; kg; 1900m; Çim;;;;Rekor Derece :2.06.20
İkramiye;;;;;Yetiştirici Primi;;;;
1.)795.000 TL;2.)318.000 TL;3.)159.000 TL;4.)79.500 TL;5.)39.750 TL;1.)190.800 TL;2.)76.320 TL;3.)38.160 TL;4.)19.080 TL;5.)9.540 TL;
At No;At İsmi;Yaş;Orijin(Baba);Orijin(Anne);Kilo;Jokey Adı;Sahip Adı;Antrenör Adı;St;AGF;H;Derece;Ganyan;Fark
1;KATICESUR KG K DB GKR;4y k  a;SAKARBAŞI;MAYISYAĞMURU;52 +2.00;V.ABİŞ;MÜSLÜM KATI;C.KATI;4;%25.14(2);59;2:09.51;2,95;Yarım Boy
2;KERPETEN YALÇIN KG SK;4y k  a;SİLAH;DÜŞÜMDEKİ;59,5;ER.CANKILIÇ AP;ATİLLA SERİNER;C.B.SERİNER;1;%35.89(1);84;2:09.62;1,80;1,5  Boy
3;SEMENDHAN KG K;4y a  a;SEMEND;KAFKASGÜLÜ;59;SERH.ÇELİK AP;AHMET MİZAN;AL.ÇİZİK;3;%9.18(5);85;2:09.85;7,70;5 Boy
4;BURÇİGİN SK;4y a k;BURUKMERT;BURUK SHOOW;55 +1.00;A.KURŞUN;ERSİN KÖROĞLU;C.KATI;7;%13.24(3);71;2:10.62;6,75;Yarım Boy
5;KUZGUNİ YEŞİL K SK;4y k k;BERKSOY;ŞENFERAH;52 +2.00;M.KESKİN;SUPHİYE İLERİ;C.KATI;8;%9.57(4);51;2:10.69;5,45;
6;CEZZAR BEY DB SKG SK;4y k  a;AYABAKAN;UMUTÇİÇEĞİ;56,5 +0.50;M.AKYAVUZ;MAHMUT ÇADIRCI;KE.YILMAZ;6;%3.94(6);74;2:14.84;21,70;
7;GAZNELİ KG K;4y d  a;UFUKBİR;TUTUNAN;53;M.BAYIR;SAMİ DOĞAN;Ü.ARSLAN;2;%2.3(7);67;2:17.80;26,40;
8;ATLI FIRTINA KG (Koşmaz);4y a  a;SERDÜMEN;ARIM;52;F.S.M.SANSAR;ŞEREF ATLI;Ü.ARSLAN;5;%0.74(8);55;Koşmaz;;
GANYAN(6) :2,95 TL, İKİLİ(2/6) :3,15 TL, SIRALI İKİLİ(6/2) :7,50 TL

2. Kosu :   13.30;Maiden/DHÖW/Dişi; 3 Yaşlı Araplar; 57.00kg; 1500m; Kum;;;;Rekor Derece :1.42.39
İkramiye;;;;;Yetiştirici Primi;;;;
1.)600.000 TL;2.)240.000 TL;3.)120.000 TL;4.)60.000 TL;5.)30.000 TL;1.)180.000 TL;2.)72.000 TL;3.)36.000 TL;4.)18.000 TL;5.)9.000 TL;
At No;At İsmi;Yaş;Orijin(Baba);Orijin(Anne);Kilo;Jokey Adı;Sahip Adı;Antrenör Adı;St;AGF;H;Derece;Ganyan;Fark
1;MAKBUŞ KG K;3y k  d;DENİZİM;ALŞAHİDE;53 +0.70;S.YAZICIOĞLU AP;HAKAN SÖNMEZ;S.KAN;1;%3.38(8);19;1:48.39;16,75;1,5  Boy
2;AKGÜL HANIM SKG SK;3y d  d;SONALP;TOMRİSTAY;57;R.KURT AP;İBRAHİM KAYA;RAM. KAYA;10;%9.53(4);30;1:48.67;7,90;Yarım Boy
3;ÇİRKİN VE GÜZEL KG DB SK;3y k  d;EGEBEYİ;ŞENTÜRK;57;R.YILDIZ AP;TUBA KAYA;RAM. KAYA;9;%8.58(5);28;1:48.78;8,15;1 Boy
4;MADAM DAISY KG SK;3y a  d;FİRİKYA;BEJANOVA;60;M.A.AKGÖBEK;MEHMET AKGÖBEK;Y.C. KARATOPRAK;5;%34.51(1);36;1:48.94;1,75;Baş
5;KIZILKULE DB SKG SK;3y a  d;ENDEREFE;BAHTİSER;61;SAL.ÇELİK;İREM NUR KAYA;RAM. KAYA;2;%17.09(2);34;1:48.98;5,45;
6;ATEŞ ŞEKERİ KG K DB;3y a  d;BALALAYKA;FİTNAT;53 +0.30;SERH.ÇELİK AP;AHMET MİZAN;AL.ÇİZİK;8;%4.65(6);;1:53.80;12,60;
7;NAİLİN GÜLÜ KG DB SK;3y a  d;GÜMBÜRGÜMBÜR;ANASININ KIZI;57;M.KESKİN;SEDAT YILDIRIM;V.YILDIRIM;6;%2.71(9);;1:54.73;28,25;
8;SABRİNİN RÜZGARI KG SK;3y k  d;SABRİNİN ATI;NİSAN RÜZGARI;57;N.DEMİR;MÜSLÜM KATI;C.KATI;4;%4.06(7);21;1:55.68;20,25;
9;DÖVENKIZ KG K;3y a  d;DEMİRDÖVEN;SEÇİLAY;57;A.KURŞUN;MUSTAFA TÜZÜN;Ş.AYDEMİR;7;%15.49(3);;1:56.23;4,85;
10;ALINCA KÖYLÜ KG SK (Koşmaz);3y a  d;BAŞ HÜKÜMDAR;ZİRVENİNKIZI;53;S.GÜMÜŞ AP;BEŞİR KAYA;A.DİNÇ;3;%0(10);;Koşmaz;;
GANYAN(8) :16,75 TL, İKİLİ(3/8) :84,80 TL, SIRALI İKİLİ(8/3) :225,85 TL, ÜÇLÜ BAHİS(8/3/4) :2.452,30 TL, PLASE(3) :6,50 TL, PLASE(8) :26,70 TL, PLASE İKİLİ(3/4) :9,10 TL, PLASE İKİLİ(3/8) :40,90 TL, PLASE İKİLİ(4/8) :16,50 TL, 1. ÇİFTE(6/8) :82,45 TL

3. Kosu :   14.00;Handikap 15/DHÖW /H1; 4 ve Yukarı Araplar; kg; 2200m; Kum;;;;Rekor Derece :2.35.48
İkramiye;;;;;Yetiştirici Primi;;;;
1.)595.000 TL;2.)238.000 TL;3.)119.000 TL;4.)59.500 TL;5.)29.750 TL;1.)107.100 TL;2.)42.840 TL;3.)21.420 TL;4.)10.710 TL;5.)5.355 TL;
At No;At İsmi;Yaş;Orijin(Baba);Orijin(Anne);Kilo;Jokey Adı;Sahip Adı;Antrenör Adı;St;AGF;H;Derece;Ganyan;Fark
1;AFŞARBEY DB SK GKR;4y k  a;TURBO;İLK KIZ;50 +2.00;M.BAYIR;HAKKI GÜLAL;SEV.BEKTAŞ;8;%9.9(5);34;2:40.99;7,55;6 Boy
2;OYAZADE KG DB SK;5y d k;SAADIN GÜCÜ;ANAYÜREĞİ;56,5;E.ATLAMAZ AP;SEÇKİN TOYDEMİR;M.DEMİROL;2;%1.22(9);53;2:42.06;38,60;3 Boy
3;TABİP BEY KG DB GKR ÖG;4y d  a;ÖZHABER;RÜZGARLI NEHİR;63;M.A.AKGÖBEK;SEMİH KATI;H.SUNKAR;1;%10.48(4);65;2:42.56;5,90;Burun
4;ÖZKEHRİBAR DB SK;6y a k;ÖZGÜNHAN;KEHRİBAR;60;M.KESKİN;MEHMET KARATOPRAK;A.KARATOPRAK;9 - DS;%1.97(7);54;2:42.58;26,45;6 Boy
5;ODABAŞI DB;5y k  a;YAKUPBEY;ÇILGINDENİZ;61,5;M.AKYAVUZ;ŞÜKRÜ POLAT;ADN.POLAT;7;%12.04(3);57;2:43.63;7,25;
6;HARŞİT BEYİ KG DB SK;4y k  a;UFUKBİR;ADANADERYASI;54,5;SERH.ÇELİK AP;M.ANIL ÖZBEKOĞLU;M.ÖRTÜNÇ;5;%43(1);54;2:44.20;1,50;
7;TEKİR BEYİ KG DB SK;5y a  a;ÖZGÜNHAN;KEHRİBAR;59,5;ER.CANKILIÇ AP;HÜSEYİN ÖZKAYAGAN;YAS.POLAT;3;%3.83(6);57;2:45.23;18,85;
8;BOĞAZİÇİ BEYİ KG K GKR;4y a  a;ORÇUN;KIZILGÜNEŞ;57;E.ÇANKAYA;BURAK GÖKTÜRK;İS.TEKİNALP;4;%15.6(2);53;2:48.09;5,50;
9;GÜNMETE DB;4y d  a;KURTEL;ADIGÜL;55,5;R.KURT AP;MERAL ÖZKAN;M.TEKİNALP;6;%1.95(8);56;2:57.56;23,30;
GANYAN(9) :7,55 TL, İKİLİ(8/9) :153,90 TL, SIRALI İKİLİ(9/8) :228,60 TL, ÜÇLÜ BAHİS(9/8/1) :3.724,60 TL, PLASE(8) :15,50 TL, PLASE(9) :3,20 TL, 2. ÇİFTE(8/9) :132,25 TL

4. Kosu :   14.30;Maiden/DHÖW/Dişi; 3 Yaşlı Araplar; 57.00kg; 1500m; Kum;;;;Rekor Derece :1.42.39
İkramiye;;;;;Yetiştirici Primi;;;;
1.)600.000 TL;2.)240.000 TL;3.)120.000 TL;4.)60.000 TL;5.)30.000 TL;1.)180.000 TL;2.)72.000 TL;3.)36.000 TL;4.)18.000 TL;5.)9.000 TL;
At No;At İsmi;Yaş;Orijin(Baba);Orijin(Anne);Kilo;Jokey Adı;Sahip Adı;Antrenör Adı;St;AGF;H;Derece;Ganyan;Fark
1;BİLGÜ DB SK;3y a  d;SEMEND;LALTAY;57;F.ÇETİNBAŞ;FEHMİ İLERİ;C.KATI;2;%16.73(4);20;1:47.46;5,05;3,5 Boy
2;GÜNŞİRAY KG DB;3y k  d;YAKUPBEY;ATEŞCEYLAN;54 +2.00;ER.CANKILIÇ AP;NURİ TURAN;SEV.BEKTAŞ;3;%21.39(3);27;1:48.07;3,65;2 Boy
3;BAŞKUT ANA KG K DB;3y k  d;SERDÜMEN;BEYAZ ALTIN;57;F.S.M.SANSAR;ADNAN DOĞAN;M.A.CANPOLATLI;8;%11.68(2);20;1:48.35;2,90;Baş
4;FERATUN KG K DB;3y a  d;TALİPHAN;ZÜLUMKAR;57;E.ÇANKAYA;MEHMET DOĞAN;M.A.CANPOLATLI;1;%10.32(2);22;1:48.37;2,90;6 Boy
5;GÜNEŞMİLA KG K;3y a  d;BERKSOY;ALKİRAZ;62;R.KURT AP;BEŞİR KAYA;RAM. KAYA;7;%16.35(1);36;1:49.44;3,20;
6;ZEYTİN DİBİ KG K;3y k  d;BERKSOY;ÖZBAŞAK;57;M.A.AKGÖBEK;BEŞİR KAYA;RAM. KAYA;10;%6.76(1);30;1:50.47;3,20;
7;NEŞE HATUN KG K GKR;3y a  d;BAŞ HÜKÜMDAR;KARAMBA;57;E.AKTUĞ;ARZU GÜNEŞ;V.YILDIRIM;5;%12.87(5);;1:51.95;4,20;
8;BAHAR ATEŞİ K DB;3y k  d;KARAÜZÜM;YUNA;57;M.N.SUNKAR;DORUK SÖKMEN;İ.ÇEÇAN;4;%3.89(6);10;2:01.98;13,20;
9;İNCİ ADASI DB SK (Koşmaz);3y k  d;TURBO;SARI İNCİ;53;R.YILDIZ AP;FEHMİ İLERİ;Y.TUNCAY;6;%0(7);;Koşmaz;;
10;İVECEN KG SK GKR (Koşmaz);3y k  d;KURTÇABEY;ÇILGINDENİZ;57;S.GÜMÜŞ AP;KAYA KAYA;Ş.Ş.DEMİR;9;%0(8);10;Koşmaz;;
[(1)GÜNEŞMİLA,(10)ZEYTİN DİBİ,] eküridir.[(3)BAŞKUT ANA],(5)FERATUN],] eküridir.[(4)BİLGÜ],(7)İNCİ ADASI],] eküridir.GANYAN(4) :5,05 TL, İKİLİ(4/6) :9,25 TL, SIRALI İKİLİ(4/6) :26,85 TL, ÜÇLÜ BAHİS(4/6/3) :316,80 TL, PLASE(4) :3,00 TL, PLASE(6) :1,60 TL, PLASE İKİLİ(3/4) :23,00 TL, PLASE İKİLİ(3/6) :13,90 TL, PLASE İKİLİ(4/6) :8,20 TL, 3. ÇİFTE(9/4) :54,00 TL

5. Kosu :   15.00;KV-6/DHÖW; 4 ve Yukarı Araplar; 58.00kg; 60.00 kg; 1600m; Çim;;;;Rekor Derece :1.43.95
İkramiye;;;;;Yetiştirici Primi;;;;
1.)835.000 TL;2.)334.000 TL;3.)167.000 TL;4.)83.500 TL;5.)41.750 TL;1.)200.400 TL;2.)80.160 TL;3.)40.080 TL;4.)20.040 TL;5.)10.020 TL;
At No;At İsmi;Yaş;Orijin(Baba);Orijin(Anne);Kilo;Jokey Adı;Sahip Adı;Antrenör Adı;St;AGF;H;Derece;Ganyan;Fark
1;SIKIDOST KG DB SK;7y k  a;KIBRISLI;DEDESİNİN GÜLÜ;60;V.ABİŞ;MELİS KURTEL EMİN;C.DEMİR;2;%30.91(1)  %27.9(2);99;1:46.39;2,45;1,5  Boy
2;KEŞHANLI KG SK;4y k  a;FATİH AĞA;CANATEŞ;60;SERH.ÇELİK AP;M. NEDİM KARAKEÇİLİ;M.DEMİROL;3;%5.56(6)  %5.96(6);79;1:46.60;6,70;1,5  Boy
3;HOPDEDİK KG K;4y k  a;GELİBOLU;HOPPA;58;A.KURŞUN;TAYRAL TUTUMLU;Ş.AYDEMİR;8 - DS;%28.96(2)  %30.51(1);85;1:46.81;2,75;2 Boy
4;TUNCER KG DB SK SGKR;9y a  a;KAIZBERT (RU);FORRAYDIR;60;M.AKYAVUZ;CAHİT ÇETİNSU;K.KAYALIK;5;%5.78(5)  %6.24(5);98;1:47.10;11,30;1,5  Boy
5;AKSU EFE KG DB SK;4y k  a;DENİZİM;ÖZLÜCAN;62;E.ÇANKAYA;SEMRA AKSU;T.O.KARA;4;%10.59(3)  %11.2(3);89;1:47.30;6,95;
6;BABADENİZ KG DB SK;5y a  a;KAYAYÜREKLİ;CESİKA;60;N.DEMİR;MEHMET DİLBER;SER.DOĞAN;1;%3.6(8)  %3.87(8);89;1:47.66;16,25;
7;ATABEYLİ KG;6y a  a;AYABAKAN;CİHAN DEĞER;63;Ö.YILDIRIM;ASIYA ÖNEL;Ü.ARSLAN;7;%10.14(4)  %9.47(4);95;1:50.62;7,20;
8;SEYRET BENİ SKG SK;5y k  a;SERHANTAY;İRGÜN;60;F.S.M.SANSAR;SUPHİ AKYAVUZ;E.AKYAVUZ;6;%4.47(7)  %4.85(7);91;1:51.58;12,55;
GANYAN(6) :2,45 TL, İKİLİ(4/6) :18,20 TL, SIRALI İKİLİ(6/4) :33,30 TL, 4. ÇİFTE(4/6) :21,60 TL

6. Kosu :   15.30;Kısa Vade Handikap 24 /H1; 3 ve Yukarı İngilizler; kg; 2100m; Kum;;;;Rekor Derece :2.12.77
İkramiye;;;;;Yetiştirici Primi;;;;
1.)1.130.000 TL;2.)452.000 TL;3.)226.000 TL;4.)113.000 TL;5.)56.500 TL;1.)271.200 TL;2.)108.480 TL;3.)54.240 TL;4.)27.120 TL;5.)13.560 TL;
At No;At İsmi;Yaş;Orijin(Baba);Orijin(Anne);Kilo;Jokey Adı;Sahip Adı;Antrenör Adı;St;AGF;H;Derece;Ganyan;Fark
1;PERCY JACKSON SK;4y d  a;KANEKO;REAL QUATRO;61;V.ABİŞ;FERİT SALİH BAYIR;Y.ARİ;4;%28.11(1)  %25.94(1);100;2:14.65;1,60;14 Boy
2;WHISPER OF VICTORY KG SK;3y d  d;KANEKO;ORHİDEYA;52 +2.00;G.KOCAKAYA;SEMİH KATI;H.SUNKAR;1;%17.15(3)  %17(3);89;2:17.02;4,35;1,5  Boy
3;JOHN ABRUZZI DB SK;5y a  a;VICTORY GALLOP (CAN);MISS JUDGE;60;M.A.AKGÖBEK;EMRAH AGUN;İB.B.OĞULLARI;7 - DS;%21.77(2)  %21.58(2);98;2:17.31;5,50;Boyun
4;SECRET ROYAL DB SK;3y a  e;AGRESIVO (USA);AIR ROSE;52 +2.00;MÜS.ÇELİK;OZAN GÖL;ES.YILDIRIM;2;%9.6(5)  %10.26(5);89;2:17.35;9,85;3 Boy
5;DRAGON KINGDOM DB SKG SK;4y d  a;GOOD CURRY;VELO BREEZE;59;A.SÖZEN;MURAT KARABULUT;V.YILDIRIM;6;%7.25(6)  %7.62(6);96;2:17.91;11,55;
6;GÜÇLÜ TÜRK SK;4y d  a;SUPER SAVER (USA);BETİFERİ;55,5;SAL.ÇELİK;NEDİM KİSBU;Y.ARİ;5;%11.07(4)  %12.15(4);89;2:19.18;7,05;
7;ÇAĞANIM KG DB SK;5y d  a;LION HEART (USA);TALİA HANIM;53,5;M.BAYIR;ALİ YAVUZ;MEH.AKKUŞ;3;%5.04(7)  %5.45(7);85;2:19.41;14,50;
GANYAN(1) :1,60 TL, 1. 6'LI GANYAN(6/8/9/4,7/6/1) :44.440,18 TL, 1. 5'Lİ GANYAN(8/9/4,7/6/1) :12.016,42 TL, 1. 4'LÜ GANYAN(9/4,7/6/1) :762,91 TL, 1. 3'LÜ GANYAN(4,7/6/1) :91,30 TL, İKİLİ(1/6) :7,10 TL, SIRALI İKİLİ(1/6) :16,75 TL, ÜÇLÜ BAHİS(1/6/2) :123,40 TL, 5. ÇİFTE(6/1) :10,15 TL

7. Kosu :   16.00;KV-9; 3 Yaşlı İngilizler; 58.00kg; 1400m; Kum;;;;Rekor Derece :1.24.28
İkramiye;;;;;Yetiştirici Primi;;;;
1.)1.325.000 TL;2.)530.000 TL;3.)265.000 TL;4.)132.500 TL;5.)66.250 TL;1.)318.000 TL;2.)127.200 TL;3.)63.600 TL;4.)31.800 TL;5.)15.900 TL;
At No;At İsmi;Yaş;Orijin(Baba);Orijin(Anne);Kilo;Jokey Adı;Sahip Adı;Antrenör Adı;St;AGF;H;Derece;Ganyan;Fark
1;FIRE OF TYGAR KG K DB;3y d  e;GOOD CURRY;SABİN;58;V.ABİŞ;ÖMERCAN EROĞLU;E.ACER;3;%14.6(4);85;1:25.69;4,30;Yarım Boy
2;TENACIOUS KHAN SKG SK;3y d  e;HAKEEM (USA);ZÜHAL;58;A.KURŞUN;CEM DİLER;H.HARMANBAŞI;2;%21.21(2);90;1:25.77;3,25;Yarım Boy
3;ZAGROS RÜZGARI KG K DB ÖG;3y d  e;HAKEEM (USA);SARAJEVO;58;M.AKYAVUZ;BEKİR AKYAVUZ;E.AKYAVUZ;5 - DS;%18.11(3);92;1:25.85;3,40;3 Boy
4;GOLDEN PROMISE KG K;3y d  e;TIZWAY (USA);VICTORY PROMISE;58;G.KOCAKAYA;ERDEM BEKMEZCİ;Y.YILDIZ;1;%12.27(5);84;1:26.52;6,20;6 Boy
5;METAL HEART K;3y a  e;LION HEART (USA);LAST WINNER;58;Ö.YILDIRIM;ALİ UÇAK;V.YILDIRIM;4;%33.8(1);96;1:27.69;2,25;
GANYAN(1) :4,30 TL, SIRALI İKİLİ(1/4) :17,00 TL, 6. ÇİFTE(1/1) :9,90 TL

8. Kosu :  SIR PERCY LORAINE KOŞUSU 16.30;KV-7; 3 ve Yukarı İngilizler; 57.00kg; 60.00 kg; 60.00 kg; 1900m; Çim;;;;Rekor Derece :1.53.13
İkramiye;;;;;Yetiştirici Primi;;;;
1.)975.000 TL;2.)390.000 TL;3.)195.000 TL;4.)97.500 TL;5.)48.750 TL;1.)234.000 TL;2.)93.600 TL;3.)46.800 TL;4.)23.400 TL;5.)11.700 TL;
At No;At İsmi;Yaş;Orijin(Baba);Orijin(Anne);Kilo;Jokey Adı;Sahip Adı;Antrenör Adı;St;AGF;H;Derece;Ganyan;Fark
1;VOICE OF KHAN KG K DB;3y d  e;GAZIBORA KHAN (GB);ISABELLA OF FRANCE (GB);58;G.KOCAKAYA;V.İBRAHİM ARACI;C.AKGÜL;1;%27.04(2);90;1:57.60;2,35;1,5  Boy
2;THOMAS SHELBY DB SK;5y k  a;GRAYSTORM;AKASYA;60;E.ÇANKAYA;ALİ RIZA KÖSEALİ;HÜS.TEKİNALP;3;%12.01(3);96;1:57.84;3,95;1 Boy
3;MR TT DB SKG SK;3y d  e;VICTOIRE PISA (JPN);FLAWLESS VICTORY;58;V.ABİŞ;CEM KAAN PARSAK;M.ALAÇAM;6 - DS;%45.25(1);84;1:57.95;2,45;1,5  Boy
4;MELIAN THE MAIA DB SKG SK;4y d k;TOROK (IRE);PÜRÜPAK;56 +0.20;A.KURŞUN;ATİLLA SERİNER;C.B.SERİNER;5;%6.02(5);82;1:58.18;6,15;Burun
5;MİR EMRE K DB;3y a  e;FINESSE;SILENT FORCE;60;MÜS.ÇELİK;SONEL TAŞAN;RAM. KAYA;2;%7.26(4);84;1:58.20;7,65;
6;ATOMIC CAT KG K DB SK;4y a  a;BLUEGRASS CAT (USA);ISLAND QUEST (USA);60;SERH.ÇELİK AP;MEHMET EMEN;T.O.KARA;4;%2.42(6);84;1:59.18;16,30;
GANYAN(5) :2,35 TL, SIRALI İKİLİ(5/3) :10,90 TL, 7. ÇİFTE(1/5) :14,65 TL

9. Kosu : ULUSLARARASI KRALİÇE II.ELIZABETH KOŞUSU 17.00;G 2/ULS; 2 Yaşlı İngilizler; 57.00kg; 1400m; Çim;;;;Rekor Derece :1.21.74
İkramiye;;;;;Yetiştirici Primi;;;;
1.)4.000.000 TL;2.)1.600.000 TL;3.)800.000 TL;4.)400.000 TL;5.)200.000 TL;1.)1.200.000 TL;2.)480.000 TL;3.)240.000 TL;4.)120.000 TL;5.)60.000 TL;
At No;At İsmi;Yaş;Orijin(Baba);Orijin(Anne);Kilo;Jokey Adı;Sahip Adı;Antrenör Adı;St;AGF;H;Derece;Ganyan;Fark
1;BELLEZA DB SK;2y d  d;MENDIP (USA);UMNEEYATEE (AUS);55;G.KOCAKAYA;İSHAK ŞAHİN;H.SUNKAR;8 - DS;%35.03(1);87;1:24.50;2,30;1,5  Boy
2;SPEED QUEEN SK;2y d  d;KANEKO;HOPEFUL;55 +0.70;A.SÖZEN;GÜLİZAR YANIK;H.SUNKAR;7;%15.33(3);76;1:24.66;3,00;2,5 Boy
3;VOOBAHR KG K;2y d  e;MYBOYCHARLIE (IRE);ROYAL SUN;57 +0.20;E.ÇANKAYA;ALİ RIZA KÖSEALİ;HÜS.TEKİNALP;4;%25.49(2);71;1:24.97;2,75;Yarım Boy
4;HAVASUPAI KG SK;2y d  e;BODEMEISTER (USA);HOLD UP;57;V.ABİŞ;GÜLİZAR YANIK;H.SUNKAR;3;%6.2(3);57;1:25.06;3,00;3 Boy
5;MY LITTLE BOY SK;2y a  e;TRAPPE SHOT (USA);VAPOUR MUSING (GB);57;M.A.AKGÖBEK;GÜLİZAR YANIK;H.SUNKAR;1;%1.09(3);55;1:25.51;3,00;
6;PONCA SK;2y a  d;NATIVE KHAN (FR);SHERMAN OAKS;55 +0.50;SAL.ÇELİK;MEHMET ALİ KATI;H.SUNKAR;2;%4.98(5);61;1:25.71;10,50;
7;EN PASSANT K DB SKG;2y a  e;GOKEN (FR);LA DISCOTECA (IRE);57;A.KURŞUN;EMİR ALKAŞ;İB.B.OĞULLARI;6;%8.23(4);56;1:26.30;7,95;
8;PAGANINI DB SKG SK;2y d  e;TIGER MOTH (IRE);JULY WAITS (USA);57;Ö.YILDIRIM;İHSAN ERTEN;F.KİP;5;%3.64(6);;1:27.09;10,95;
[(8)SPEED QUEEN,(2)HAVASUPAI,(3)MY LITTLE BOY,] eküridir.GANYAN(6) :2,30 TL, İKİLİ(6/8) :5,30 TL, SIRALI İKİLİ(6/8) :8,90 TL, ÜÇLÜ BAHİS(6/8/5) :47,40 TL, PLASE(6) :1,30 TL, PLASE(8) :2,75 TL, 8. ÇİFTE(5/6) :8,20 TL

10. Kosu :   17.30;Maiden/DHÖW/Dişi; 3 Yaşlı Araplar; 57.00kg; 1500m; Kum;;;;Rekor Derece :1.42.39
İkramiye;;;;;Yetiştirici Primi;;;;
1.)600.000 TL;2.)240.000 TL;3.)120.000 TL;4.)60.000 TL;5.)30.000 TL;1.)180.000 TL;2.)72.000 TL;3.)36.000 TL;4.)18.000 TL;5.)9.000 TL;
At No;At İsmi;Yaş;Orijin(Baba);Orijin(Anne);Kilo;Jokey Adı;Sahip Adı;Antrenör Adı;St;AGF;H;Derece;Ganyan;Fark
1;GÜLSENEM SKG SK;3y k  d;BERKSOY;BEKRİYE;57;MÜS.ÇELİK;MURAT YAYIK;Y.BAYSAL;6;%24.18(1);27;1:49.05;3,20;1,5  Boy
2;NATROSE KG;3y a  d;SAADIN GÜCÜ;ÖPNAZ;57;E.AKTUĞ;ERHAN ALPER ŞENER;At Sahibi;9;%12.71(4);;1:49.28;4,20;5,5 Boy
3;ALMİNA K;3y a  d;ÖZGÜNHAN;AYDANAZ;57 +0.40;E.ÇANKAYA;FERİDE TURAN;H.TURAN;7;%11.66(5);13;1:50.32;5,55;1,5  Boy
4;MAVİ YAR KG DB SK;3y k  d;CANBERKTAY;MAVİALEV;57;F.ÇETİNBAŞ;SUPHİYE İLERİ;C.KATI;5;%13.38(3);;1:50.61;7,10;1 Boy
5;MENESSAL KG SK SGKR;3y k  d;GELİBOLU;ÖZ NURAY;57;M.N.SUNKAR;FERİDUN POLAT;S.POLAT;3;%6.21(7);16;1:50.77;10,40;
6;KINALIKAYAM KG K DB;3y a  d;GÜMBÜRGÜMBÜR;KINALI SULTAN;57;S.YAZICIOĞLU AP;İBRAHİM KAYA;RAM. KAYA;8;%21.25(2);30;1:51.34;2,85;
7;YEŞİL YAKUT KG DB;3y a  d;BESLENEY;MUCAN;57 +0.50;M.G.ARSLAN;DAVUT YILDIRIM;ADN.POLAT;4;%7.66(6);;2:23.94;8,30;
8;OBA GÜZELİ KG DB SK (Koşmaz);3y d  d;BABA MEVLÜT;AYÇEŞMESİ;57;M.A.AKGÖBEK;YÜKSEL DOĞAN;M.A.CANPOLATLI;10;%2.93(8);8;Koşmaz;;
9;OKAYGÜN SKG SK (Koşmaz);3y a  d;SEMEND;CANSET;53;R.KURT AP;TUBA KAYA;A.DİNÇ;11;%0(10);15;Koşmaz;;
10;PARLAK ELMAS KG SK GKR (Koşmaz);3y a  d;ORÇUN;ANLAYIŞLI;53;R.YILDIZ AP;İBRAHİM KAYA;A.DİNÇ;2;%0(11);9;Koşmaz;;
11;TRIAN KG K (Koşmaz);3y a  d;SAADIN GÜCÜ;OKGİBİ;53;SERH.ÇELİK AP;HAMZA CANLIKA;Y.BAYSAL;1;%0.02(9);9;Koşmaz;;
[(1)KINALIKAYAM,(9)PARLAK ELMAS,] eküridir.GANYAN(3) :3,20 TL, 7'Lİ PLASE(4,6,7/4,6/1,6/1,4/3,5/2,3,6,8/1,3,6,7,8,9,10) :206,10 TL, 2. 6'LI GANYAN(6/1/1/5/6/1,3,7,8,9,10) :1.533,00 TL, 2. 5'Lİ GANYAN(1/1/5/6/1,3,7,8,9,10) :580,20 TL, 2. 4'LÜ GANYAN(1/5/6/1,3,7,8,9,10) :205,80 TL, 2. 3'LÜ GANYAN(5/6/1,3,7,8,9,10) :25,90 TL, İKİLİ(3/6) :8,10 TL, SIRALI İKİLİ(3/6) :16,05 TL, ÜÇLÜ BAHİS(3/6/2) :154,50 TL Çıkan 1 Atla: 16,20 TL, PLASE(3) :3,00 TL, PLASE(6) :2,65 TL, PLASE İKİLİ(2/3) :3,40 TL, PLASE İKİLİ(2/6) :7,90 TL, PLASE İKİLİ(3/6) :7,10 TL, 9. ÇİFTE(6/3) :7,80 TL, 7'Lİ GANYAN(4,7/6/1/1/5/6/1,3,7,8,9,10) :9.987,30 TL

