İstanbul;(77. Yarış Günü);09/10/2026
1. Kosu :   16.45;ŞARTLI 4; 3 ve Yukarı İngilizler; 57.00kg; 60.00 kg; 60.00 kg; 1900m; Çim;;;;Rekor Derece :1.52.63
İkramiye;;;;;Yetiştirici Primi;;;;
1.)595.000 TL;2.)238.000 TL;3.)119.000 TL;4.)59.500 TL;5.)29.750 TL;1.)107.100 TL;2.)42.840 TL;3.)21.420 TL;4.)10.710 TL;5.)5.355 TL;
At No;At İsmi;Yaş;Orijin(Baba);Orijin(Anne);Kilo;Jokey Adı;Sahip Adı;Antrenör Adı;St;AGF;H;Son 6 Yarış;KGS;s20;EnİyiDerece
1;WARRIOR LION KG DB;5y a  a;AFTER MARKET (USA);ÇAYGÜZELİ;62;H.ÇİZİK;ADİL AKYAVUZ;Y.DEMİRKIRAN;7;%6.83(7);84;Ç6Ç5S5Ç1Ç4S0;9;18;1:56.73
2;BRUSK SHOT DB SK;4y a  g;TRAPPE SHOT (USA);ÇAR BRUSK;57;BERK.GÖKÇE AP;NECLA AKBULUT;Y.AKBULUT;5;%8.51(6);73;Ç4Ç5Ç0K3Ç1Ç2;25;19;
3;QUEIMADA GRANDE DB SKG SK;9y d  a;LUXOR;NIGHTINGALE;57;ER.CANKILIÇ AP;HÜSEYİN NAFİZ ŞENGÜL;H.ÇELİK;6;%16.03(3);89;Ç3Ç2Ç2Ç1Ç4S4;9;18;1:54.83
4;RACING RAPTURE KG SK;4y d  a;TOROK (IRE);SILKY;60;G.KOCAKAYA;ÜMİT BARLIK;G.SÜTCÜ;4;%18.56(2);67;S4Ç6K1K2K3S4;19;17;1:57.13
5;TURKISH PUNCH K;5y d  a;DAREDEVIL (USA);TAQWEEM (USA);60;V.ABİŞ;AYDIN ÜSTÜNDAĞ;E.USLU;8;%13.06(4);88;Ç7Ç6Ç6Ç3Ç5Ç6;14;12;1:57.10
6;GREY GHOST KG DB SK;4y d  a;OUTWORK (USA);CORDELHIA (IRE);58;A.SÖZEN;GÜLŞEN DÜLGER;C.FİLİKSAÇ;9;%9.3(5);81;Ç4Ç9Ç8Ç7Ç8Ç4;14;10;1:56.38
7;IRON SKY KG SK;5y d  a;MYBOYCHARLIE (IRE);AL JAWHARA;56;E.AKTUĞ;ÜMİT DURUCAN;H.HARMANBAŞI;2;%5.44(8);87;S1K5K8-S4S7S7;9;15;1:57.20
8;JAN AQUA DB SKG SK;5y d  a;VICTORY GALLOP (CAN);ASORTİK;56;Ö.YILDIRIM;BEKİR AKYAVUZ;S.AKYAVUZ;3;%20.9(1);95;K8K0K4Ç3Ç6S3;12;11;1:56.44
9;KING DEVIL KG K;5y d  a;DAREDEVIL (USA);LADY SYLVANAS;56;E.BOZDAĞ;FURKAN TAŞKIRAN;T.ŞİT;1;%1.37(9);83;K7K6Ç3-Ç6S8K0;8;11;
1. 6'LI GANYAN Bu koşudan başlar;1. ÇİFTE Bu koşudan başlar;GANYAN;İKİLİ;SIRALI İKİLİ;SABİT GANYAN;SABİT İKİLİ;SABİT SIRALI İKİLİ;SABİT İLK 2;SABİT İLK 3;SABİT İLK 4;SABİT KİM GEÇER

2. Kosu :   17.15;Maiden/DHÖW; 3 Yaşlı Araplar; 57.00kg; 1400m; Çim;;;;Rekor Derece :1.29.31
İkramiye;;;;;Yetiştirici Primi;;;;
1.)600.000 TL;2.)240.000 TL;3.)120.000 TL;4.)60.000 TL;5.)30.000 TL;1.)180.000 TL;2.)72.000 TL;3.)36.000 TL;4.)18.000 TL;5.)9.000 TL;
At No;At İsmi;Yaş;Orijin(Baba);Orijin(Anne);Kilo;Jokey Adı;Sahip Adı;Antrenör Adı;St;AGF;H;Son 6 Yarış;KGS;s20;EnİyiDerece
1;BALMEHMET KG SK;3y k  e;BOZYİĞİT;SORKUN KIZ;53;Ç.TAŞCI AP;MERT ÇELİK;B.ÇAPKIN;3;%0.63(10);12;S7S8Ç6S0;12;16;
2;DAĞYIKAN KG SK;3y d  e;BABA MEVLÜT;OYUNCU HATUN;57;A.SÖZEN;SEMİH KATI;M.DOLAK;6;%3.86(6);16;S4S7S8Ç6;15;16;
3;KAMALI BEYİ KG DB SK;3y k  e;BABA MEVLÜT;PERS ASLANI;57;A.KAÇMAZ;BİLAL AVCI;O.BOZYEL;13;%1.57(9);;S9S0;12;18;
4;LA MIRAGE SK;3y k  e;GELİBOLU;BEKONYA;57;Ö.YILDIRIM;KÜBRA YILMAZ;C.TURAN;1;%27.28(1);31;K5Ç3Ç3;14;17;1:34.45
5;MAVİ HAKAN KG DB SK;3y d  e;YAVUZBEY;URLA SULTANI;57;M.M.BİLGİN;SEDA KARACA;C.GÜNEŞ;11;%5.7(4);20;S4S6Ç0K7Ç5;14;15;
6;ÖZ GÜMÜŞ KG DB SK;3y k  e;AFRİKAANDER;ÖZFİDAN;57;H.ÇİZİK;AYFER GEÇGEL;MUR.ALTIN;5;%18.94(3);;Ç3S4;12;18;
7;SAMER BEY KG SK;3y k  e;FATİH AĞA;REKİN;57;B.AKÇAY;BİLAL AVCI;S.GÜNAYDIN;7;%0.69(9);;Ç0;100;19;
8;SENAN KG DB SK;3y a  e;YAKUPBEY;NURTEN;54;R.KETME AP;ÖMER ARSLAN;A.KAPLAN;2;%0.34(11);9;Ç8K8K9;8;17;
9;UFUKTEPE DB SK;3y a  e;GÜRSU;KÜLTEPE;55;ER.CANKILIÇ AP;SEDA KARACA;C.GÜNEŞ;12;%4.54(4);;S4;7;19;
10;NİSAM;3y k  d;ŞAHİNTER;OLSAR;58;M.KAYA;İLHAN GÜÇLÜ;V.KARAKUŞ;4;%24.03(2);35;Ç4Ç4Ç4Ç4S3Ç2;14;17;1:33.80
11;BAYANPAPATYA;3y a  d;SERDÜMEN;SABİHASULTAN;55;GÖK.BEKTAŞ;BORA YILDIZ;S.GÜNAYDIN;8;%3.09(7);;S4;23;19;
12;ÇINARALTI KIZI KG K DB;3y k  d;DEMİRTURBO;ZÜLAL;55;A.YILDIZ;TAŞKIN AVCI;A.R.KISMET;9;%6.6(5);32;S4Ç6K5K6Ç6S2;12;14;1:35.45
13;GÖREN ABLA;3y d  d;AYABAKAN;ABİ DEVRAN;55;A.ASLAN;SELİM KAYA;V.KARAKUŞ;10;%2.73(8);;S6;7;19;
[(3)KAMALI BEYİ,(7)SAMER BEY,] eküridir.[(5)MAVİ HAKAN],(9)UFUKTEPE],] eküridir.1. 5'Lİ GANYAN;2. ÇİFTE Bu koşudan başlar;GANYAN;İKİLİ;SIRALI İKİLİ;ÜÇLÜ BAHİS;PLASE;PLASE İKİLİ;SIRALI 5 Lİ BAHİS;SABİT GANYAN;SABİT İKİLİ;SABİT SIRALI İKİLİ;SABİT İLK 2;SABİT İLK 3;SABİT İLK 4

3. Kosu :   17.45;SATIŞ 3/DHÖW; 4 Yaşlı Araplar; 58.00kg; 2100m; Çim;;;;Rekor Derece :2.19.85
İkramiye;;;;;Yetiştirici Primi;;;;
1.)630.000 TL;2.)252.000 TL;3.)126.000 TL;4.)63.000 TL;5.)31.500 TL;1.)151.200 TL;2.)60.480 TL;3.)30.240 TL;4.)15.120 TL;5.)7.560 TL;
At No;At İsmi;Yaş;Orijin(Baba);Orijin(Anne);Kilo;Jokey Adı;Sahip Adı;Antrenör Adı;St;AGF;H;Son 6 Yarış;KGS;s20;EnİyiDerece
1;FİKRET ABİ KG DB SK;4y k  a;BERKSOY;GÜLRUHSAR;58;V.ABİŞ;MURAT DİLBER;Y.AKBULUT;8;%28.78(2);89;K4Ç2Ç5Ç1Ç7Ç5;8;18;
2;JET ÇELİK KG SK GKR;4y a  a;TAMERŞAH;GÜNDOĞDU;56;T.YILDIZ;HAYRETTİN GÖKÇE;BER. GÖKÇE;6;%1.38(9);42;Ç4Ç9Ç5Ç6Ç0Ç6;14;10;
3;ALMUTANABİY KG;4y a  a;UÇANBEY;ESLEM SULTAN;54;M.M.BİLGİN;AZİZ YILMAZ;C.TURAN;11;%5.28(5);60;S5Ç2S4Ç6Ç8S8;65;11;
4;Bİ ANKA KG K DB;4y d k;SAADIN GÜCÜ;ALHARİKA;54;A.ASLAN;ÖMER ARSLAN;A.KAPLAN;7;%2.28(8);59;Ç9K2K1K1K0K4;8;18;
5;KAPTANPAŞALI KG DB;4y a  a;TAYKUT;DOLUDİZGİN;54;R.KETME AP;MUZAFFER TENEKECİ;S.C.GÖZÜNGÜ;1;%9.56(4);86;K5K1K2K5K3K1;8;20;
6;ON GÖZLÜ KG K DB;4y a  a;ODİNHAN;NADİDE;54;B.AKÇAY;ZAFER COŞGUN;T.YILMAZ;2;%0.85(10);31;S9S0Ç9Ç6S7S0;9;8;
7;SİYAH KUŞ KG DB SK;4y a k;SONALP;KAMARAN;54;G.KOCAKAYA;ŞEYDA ERCAN;M.ANAT;12;%33.55(1);76;Ç4K5Ç1Ç2Ç2Ç1;30;20;
8;ÇİFTEHAN KG DB SK;4y k  a;GELİBOLU;AMANOS;53;A.KAÇMAZ;CÜNEYT ÇALICIOĞLU;S.AYDOĞAN;4;%11.16(3);34;Ç7Ç5Ç9Ç6Ç3Ç2;14;10;2:26.83
9;JULNAR KG DB SK;4y k k;ATEŞTOPU;NEAMENİNKIZI;53;Ç.TAŞCI AP;UFUK DEMİR;U.DEMİR;5;%0.36(12);30;S0Ç0S9K0Ç6Ç0;19;10;
10;PİYANGO KG DB SK;4y k k;SERDÜMEN;UÇANİDİL;53;E.AKTUĞ;YÜKSEL GÖKTÜRK;H.BOYRAZ;9;%3.96(6);45;S0Ç1Ç0S8Ç8Ç4;19;16;
11;YETİM AMCA KG DB SK;4y k  a;FATİH AĞA;TUMBUL ZEMZEM;53;E.BOZDAĞ;HALİL ASLAN;Ö.GÜNELİ;3;%2.46(7);66;Ç6Ç6S7Ç4S5Ç9;14;12;
12;FIGHT FOR ME K DB GKR;4y k k;YILMABAŞAR;İNCİSU;50;S.AKBULAT AP;S.SÜLEYMAN YILMAZ;S.ÇİFTÇİ;10;%0.39(11);28;S0K5K0K0Ç0Ç5;19;12;
1. 4'LÜ GANYAN;3. ÇİFTE Bu koşudan başlar;GANYAN;İKİLİ;SIRALI İKİLİ;ÜÇLÜ BAHİS;PLASE;PLASE İKİLİ;SIRALI 5 Lİ BAHİS;SABİT GANYAN;SABİT İKİLİ;SABİT SIRALI İKİLİ;SABİT İLK 2;SABİT İLK 3;SABİT İLK 4

4. Kosu :   18.30;ŞARTLI 4; 3 Yaşlı İngilizler; 58.00kg; 1500m; Sentetik;;;;Rekor Derece :1.28.19
İkramiye;;;;;Yetiştirici Primi;;;;
1.)595.000 TL;2.)238.000 TL;3.)119.000 TL;4.)59.500 TL;5.)29.750 TL;1.)107.100 TL;2.)42.840 TL;3.)21.420 TL;4.)10.710 TL;5.)5.355 TL;
At No;At İsmi;Yaş;Orijin(Baba);Orijin(Anne);Kilo;Jokey Adı;Sahip Adı;Antrenör Adı;St;AGF;H;Son 6 Yarış;KGS;s20;EnİyiDerece
1;MAKİNİST DB SKG SK;3y a  e;SUPER SAVER (USA);LAUD (USA);60;H.KARATAŞ;İSMAİL HADİOĞLU;O.ALTUNTAŞ;5;%51.16(1);58;Ç1S4Ç3S1;14;20;1:31.54
2;DOĞANHAN KG DB SK;3y k  e;NATIVE KHAN (FR);CRAFTY ANGEL (USA);55;ER.CANKILIÇ AP;TALİP ÖZTÜRK;B.DAĞ;1;%4.88(5);47;S3S5Ç1Ç2S7;23;18;1:33.29
3;MILLENNIUM FALCON;3y d  e;MYBOYCHARLIE (IRE);SELİNCAN;58;Ö.YILDIRIM;HAKAN KEFOĞLU;T.ŞİT;2;%13.28(3);55;S4K0S3S2S5S2;14;18;1:31.59
4;MR DODO SKG;3y d  e;MYBOYCHARLIE (IRE);VİRA VİRA;58;V.ABİŞ;DOĞUKAN YAPICI;A.ŞIVGIN;7;%17.29(2);63;S3S1S2-S2S1S1;230;20;1:31.25
5;AGUA REGIA DB SK;3y a  e;KLIMT (USA);SCHNELLES;56;A.KAÇMAZ;CELAL ŞENGİL;A.ALÇİÇEK;9 - DS;%3.65(6);40;K5K4S0S6S6S3;14;13;1:31.84
6;CHARLIE THE FIRST KG DB SK;3y d  d;KLIMT (USA);WENONA;56;A.YILDIZ;MURAT KADAİFÇİOĞLU;MİR.İPEK;4;%2.61(7);46;K5S7S4Ç8S1S4;65;19;1:32.80
7;VICTORY LANE DB SK;3y d  d;VICTORY GALLOP (CAN);CANYAKAR (IRE);56;A.SÖZEN;BARAN D. CEMİLOĞLU;H.HARMANBAŞI;3;%6.93(4);57;S4K6K2Ç7K9S5;14;14;1:32.05
8;CRY OF VICTORY KG DB SK;3y d  e;TORUK MACTO (IRE);NAGİRİ;54;B.AKÇAY;ERHAN ALKAN;A.ŞIVGIN;6;%0.12(8);10;K0S0Ç7Ç9K8;38;15;1:37.26
9;MAJESTIC CHAMPION KG SK;3y d  e;SHARP KNIFE (USA);SUNLIGHT MELODY;52;Ç.TAŞCI AP;MEHMET NAİM;GÜV.GÖKÇE;8 - DS;%0.09(9);11;S6S0Ç6S0S0S0;9;11;1:33.18
7'Lİ PLASE;7'Lİ GANYAN;1. 3'LÜ GANYAN;4. ÇİFTE Bu koşudan başlar;GANYAN;İKİLİ;SIRALI İKİLİ;ÜÇLÜ BAHİS;PLASE;SABİT GANYAN;SABİT İKİLİ;SABİT SIRALI İKİLİ;SABİT İLK 2;SABİT İLK 3;SABİT İLK 4

5. Kosu :   19.00;Maiden/DHÖW; 3 Yaşlı Araplar; 57.00kg; 1400m; Çim;;;;Rekor Derece :1.29.31
İkramiye;;;;;Yetiştirici Primi;;;;
1.)600.000 TL;2.)240.000 TL;3.)120.000 TL;4.)60.000 TL;5.)30.000 TL;1.)180.000 TL;2.)72.000 TL;3.)36.000 TL;4.)18.000 TL;5.)9.000 TL;
At No;At İsmi;Yaş;Orijin(Baba);Orijin(Anne);Kilo;Jokey Adı;Sahip Adı;Antrenör Adı;St;AGF;H;Son 6 Yarış;KGS;s20;EnİyiDerece
1;KARANLIK KG K DB;3y k  e;TALİPHAN;FÜLANE;59;T.YILDIZ;METE ÇELİK;B.ÇAPKIN;12;%5.43(6)  %5.09(6);32;S5Ç8Ç0K9S2S5;12;14;
2;AKÇİVİ KG SK;3y k  e;SİLAH;NURHANHANIM;54;R.KETME AP;NİMET ARİF KURTEL;H.YÜZBAŞI;9;%11.63(3)  %10.74(4);27;Ç5Ç2Ç6;18;17;
3;AYNASIZ KG K;3y a  e;KAMAN;RABİA;55;ER.CANKILIÇ AP;NECATİ DEMİRKOL;Z.GÜNELİ;5;%4.36(7)  %3.27(8);;S8;7;19;
4;BİGASİ DB SKG SK SGKR;3y a  e;GELİBOLU;SİDELYA;57;A.ASLAN;YAKUP BALKAN;MUR.AKKILIÇ;3;%2.21(9)  %2.65(9);17;S8Ç0S0Ç6S5S5;12;14;
5;FATİHİNASLANI KG SK;3y a  e;BALALAYKA;ELENAZ;57;B.AKÇAY;MÜSLÜM BAKAY;M.AKBULUT;10;%6.66(5)  %6.15(5);30;S4S0Ç3S4Ç7;18;15;
6;HÜRŞANINOĞLU DB SKG SK;3y k  e;GÜNTAY;HÜRŞAN;54;BERK.GÖKÇE AP;ERKUL ÖCAL;R.SUNA;1;%0.75(10)  %0.83(10);;S0;7;19;
7;KAHRAMAN FATİH KG DB GKR;3y k  e;DİLİRAN;KAHRAMANKIZ;57;V.ABİŞ;NASRİ ARTAR;B.ŞENGEL;8;%31.75(1)  %34.47(1);30;Ç2S3Ç6;14;17;
8;KORMAN ŞAH KG K GKR;3y a  e;KAMAN;DERİNCAN;57;A.SÖZEN;DEMİRHAN YILMAZ;S.BEKTAŞ;2;%11.11(4)  %12.12(3);29;S2S0Ç5Ç4Ç7;14;15;1:34.73
9;PESENHAN KG;3y d  e;BABA MEVLÜT;PETEKTEN;57;A.YILDIZ;SEYİT AHMET KORKMAZ;O.BOZYEL;7;%3.53(8)  %3.56(7);;S9;7;19;
10;PLOMARİ KG K DB;3y a  e;UÇANBEY;DOST ELİ;57;G.YILDIZ;MUSTAFA SAFRAN;Y.ÖZTAŞ;14 - DS;%0.72(11)  %0.63(11);;S0;7;19;
11;BAYANBADEŞAN;3y k  d;BATMANASLANI;BADEŞAN;55;M.M.BİLGİN;BORA YILDIZ;S.GÜNAYDIN;13;%20.59(2)  %19.26(2);;Ç2;23;19;
12;BEŞTAŞ K DB;3y a  d;MADRABAZ;HÜRGÖNÜL;55;E.BOZDAĞ;ADNAN TAHAOĞLU;S.KERESTECİ;11;%0.46(12)  %0.63(12);11;Ç6Ç7S8K0Ç0Ç0;25;14;
13;NESLİHAN HATUN DB;3y k  d;ARASLI;GÜLNURKIZ;55;GÖK.BEKTAŞ;BORA YILDIZ;S.GÜNAYDIN;4;%0.44(2)  %0.32(2);11;Ç0K7K6S9K0;8;15;
14;VOLCANIC GIRL K;3y a  d;GELİBOLU;TEZKİRE;52;Ç.TAŞCI AP;VOLKAN AKDOĞAN;B.ÇAPKIN;6;%0.36(13)  %0.29(13);;Ç8S0;12;18;
[(11)BAYANBADEŞAN,(13)NESLİHAN HATUN,] eküridir.2. 6'LI GANYAN Bu koşudan başlar;5. ÇİFTE Bu koşudan başlar;GANYAN;İKİLİ;SIRALI İKİLİ;SABİT GANYAN;SABİT İKİLİ;SABİT SIRALI İKİLİ;SABİT İLK 2;SABİT İLK 3;SABİT İLK 4

6. Kosu :   19.30;ŞARTLI 4/DHÖ; 4 ve Yukarı Araplar; 58.00kg; 60.00 kg; 1900m; Çim;;;;Rekor Derece :2.04.59
İkramiye;;;;;Yetiştirici Primi;;;;
1.)595.000 TL;2.)238.000 TL;3.)119.000 TL;4.)59.500 TL;5.)29.750 TL;1.)107.100 TL;2.)42.840 TL;3.)21.420 TL;4.)10.710 TL;5.)5.355 TL;
At No;At İsmi;Yaş;Orijin(Baba);Orijin(Anne);Kilo;Jokey Adı;Sahip Adı;Antrenör Adı;St;AGF;H;Son 6 Yarış;KGS;s20;EnİyiDerece
1;ASAF BABA SKG SK;6y d  a;SAADIN GÜCÜ;BADRA;60;ER.CANKILIÇ AP;BİROL SÖKMEN;İ.ÇEÇAN;5;%11.05(3)  %9.89(5);80;Ç5Ç7Ç4Ç5Ç3Ç4;21;17;2:08.08
2;ALATTİN KG SK;5y a  a;AYABAKAN;SEBİLE;59;R.KETME AP;FERİDUN GÜNDÜZ;N.GÜNDÜZ;6;%10.61(4)  %10.43(3);83;Ç4Ç7Ç1Ç2Ç2Ç6;26;18;2:09.61
3;DİNAMİT KG K DB;6y d  a;SAADIN GÜCÜ;EYLÜLKAAN;60;M.KAYA;SELİM YILDIZ;O.ALTUNTAŞ;2;%18.9(2)  %20.18(2);90;Ç6Ç3Ç2Ç1Ç3Ç8;8;18;2:07.11
4;KRAL YAZICI KG K DB;5y k  a;AYABAKAN;BEYAZ KELEBEK;57;BERK.GÖKÇE AP;MÜSLÜM ŞEKER;RAM. KAYA;4;%1.64(8)  %1.43(9);60;K5S1Ç3Ç7K6S7;9;16;
5;BLUEMOON KG K;6y a k;AYABAKAN;MOONSTONE;58;B.AKÇAY;AYDIN ÜSTÜNDAĞ;E.USLU;3;%5.31(6)  %4.59(6);85;Ç3Ç1Ç9Ç5Ç5S5;9;16;2:10.73
6;NAMSAL KG DB SK;5y a  a;GÜRSU;SARDES;57;A.SÖZEN;ŞABAN KARAMAN;V.KARAKAYA;7;%9.48(5)  %9.93(4);85;S6S8Ç3Ç5S1Ç0;7;19;2:10.72
7;CANCANER KG SK;7y k  a;TURBO;MERZA;56;H.ÇİZİK;İBRAHİM HALİL ŞİMŞEK;TU.TURAN;8 - DS;%38.57(1)  %38.56(1);99;Ç3Ç3-K7K0Ç6Ç3;26;20;2:06.31
8;SUBİKE KG DB;10y k k;ARASLI;KUTBİKE;58;A.KAÇMAZ;TÜLAY ÇİFTÇİ;S.ÇİFTÇİ;1;%1.51(9)  %1.65(8);74;K6K7S6S5K8S8;9;10;2:07.13
9;AĞA TURBO KG;7y a  a;TURBO;HÜRGÖNÜL;56;E.AKTUĞ;TARKAN H. ONAR;HAL.YILDIZ;9 - DS;%2.93(7)  %3.34(7);89;Ç4S1S9S4Ç0-S6;12;16;2:07.57
2. 5'Lİ GANYAN;6. ÇİFTE Bu koşudan başlar;GANYAN;İKİLİ;SIRALI İKİLİ;ÜÇLÜ BAHİS;PLASE;SABİT GANYAN;SABİT İKİLİ;SABİT SIRALI İKİLİ;SABİT İLK 2;SABİT İLK 3;SABİT İLK 4;SABİT KİM GEÇER

7. Kosu :  BYERLEY TURK KOŞUSU 20.00;G 1/ULS; 3 ve Yukarı İngilizler; 58.00kg; 60.00 kg; 60.00 kg; 2000m; Sentetik;;;;Rekor Derece :2.00.81
İkramiye;;;;;Yetiştirici Primi;;;;
1.)5.000.000 TL;2.)2.000.000 TL;3.)1.000.000 TL;4.)500.000 TL;5.)250.000 TL;1.)1.500.000 TL;2.)600.000 TL;3.)300.000 TL;4.)150.000 TL;5.)75.000 TL;
At No;At İsmi;Yaş;Orijin(Baba);Orijin(Anne);Kilo;Jokey Adı;Sahip Adı;Antrenör Adı;St;AGF;H;Son 6 Yarış;KGS;s20;EnİyiDerece
1;AL TAN DB SK;5y a  a;LUXOR;NO MORE STRIKE;60;Ö.YILDIRIM;NEDİM KİSBU;M.ÖZ;1;%9.18(4);107;Ç1Ç2Ç0Ç3S3Ç2;12;20;2:02.92
2;CAPTAIN FANTASTIC DB SKG SK;7y d  a;MSHAWISH (USA);RAHAF (USA);60;H.KARATAŞ;SEMA ULAŞ;H.YÜZBAŞI;5;%14.3(2);106;K0S2Ç9S2S2S2;34;20;2:02.49
3;MASTERPIECE DB SKG SK BB;5y d  g;ZARAK* (FR);FALABALA (GB);60;V.ABİŞ;ALİ RIZA ÇELİKOĞLU;U.BİLİK;8;%13.64(3);101;Ç1Ç2Ç1Ç2Ç1Ç1;26;20;2:03.66
4;POETRY IN MOTION DB SK;4y a  a;CATALINA CRUISER (USA);ONE SHOW ONLY (USA);60;S.KAYA;KEMAL KURT;İB.B.OĞULLARI;7;%55.73(1);107;S1S1-S1S1S3S1;34;20;2:02.42
5;PYTHAGOREAN THEORY KG SK;4y d  a;TOROK (IRE);GONDOR;60;M.M.BİLGİN;MURAT KAYA;B.AKBULUT;6;%1.73(7);99;Ç3S1Ç6Ç5Ç2Ç5;26;16;2:03.28
6;SHADOW SOLDIER SK;3y d  e;AGRESIVO (USA);THIS IS MY GIRL;58;G.KOCAKAYA;ALİ UÇAK;V.YILDIRIM;2;%2.18(5);95;Ç5Ç6S1Ç8Ç4Ç8;12;17;2:05.82
7;SPLENDID DB SKG;7y d k;LUXOR;GRAND EXPECTATIONS;58;T.YILDIZ;VOLKAN R. EKİNCİ;A.KÜÇÜKAKSOY;3;%2.15(6);96;Ç4Ç4S2S2Ç3S1;9;20;2:03.61
8;SUPER TOMO SK;3y a  e;SUPER SAVER (USA);TUĞÇE HANIM;58;H.ÇİZİK;SEMİH KATI;M.DOLAK;4;%1.09(8);97;Ç3Ç9Ç3Ç1Ç5Ç6;13;18;2:04.03
2. 4'LÜ GANYAN;7. ÇİFTE Bu koşudan başlar;GANYAN;İKİLİ;SIRALI İKİLİ;ÜÇLÜ BAHİS;PLASE;SABİT GANYAN;SABİT İKİLİ;SABİT SIRALI İKİLİ;SABİT İLK 2;SABİT İLK 3;SABİT İLK 4;SABİT KİM GEÇER

8. Kosu :   20.30;KV-7/Dişi; 2 Yaşlı İngilizler; 57.00kg; 1300m; Sentetik;;;;Rekor Derece :1.15.99
İkramiye;;;;;Yetiştirici Primi;;;;
1.)975.000 TL;2.)390.000 TL;3.)195.000 TL;4.)97.500 TL;5.)48.750 TL;1.)292.500 TL;2.)117.000 TL;3.)58.500 TL;4.)29.250 TL;5.)14.625 TL;
At No;At İsmi;Yaş;Orijin(Baba);Orijin(Anne);Kilo;Jokey Adı;Sahip Adı;Antrenör Adı;St;AGF;H;Son 6 Yarış;KGS;s20;EnİyiDerece
1;COSE DELLA VITA SK;2y d  d;HARRY ANGEL (IRE);LADY GUINEVERE (GB);57;A.SÖZEN;İSHAK ŞAHİN;M.DOLAK;5;%10.09(4);60;Ç1Ç2S2Ç1Ç5S2;21;18;
2;EGOISTA DB SK;2y d  d;NATIVE KHAN (FR);MAGNOLIA;57;H.ÇİZİK;SEMİH KATI;M.DOLAK;3;%9.96(5);61;S1Ç7S2K4S1S5;23;19;1:18.98
3;O BİR VAHŞİ K;2y d  d;SHARPA;ULDUZ;57;M.KAYA;SEYDİ AKYILDIRIM;E.ÇETİNKURT;1;%13.22(3);65;K2S7K1K1K2K1;8;20;
4;SANAE K DB;2y d  d;SATONO ARES (JPN);SUMMER WINE;57;Ö.YILDIRIM;İBRAHİM KAYA;S.GÜNAYDIN;6;%23.59(2);61;Ç3K1Ç2Ç0S1S1;21;20;
5;ANY GIVEN SUNDAY SK;2y d  d;ELARQAM (GB);İNAZUMA;54;H.KARATAŞ;K.ERCAN EKENLER;T.ŞİT;2;%5.16(7);41;Ç3S2Ç1;19;20;1:20.78
6;ATOMIC AGE SK;2y d  d;AGRESIVO (USA);ÇIKSALIN;54;V.ABİŞ;ADİL MERT KAYA;T.TAŞAR;8;%9.96(6);48;S1S2S2;30;19;
7;TOUCH OF GLORY K;2y d  d;TOUCH THE WOLF;BLACK MIRACLE (FR);54;G.KOCAKAYA;ABDULLAH YAZICI;A.YAZICI;7;%24.42(1);54;Ç1Ç1;26;20;
8;ASİL KRALİÇE DB SK;2y d  d;TOROK (IRE);BLOOMY;53;E.AKTUĞ;CUMA YILDIRIM;M.AKKILIÇ;4;%3.58(8);54;S4Ç7S1Ç5;14;19;1:19.73
2. 3'LÜ GANYAN;8. ÇİFTE Bu koşudan başlar;GANYAN;İKİLİ;SIRALI İKİLİ;ÜÇLÜ BAHİS;PLASE;SABİT GANYAN;SABİT İKİLİ;SABİT SIRALI İKİLİ;SABİT İLK 2;SABİT İLK 3;SABİT İLK 4;SABİT KİM GEÇER

9. Kosu :   21.00;Maiden/DHÖW; 3 Yaşlı Araplar; 57.00kg; 1400m; Çim;;;;Rekor Derece :1.29.31
İkramiye;;;;;Yetiştirici Primi;;;;
1.)600.000 TL;2.)240.000 TL;3.)120.000 TL;4.)60.000 TL;5.)30.000 TL;1.)180.000 TL;2.)72.000 TL;3.)36.000 TL;4.)18.000 TL;5.)9.000 TL;
At No;At İsmi;Yaş;Orijin(Baba);Orijin(Anne);Kilo;Jokey Adı;Sahip Adı;Antrenör Adı;St;AGF;H;Son 6 Yarış;KGS;s20;EnİyiDerece
1;EFE KAPTAN KG DB;3y a  e;GÜMBÜRGÜMBÜR;DRAMATİK;59;A.SÖZEN;TAMER KOLDAŞ;C.TURAN;3;%26.37(1);34;S8Ç5S5K2S2S3;12;18;
2;AKÇAALİ KG DB SK;3y a  e;BERKSOY;ÇELTİK;57;Ö.YILDIRIM;CİHAN ÖZGEN;MİR.İPEK;13;%9.63(6);28;S3Ç9S4S4;12;16;
3;AKÖREN KG DB SK;3y k  e;OĞLUM BURAK;BOHEM;57;E.BOZDAĞ;ZÜLFİKAR HATUNOĞLU;A.KÜÇÜKAKSOY;10;%1.57(9);11;S6Ç7Ç9;14;17;1:35.91
4;ALANDER KG;3y a  e;AFRİKAANDER;AL SERAY;54;R.KETME AP;MAHMUT AKPOLAT;N.GÜNDÜZ;4;%11.82(4);25;K4K0S4;12;17;
5;ROSSİMAN KG DB SK;3y d  e;BODRUM KALESİ;GAGAUZ;57;B.AKÇAY;EKREM AKDUMAN;GÜV.GÖKÇE;14 - DS;%2(8);9;S0Ç0S0Ç0S6S7;12;13;
6;ŞAFAKBERK KG K DB;3y k  e;BAŞ HÜKÜMDAR;MAVİŞ HANIM;57;G.KOCAKAYA;H.TARIK ERMAN;İ.Ş.ÜÇÜNCÜOĞLU;8;%10.8(5);24;Ç3S8Ç8;14;17;
7;TUĞŞATHAN KG K;3y a  e;OVA;RAYİHA;57;A.KAÇMAZ;MEHMET ÇAVUŞ;HAY.YILDIRIM;5;%0.79(10);;S0;7;19;
8;TÜMÇIKMAZ KG DB SK;3y k  e;SİLAH;SEYREK;55;ER.CANKILIÇ AP;SEVİM KARACA;C.GÜNEŞ;6;%2.24(7);16;S8K5K7Ç6Ç5;14;15;1:36.34
9;YALIN ATEŞ DB SKG SK;3y a  e;BESLENEY;KERİME;57;H.ÇİZİK;TAHİR ŞİMŞEK;H.KARATAŞ;1;%20.51(2);28;Ç9Ç4Ç4Ç4K0Ç3;14;16;1:35.00
10;BUZMERAL KG K;3y a  d;BİÇER;JONATHAN;53;Ç.TAŞCI AP;METE ÇELİK;B.ÇAPKIN;12;%0.39(14);;Ç7S0;12;18;
11;GÜNEŞ TUTULMASI K;3y k  d;ONURKAAN;SAYDAM;55;GÖK.BEKTAŞ;MEHMET ARSLAN;Ö.GÜNELİ;9;%0.44(13);;S6;23;19;
12;HÜNERİM KG DB SK;3y a  d;FATİH AĞA;ÇEKEREKLİ;55;C.PASO;ENDER COŞGUNSU;GÜV.GÖKÇE;7;%0.61(11);12;S9Ç6Ç0Ç0S6;12;15;
13;LEONA KG;3y k  d;SERDÜMEN;ŞENGÖNÜL;55;M.KAYA;CEMALETTİN KOÇ;A.BOZKURT;2;%12.37(3);;Ç4;23;19;
14;NAİFSEDA KG DB SK;3y k  d;YILMABAŞAR;MELEKNUR;55;A.ASLAN;KEREM GÜLMEZ;MUR.AKKILIÇ;11;%0.46(12);11;S6Ç0Ç0Ç9;28;16;1:39.97
9. ÇİFTE Bu koşudan başlar;GANYAN;İKİLİ;SIRALI İKİLİ;PLASE;PLASE İKİLİ;SIRALI 5 Lİ BAHİS;TABELA BAHİS;TABELA BAHİS SIRASIZ;SABİT GANYAN;SABİT İKİLİ;SABİT SIRALI İKİLİ;SABİT İLK 2;SABİT İLK 3;SABİT İLK 4

10. Kosu :   21.30;Handikap 15/Dişi /H1; 3 Yaşlı İngilizler; kg; 1400m; Çim;;;;Rekor Derece :1.21.22
İkramiye;;;;;Yetiştirici Primi;;;;
1.)595.000 TL;2.)238.000 TL;3.)119.000 TL;4.)59.500 TL;5.)29.750 TL;1.)107.100 TL;2.)42.840 TL;3.)21.420 TL;4.)10.710 TL;5.)5.355 TL;
At No;At İsmi;Yaş;Orijin(Baba);Orijin(Anne);Kilo;Jokey Adı;Sahip Adı;Antrenör Adı;St;AGF;H;Son 6 Yarış;KGS;s20;EnİyiDerece
1;HAMA DESTINATION DB SKG SK;3y d  d;TOROK (IRE);MILADY (GB);60;ER.CANKILIÇ AP;SOLAIMAN IRHAIM;Y.ARHIM;11;%3.66(7);61;S5Ç1S4S6Ç0S8;70;16;1:24.81
2;WASABI KG K;3y d  d;VICTOIRE PISA (JPN);NIPPON;58,5;E.AKTUĞ;YÜKSEL GÖKTÜRK;H.BOYRAZ;14;%1.64(12);54;S3S1Ç1-Ç9Ç0Ç0;26;17;
3;HIZKESEN DB SK;3y d  d;BUSHRANGER (IRE);BALAHATUN;58;M.KAYA;SEYDİ AKYILDIRIM;E.ÇETİNKURT;4;%4.03(6);53;Ç5Ç8Ç2Ç7Ç5K7;22;14;1:23.95
4;SILLAGE KG DB SK;3y d  d;NOBEL PRIZE (IRE);WEMBLEY FIRTINASI;58;A.SÖZEN;ALİ UÇAK;V.YILDIRIM;7;%12.29(3);53;Ç6Ç2Ç3Ç1Ç5Ç6;8;18;1:23.98
5;LADY BEGÜM DB SK;3y d  d;TOROK (IRE);CHERI CHERI LADY;55,5;H.KARATAŞ;BEGÜM YARAREL;M.E.AVCI;15;%30.89(1);48;Ç6S3Ç4S7Ç5Ç2;18;16;1:24.60
6;SHINING LIFE KG DB SK;3y d  d;TIZWAY (USA);BUTTERFLY DREAMS;53,5;BERK.GÖKÇE AP;SÜLEYMAN BAŞYİĞİT;Ö.DEMİR;6;%0.59(15);48;S5Ç1Ç0Ç4Ç7Ç0;19;16;
7;ANGEL OF TIME K DB;3y d  d;APPROVE (IRE);LADY MAYA;54,5;H.ÇİZİK;HÜSEYİN GÜNER;Ç.AYDIN;16 - DS;%5.43(5);46;S7Ç7S2Ç4S8Ç4;40;13;1:26.19
8;HILDA KG K;3y d  d;LAWMAN (FR);BAILEYS PARISIENNE (FR);54,5;A.YILDIZ;ERHAN TUNA;F.GÖNÜLTAŞ;13;%3.21(8);46;K4K6-Ç8Ç9Ç1Ç9;18;19;1:27.00
9;MOON STREAM DB SK;3y k  d;NATIVE KHAN (FR);DİBABA;53,5;V.ABİŞ;DİNÇER MUTLU;H.GÖNÜLTAŞ;5;%24.62(2);44;S5S4Ç1Ç5Ç3;21;18;1:24.42
10;VICTORY GIRL KG DB SK;3y d  d;VICTORY IS OURS;BLAZING GIRL;52;E.BOZDAĞ;ENİS EMRE GELGİN;A.KÜÇÜKAKSOY;10;%0.7(14);41;S3Ç1-Ç0Ç5Ç9;26;17;1:25.64
11;RUN LOLA RUN SK;3y d  d;TOROK (IRE);ELMASTÜTÜN;52;A.ASLAN;HÜSEYİN KAAN MÜJDECİ;T.ŞİT;8;%1.71(11);37;Ç0Ç0Ç6Ç5Ç0Ç7;21;13;1:24.54
12;SENSHI AMAZON KG DB SK;3y d  d;MER DE GLACE (JPN);FOLLE BLANCHE (USA);52;HAK.YILDIZ;DENİZ DEMİRKAAN;Y.DEMİRKIRAN;12;%0.19(16);33;Ç1K0-Ç0Ç0Ç9Ç0;35;15;1:26.97
13;PINK FLOWER K DB SK;3y d  d;EPAULETTE (AUS);HAYRLIHON (IRE);52;A.KAÇMAZ;ERTUĞRUL KARAASLAN;A.ŞIVGIN;3;%6.38(4);29;S9Ç7S0Ç3Ç5S4;16;13;1:25.55
14;MY FOUNTAIN DB SKG SK;3y d  d;COOGER;COOL WATER;52;R.KETME AP;HÜSEYİN ÇİÇEK;C.TURAN;1;%1.96(10);27;S7Ç7Ç8K0Ç3S5;16;5;1:25.42
15;FLIGHT DIVINE DB SKG SK;3y d  d;RHYTHM DIVINE;LUPER;52;C.PASO;MURAT ÇAĞIMNI;H.R.YEŞİLBUDAK;9;%1.99(9);20;S8K4K9-Ç6;14;16;
16;BRILLIANCE KG DB SK;3y d  d;NOBEL PRIZE (IRE);SUNSET SHORE (GB);52;GÖK.BEKTAŞ;M.ÖMER NAUSHAD MA;E.USLU;2;%0.72(13);11;S8S9Ç8Ç9Ç6Ç8;19;10;
GANYAN;İKİLİ;SIRALI İKİLİ;PLASE;PLASE İKİLİ;SIRALI 5 Lİ BAHİS;TABELA BAHİS;TABELA BAHİS SIRASIZ;SABİT GANYAN;SABİT İKİLİ;SABİT SIRALI İKİLİ;SABİT İLK 2;SABİT İLK 3;SABİT İLK 4

