Bursa;(52. Yarış Günü);09/10/2026
1. Kosu :   14.30;Maiden/DHT; 3 Yaşlı Araplar; 57.00kg; 1200m; Çim;;;;Rekor Derece :1.14.84
İkramiye;;;;;Yetiştirici Primi;;;;
1.)545.000 TL;2.)218.000 TL;3.)109.000 TL;4.)54.500 TL;5.)27.250 TL;1.)163.500 TL;2.)65.400 TL;3.)32.700 TL;4.)16.350 TL;5.)8.175 TL;
At No;At İsmi;Yaş;Orijin(Baba);Orijin(Anne);Kilo;Jokey Adı;Sahip Adı;Antrenör Adı;St;AGF;H;Son 6 Yarış;KGS;s20;EnİyiDerece
1;ATEŞ KRALI KG DB;3y a  e;ATEŞTOPU;ZEKİ KRALİÇE;57;İ.DİNAR;AHMET ALTIN;S.BAYDAN;10;%1.29(8);;Ç7Ç8;35;18;
2;AZRAKTAY DB SKG SK;3y k  e;UFUKBİR;BELGRAD;54;Ö.F.ÖZEN AP;UFUK KURTLAR;A.ATAŞ;11 - DS;%11.25(3);27;Ç8K4K6K0K3;13;15;
3;CABALLO KG K;3y k  e;ALİ RUHİ;ANAHİTA;57;Y.E.YÜKSEL AP;SELİN DİKENCİK;M.ÖZGÜL;1;%1.01(10);16;K5K7K6Ç0;84;16;
4;DOMANİÇ BEYİ KG DB SK;3y k  e;GÜRSU;ŞİVEGÜL;55;E.AKPINAR AP;SEMA ULAŞ;MEH.DEMİR;6;%44.92(1);27;Ç7Ç0K9Ç3Ç0Ç3;18;13;1:18.97
5;GÖKKILIÇ DB SKG SK;3y k  e;KAFKAS ŞAHI;SAFSU;54;Y.GÖKÇE AP;KAYA KAYA;S.AKCI;9;%1.7(7);15;S9Ç9S5Ç6Ç7S8;12;12;1:22.12
6;ILGARCAN KG K;3y d  e;DİLİRAN;DEVAM;53;E.ATLAMAZ AP;SELİLE ELĞAÇ;GAL.KILIÇ;5;%9.55(4);27;K4K6K0Ç5Ç4K6;8;10;1:19.99
7;KOLAYSA YAKALA KG SK;3y k  e;ALTEPE;ENDERGÜL;57;C.ALTUN;CELAL DEMİR;K.ŞENGEL;3;%4.37(5);20;K0K8K0Ç9Ç6K4;8;14;1:19.98
8;MERCAN KONAK KG K;3y k  e;YAŞARCIK;HAKGÜZAR;57;SAL.ÇELİK;ENES DEMİR;M.A.TURAN;8;%3.17(6);;;;20;
9;YERİN AYRI SKG SK;3y k  e;TOROS ASLANI;DÜŞÜMDEKİ;57;N.AVCİ;NİMET ARİF KURTEL;N.ŞİMŞEK;4;%10.16(2);;;;20;
10;ZİHNİ KG;3y a  e;COŞARTAY;BAHT;57;M.ÇİÇEK;NİMET ARİF KURTEL;T.N.YILDIZ;7;%11.41(2);;S6;7;19;
11;HATUN DİDEM DB SKG SK;3y d  d;BABA MEVLÜT;HÜNERKIZ;55;O.GÖKÇE;MAHMUT MELİH KILIÇ;M.TÜRKOĞLU;2;%1.17(9);27;K0K9Ç7Ç8Ç6Ç0;25;13;1:21.08
[(9)YERİN AYRI,(10)ZİHNİ,] eküridir.1. 6'LI GANYAN Bu koşudan başlar;1. ÇİFTE Bu koşudan başlar;GANYAN;İKİLİ;SIRALI İKİLİ;SABİT GANYAN;SABİT İKİLİ;SABİT SIRALI İKİLİ;SABİT İLK 2;SABİT İLK 3;SABİT İLK 4

2. Kosu :   15.00;SATIŞ 1; 2 Yaşlı İngilizler; 57.00kg; 1400m; Çim;;;;Rekor Derece :1.20.59
İkramiye;;;;;Yetiştirici Primi;;;;
1.)385.000 TL;2.)154.000 TL;3.)77.000 TL;4.)38.500 TL;5.)19.250 TL;1.)115.500 TL;2.)46.200 TL;3.)23.100 TL;4.)11.550 TL;5.)5.775 TL;
At No;At İsmi;Yaş;Orijin(Baba);Orijin(Anne);Kilo;Jokey Adı;Sahip Adı;Antrenör Adı;St;AGF;H;Son 6 Yarış;KGS;s20;EnİyiDerece
1;BEAUTY ALYA K DB;2y d  d;ULAN BATOR;MIA SAN MIA;57;N.AVCİ;İLHAN SÖNMEZ;B.AKTAŞ;6;%41.21(1);40;K6K4Ç3K6Ç3K4;8;16;
2;ÇİKOK POWER KG DB SK;2y d  d;KING OF THE SUN;SECRET FANTASY;57;C.ALTUN;İSA ÖZKAN;T.ATEŞ;7;%1.08(7);;K9Ç8;21;18;
3;LA PERLE RARE DB SK;2y a  d;DREAM AHEAD (USA);AKRANTI (GB);57;Y.GÖKÇE AP;İSHAK ŞAHİN;H.SUNKAR;4;%6.65(5);38;Ç4Ç1K6Ç4Ç5Ç6;23;16;1:27.48
4;SHALLOW SK;2y d  d;KLIMT (USA);NEW SECRET;57;E.ATLAMAZ AP;MEHMET ALİ KATI;H.SUNKAR;2;%17.11(3);45;Ç5S4Ç5Ç4Ç6S6;9;15;1:25.70
5;VENENO SK;2y a  d;SUPER SAVER (USA);LADY TULPAR;57;SAL.ÇELİK;GÜLİZAR YANIK;H.SUNKAR;3;%8.98(4);44;Ç5K4K2K4Ç4S9;9;16;1:26.29
6;VICTORY MARIA DB SKG SK;2y d  d;TIZWAY (USA);EASY COME EASY GO;57;M.ÇİÇEK;BÜLENT DEMİR;S.YARDIMCI;1;%22.54(2);41;Ç2Ç3Ç1Ç3Ç5Ç8;12;17;
7;NEBULA STAR KG DB SKG SK;2y a  d;BLUEGRASS CAT (USA);WILD PRINCESSE;56;MAH.TURAN;MECNUN ALDAĞ;T.ÇEKİCİ;5;%2.43(6);31;K0K5Ç5K2K0K5;31;16;
7'Lİ PLASE;7'Lİ GANYAN;1. 3'LÜ GANYAN;2. ÇİFTE Bu koşudan başlar;GANYAN;İKİLİ;SIRALI İKİLİ;ÜÇLÜ BAHİS;SABİT GANYAN;SABİT İKİLİ;SABİT SIRALI İKİLİ;SABİT İLK 2;SABİT İLK 3

3. Kosu :   15.30;Handikap 21/DHT /H2; 4 ve Yukarı Araplar; kg; 1400m; Çim;;;;Rekor Derece :1.29.33
İkramiye;;;;;Yetiştirici Primi;;;;
1.)695.000 TL;2.)278.000 TL;3.)139.000 TL;4.)69.500 TL;5.)34.750 TL;1.)166.800 TL;2.)66.720 TL;3.)33.360 TL;4.)16.680 TL;5.)8.340 TL;
At No;At İsmi;Yaş;Orijin(Baba);Orijin(Anne);Kilo;Jokey Adı;Sahip Adı;Antrenör Adı;St;AGF;H;Son 6 Yarış;KGS;s20;EnİyiDerece
1;MEGAFAUNA KG SK;4y k  a;ÖZHABER;TAMBORA;63;M.ÇİÇEK;H.TARIK DİKENCİK;M.ÖZGÜL;1;%18.66(1)  %19.11(1);86;Ç1K5Ç1Ç6Ç2Ç8;7;17;1:29.85
2;AVCI OĞLUM KG SK;6y k  a;TURBO;ILDIZAY;59,5;Y.Ş.GÜMÜŞ AP;ABDURRAHİM KIRAMANLIOĞLU;T.ÇEKİCİ;6;%3.95(8)  %4.6(6);82;K7K2K1K3K9K3;17;17;
3;JÖN ROME K;4y k  a;BAŞ HÜKÜMDAR;BERZAH SULTAN;58,5;Ö.F.ÖZEN AP;FUNDA PAMUK;FAH.CEYLAN;4;%2.64(9)  %3.24(9);81;K4K5K1K9K0K0;8;17;
4;YEŞİLKAYA KG DB SK;4y k k;DEMİRTURBO;HALEPLİKIZ;59,5;N.AVCİ;AHMET KAYA;M.DEMİRTAŞ;8;%12.07(5)  %13.18(4);79;Ç8Ç3Ç0Ç1Ç8S1;9;20;1:33.51
5;GÜRCEYHUN KG K;4y k  a;GÜRSU;SİCİLYALI;59;G.ÖZÇELİK;BERKCAN KESTEL;B.TANRIKULU;2;%16.74(2)  %17.87(2);78;Ç6Ç6Ç5Ç3Ç2S6;16;14;1:34.01
6;BARBUDA KG K;5y k  a;ARHANBEY;TAMBORA;58;E.KADİRLER AP;H.TARIK DİKENCİK;M.ÖZGÜL;5;%5.86(1)  %6.16(1);77;K4K7K7Ç3Ç2Ç5;7;15;1:32.31
7;DEMİRHAN TAYI KG DB SK;4y k  a;OĞLUM BURAK;SER CARİYE;58,5;MER.ÇELİK;MESUT ALTAY;H.DEMİR;10;%5.89(6)  %4.53(7);77;Ç3Ç2Ç7Ç0Ç5Ç0;8;14;1:31.81
8;CEBELTUNA KG K;4y a  a;AYABAKAN;CEBELKIZ;58;MAH.TURAN;KADRİYE VATANSEVER;K.ŞENGEL;11;%15.3(3)  %14.29(3);76;Ç2Ç4Ç4Ç3Ç3Ç8;18;16;1:31.10
9;TERCAN HAN SK;4y a  a;GELİBOLU;DERİNCAN;56;Y.GÖKÇE AP;DEMİRHAN YILMAZ;E.ÇİLEK;3;%4.49(7)  %3.48(8);76;Ç5Ç6K1Ç5K8Ç4;7;17;1:36.24
10;ALSAKİB SK;4y a  a;GELİBOLU;CANBANU;55,5;O.YILDIZ;MAHMUT ZAMAN;U.GÖKÇE;7;%12.56(4)  %11.58(5);71;Ç2Ç9Ç2Ç4Ç8Ç1;7;20;1:31.37
11;MİKSER KG DB SK;8y k  g;TURBO;CAN ZEHRA;50;B.BÜLBÜL AP;MEHMET BİRDEN;V.TURAN;9;%1.83(10)  %1.96(10);63;Ç8Ç1K0Ç0K0K0;15;16;1:39.51
[(1)MEGAFAUNA,(6)BARBUDA,] eküridir.2. 6'LI GANYAN Bu koşudan başlar;3. ÇİFTE Bu koşudan başlar;GANYAN;İKİLİ;SIRALI İKİLİ;SABİT GANYAN;SABİT İKİLİ;SABİT SIRALI İKİLİ;SABİT İLK 2;SABİT İLK 3;SABİT İLK 4;SABİT KİM GEÇER

4. Kosu :   16.00;Handikap 15/Dişi /H2; 3 ve Yukarı İngilizler; kg; 1400m; Çim;;;;Rekor Derece :1.20.59
İkramiye;;;;;Yetiştirici Primi;;;;
1.)490.000 TL;2.)196.000 TL;3.)98.000 TL;4.)49.000 TL;5.)24.500 TL;1.)88.200 TL;2.)35.280 TL;3.)17.640 TL;4.)8.820 TL;5.)4.410 TL;
At No;At İsmi;Yaş;Orijin(Baba);Orijin(Anne);Kilo;Jokey Adı;Sahip Adı;Antrenör Adı;St;AGF;H;Son 6 Yarış;KGS;s20;EnİyiDerece
1;RED SMOKE DB SK;3y d  d;AUTHORIZED (IRE);RED HARE (FR);59,5;Ö.F.ÖZEN AP;ÖZGÜR ÜNALAN;H.DOLMAZ;11;%11.74(3)  %10.06(4);59;Ç1Ç9Ç1Ç4Ç4Ç5;18;17;1:23.32
2;ANGEL QUEST K DB;5y d k;AIR VICE MARSHAL (USA);ISLAND QUEST (USA);60;E.AKPINAR AP;MÜCAHİT TEMEL;K.ŞENGEL;7;%10.79(4)  %11.3(3);57;Ç6Ç0Ç6Ç1Ç3Ç5;18;18;1:22.23
3;ECHOGUETTE SKG SK;3y d  d;MYBOYCHARLIE (IRE);LADY OF CHARM;59;M.ÇİÇEK;ECEM ERDEM;SER.GÖKÇE;10;%17.64(2)  %17.16(2);54;Ç1Ç3Ç2Ç1Ç4Ç2;14;18;
4;SHELDON KG DB SK;4y d k;INVINCIBLE SON (IRE);SURE PEG (USA);59,5;Y.GÖKÇE AP;MELİS KURTEL EMİN;MEH.DEMİR;2;%4.91(6)  %5.03(6);54;S9Ç6Ç7Ç8Ç6Ç6;14;14;
5;SILENT TOUCH K DB;3y a  d;TOUCH THE WOLF;SKY WOMAN;59;A.KURŞUN;KEMAL KURT;A.MANTAŞ;8;%29.8(1)  %33.35(1);54;Ç4Ç7Ç5Ç2Ç6Ç1;18;20;1:23.57
6;MIDNIGHT BOURBON DB SKG SK;4y d k;GRAYSTORM;SALLY OBELISK;57,5;Y.Ş.GÜMÜŞ AP;TUĞBA NUR GÜNEŞ;T.ATAÇ;4;%0.8(11)  %0.84(11);52;Ç1K6-S0S0Ç0Ç0;14;15;
7;GRAVITY OF LOVE DB SKG SK;5y d k;PACO BOY (IRE);OCEAN GOLD;60;MER.ÇELİK;MAHMUT GÜLGÜL;İ.CANPOLAT;12 - DS;%3.58(7)  %3.38(7);51;Ç0Ç5Ç0Ç4Ç7Ç0;14;5;1:22.75
8;MURATIN KIZI SK;4y d k;OĞLUM MURAT;TORK;57;B.BÜLBÜL AP;HÜSEYİN ÇELİK;M.A.PAKEL;1;%1.47(10)  %2.1(10);51;Ç2S5-S6Ç6Ç9Ç9;102;14;
9;KUMSALIM KG DB SK;5y d k;MYBOYCHARLIE (IRE);DONT MAKE ME CRY;56,5;E.KADİRLER AP;SİNAN AKKUŞ;A.ÖCAL;6;%2.7(9)  %3.15(8);48;K1K4K4K7Ç4Ç0;28;15;1:23.94
10;TOUCH MY DREAM K DB;3y d  d;TOUCH THE WOLF;PROVIDENCE;56;C.ALTUN;KEMAL KURT;A.MANTAŞ;5;%5.48(1)  %4.42(1);48;Ç1Ç2S6-Ç3Ç4;147;16;1:22.78
11;MİSAKA K DB;4y d k;LUXOR;KUNOOZ (IRE);58;O.ATMACA;SONGÜL YILDIRIM;N.YILDIRIM;9;%3.56(8)  %3.14(9);47;Ç5Ç5K9Ç7Ç5Ç8;14;12;
12;SYRENA DB SKG SK;3y d  d;EPAULETTE (AUS);SUGAR LOVE* (GER);52,5;E.ATLAMAZ AP;S.KIVANÇ ÖNDER;S.ALTUNDAĞ;3;%6.8(5)  %5.3(5);47;Ç3Ç5Ç4Ç2Ç8Ç0;18;15;1:23.58
13;LIBERTA MIA K DB;5y d k;SUPER SAVER (USA);BYE BYE FUJI (USA);52;S.TIRPAN;TANGÜL KARAHAN;BET.YILDIRIM;13 - DS;%0.73(12)  %0.77(12);14;K9K0-Ç9K0Ç9Ç9;21;8;
[(5)SILENT TOUCH,(10)TOUCH MY DREAM,] eküridir.5'Lİ GANYAN;4. ÇİFTE Bu koşudan başlar;GANYAN;İKİLİ;SIRALI İKİLİ;ÜÇLÜ BAHİS;PLASE;PLASE İKİLİ;SIRALI 5 Lİ BAHİS;SABİT GANYAN;SABİT İKİLİ;SABİT SIRALI İKİLİ;SABİT İLK 2;SABİT İLK 3;SABİT İLK 4;SABİT KİM GEÇER

5. Kosu :   16.30;Maiden/DHT; 3 Yaşlı Araplar; 57.00kg; 1200m; Çim;;;;Rekor Derece :1.14.84
İkramiye;;;;;Yetiştirici Primi;;;;
1.)545.000 TL;2.)218.000 TL;3.)109.000 TL;4.)54.500 TL;5.)27.250 TL;1.)163.500 TL;2.)65.400 TL;3.)32.700 TL;4.)16.350 TL;5.)8.175 TL;
At No;At İsmi;Yaş;Orijin(Baba);Orijin(Anne);Kilo;Jokey Adı;Sahip Adı;Antrenör Adı;St;AGF;H;Son 6 Yarış;KGS;s20;EnİyiDerece
1;GÜNEY KAFKASYALI KG DB SK;3y d  e;ÖZHABER;DEMİRGÖK;59;N.AVCİ;İSHAK ŞAHİN;H.SUNKAR;1;%32.74(2)  %32.94(2);36;Ç5Ç2Ç5Ç0Ç5Ç2;15;16;1:20.50
2;TOPLUSER KG DB SK GKR;3y d  e;GELİBOLU;TOPLUNUR;58;Y.GÖKÇE AP;SERDAR ÇETİNKAYA;R.KILIÇ;5;%6.6(4)  %6.46(4);33;K3K3K2K6Ç0K3;24;15;
3;ACAR ÇOCUK;3y a  e;GÜRSU;BÜYÜK OYUNCU;57;MAHS.TURAN;SEMA ULAŞ;MEH.DEMİR;4;%1.57(6)  %1.66(6);;Ç7Ç0;18;18;1:26.36
4;ALKURUŞ BEYİ KG DB SK;3y k  e;MADRABAZ;ORGÜL;57;M.ÇİÇEK;MÜZEYYEN TUĞDAŞ;R.COŞKUN;2;%42.55(1)  %44.01(1);30;K0Ç9Ç8Ç7Ç5Ç2;18;14;1:18.79
5;BAŞKATAY DB SKG SK;3y a  e;SONALP;AYTENCİK;53;R.YILDIZ AP;MEHMET HÜZMEN;S.ÖNDER;9;%0.57(8)  %0.51(9);9;Ç7Ç0Ç0Ç8;18;16;1:20.56
6;CİHANDERE KG DB;3y a  e;KAFKAS ŞAHI;SULTAN NUR;57;O.ATMACA;KAYA KAYA;S.AKCI;11;%2.3(5)  %2.39(5);26;Ç6Ç0Ç3Ç0K0S6;12;9;1:21.85
7;DAVRANTAY KG DB SK;3y a  e;ANKA;ALAHAN;57;O.GÖKÇE;ALİ ARI;EM.KAYA;6;%1.24(7)  %0.87(8);26;Ç7K5Ç9K0Ç7Ç8;18;11;1:22.27
8;LAVEKAR KG DB SK GKR;3y d  e;SERDÜMEN;SONSUZ IŞIK;57;C.ALTUN;SÜLEYMAN KILIÇASLAN;K.ŞENGEL;10;%11.03(3)  %9.62(3);31;Ç0Ç9Ç2Ç8Ç4Ç0;18;13;1:19.10
9;MANGAL DAĞI KG K;3y a  e;DEMİRDÖVEN;HONOLULU;57;Y.E.YÜKSEL AP;MUHAMMET HOCAOĞULLARI;T.ATEŞ;3;%0.43(11)  %0.92(7);;K7;108;19;
10;SONKARINCA KG K DB;3y k  e;ATOMKARINCA;ASTURBO;54;E.KADİRLER AP;HALİT KEKİK;F.KIRAN;8;%0.53(9)  %0.19(11);;K9Ç0;98;18;
11;DİKKALDIRIM DB SK;3y k  d;OĞLUM EMRE BEY;NATALYA;55;N.ŞEN;DİLEK BURAN;S.ÖNDER;7;%0.45(10)  %0.44(10);10;K8K6Ç0Ç0K0;13;15;
4'LÜ GANYAN;5. ÇİFTE Bu koşudan başlar;GANYAN;İKİLİ;SIRALI İKİLİ;ÜÇLÜ BAHİS;PLASE;PLASE İKİLİ;SABİT GANYAN;SABİT İKİLİ;SABİT SIRALI İKİLİ;SABİT İLK 2;SABİT İLK 3;SABİT İLK 4

6. Kosu :   17.00;ŞARTLI 4; 3 Yaşlı İngilizler; 58.00kg; 2000m; Çim;;;;Rekor Derece :2.00.29
İkramiye;;;;;Yetiştirici Primi;;;;
1.)490.000 TL;2.)196.000 TL;3.)98.000 TL;4.)49.000 TL;5.)24.500 TL;1.)88.200 TL;2.)35.280 TL;3.)17.640 TL;4.)8.820 TL;5.)4.410 TL;
At No;At İsmi;Yaş;Orijin(Baba);Orijin(Anne);Kilo;Jokey Adı;Sahip Adı;Antrenör Adı;St;AGF;H;Son 6 Yarış;KGS;s20;EnİyiDerece
1;RUS FARUK K DB;3y a  e;BODYGUARD HERO (USA);İMBAT;56;E.ATLAMAZ AP;TARDUHAN SÜTMEN;A.TEKDEMİR;9 - DS;%12.25(4)  %12.97(4);42;K5K2K4Ç2Ç2Ç1;14;20;2:06.71
2;VAELLA KG K DB;3y d  d;MENDIP (USA);NOT ANY MO (CAN);56;Y.GÖKÇE AP;MEHMET PARILDAR;S.AKCI;7;%21.68(2)  %19.82(2);48;Ç1Ç2Ç2Ç3Ç6Ç3;35;16;2:04.44
3;BAHRİYELİ ÇİKOK KG DB SK;3y d  d;HERE TO FLY;ÇİKOK GELİNİ;56;C.ALTUN;EROL ÇOKLAR;T.ATEŞ;8;%9.18(5)  %7.83(5);51;Ç4Ç1Ç5Ç7K2Ç5;14;16;2:06.80
4;CALLATIS DB SK;3y a  e;SADLER'S JOY (USA);JIVAL;56;M.ÇİÇEK;MEHMET ERDİNÇ CANLI;M.BATMAN;4;%27.8(1)  %30.31(1);44;Ç4Ç9Ç1Ç6Ç8Ç2;14;17;2:05.40
5;KAFKAS CEYLANI DB SK;3y d  d;MY FREEDOM;YARIŞINKIZI;52;B.BÜLBÜL AP;BURAK YILDIRIM;A.R.YILDIZ;2;%1.22(8)  %0.92(8);36;S4S1Ç0Ç0Ç0Ç9;32;16;
6;MAEGELLE KG K DB;3y d  d;TORUK MACTO (IRE);MYSTIC SPIRIT (IRE);56;O.ATMACA;İDRİS KOÇ;B.KOCAKAYA;5;%7.86(6)  %7.14(6);45;Ç8Ç0Ç3Ç7Ç8Ç3;14;9;2:06.56
7;YAĞIZ BİKE KG K DB;3y d  d;VICTOIRE PISA (JPN);RUZİ;56;İ.DİNAR;BATURHAN ŞOLPAN;İ.KIZILDAĞ;3;%1.31(7)  %1.09(7);41;K1K2Ç5S8Ç0K6;95;15;
8;LUPIN K DB;3y d  d;AMERİKALI;INDIGO;55;A.KURŞUN;KEMAL KURT;A.MANTAŞ;6;%17.62(3)  %19.13(3);42;Ç4Ç1Ç6Ç3Ç4Ç8;18;16;
9;BULUTKAR KG DB SK;3y a  d;HAKKAR;KIZGIN BULUT;52;E.KADİRLER AP;TUNA KARADAĞ;R.KILIÇ;1;%1.08(9)  %0.78(9);41;K5K5-K2K3K8Ç8;46;15;
2. 3'LÜ GANYAN;6. ÇİFTE Bu koşudan başlar;GANYAN;İKİLİ;SIRALI İKİLİ;ÜÇLÜ BAHİS;PLASE;SABİT GANYAN;SABİT İKİLİ;SABİT SIRALI İKİLİ;SABİT İLK 2;SABİT İLK 3;SABİT İLK 4;SABİT KİM GEÇER

7. Kosu :   17.30;Maiden/DHT; 3 Yaşlı Araplar; 57.00kg; 1200m; Çim;;;;Rekor Derece :1.14.84
İkramiye;;;;;Yetiştirici Primi;;;;
1.)545.000 TL;2.)218.000 TL;3.)109.000 TL;4.)54.500 TL;5.)27.250 TL;1.)163.500 TL;2.)65.400 TL;3.)32.700 TL;4.)16.350 TL;5.)8.175 TL;
At No;At İsmi;Yaş;Orijin(Baba);Orijin(Anne);Kilo;Jokey Adı;Sahip Adı;Antrenör Adı;St;AGF;H;Son 6 Yarış;KGS;s20;EnİyiDerece
1;ERGİDEN KG SK;3y k  e;AYABAKAN;BELENKIZ;58;Ö.F.ÖZEN AP;UFUK KURTLAR;A.ATAŞ;11 - DS;%22.65(2);34;Ç4K5K6K4K5K5;13;16;1:20.86
2;ABACAN KG DB (Koşmaz);3y a  e;TAYKUT;HELECAN;57;MER.ÇELİK;MUHARREM CAN;A.R.YILDIZ;1;%3.76(11);;;;20;
3;AĞIR ŞEKİL KG DB SK;3y k  e;FİRİKYA;ESLEMTAY;57;M.ÇİÇEK;NİMET ARİF KURTEL;T.N.YILDIZ;6;%9.78(5);;;;20;
4;AHLAT BEYİ DB;3y k  e;BERKSOY;MEHFARET;57;N.ŞEN;D.DENİZ KANAR;S.BAYDAN;5;%2.09(7);;S9;7;19;
5;AKREP YÜREK KG SK;3y k  e;KAFKAS ŞAHI;ONGAR;57;O.GÖKÇE;İSKENDER DEMİRCİ;H.DEMİRBAŞ;3;%1.59(8);16;Ç4Ç0Ç8K0;8;16;1:22.01
6;GİDERLİCAN KG K;3y a  e;SERDÜMEN;DEMETCAN;57;C.ALTUN;MURAT KINAY;A.R.YILDIZ;2;%17.61(3);32;K5K7K2K5;13;16;
7;KALEMEYDAN K DB SK;3y k  e;KAFKAS KRALI;GÖKMEYDANLI;57;MAH.TURAN;YUSUF KAYA;E.TURAN;8;%2.79(6);;S8;7;19;
8;MERDÜMGİRİZ;3y a  e;DİLİRAN;KIZIM ZEYNEP;54;E.KADİRLER AP;HASAN KAYA;HAS.KAYA;7;%13.23(4);23;K6Ç7K0Ç0Ç0Ç3;18;10;1:19.94
9;TARHANOĞLU SK;3y a  e;KAMAN;CAYNAKLIM;53;İ.GÜREKE AP;DEMİRHAN YILMAZ;E.ÇİLEK;4;%24.41(1);;Ç5;18;19;1:19.86
10;KADİFE KIZ KG DB;3y k  d;BABA MEVLÜT;ITRİ;51;D.BUDAK AP;KAYA KAYA;S.AKCI;10;%0.62(10);10;Ç0K0Ç0Ç9Ç6Ç0;25;9;1:21.08
11;NUMENOR KG K;3y k  d;GELİBOLU;GENÇPRENSES;55;A.İNCİ;SERKAN ÇAKAL;V.AKBULUT;9;%1.47(9);;;;20;
7. ÇİFTE Bu koşudan başlar;GANYAN;İKİLİ;SIRALI İKİLİ;ÜÇLÜ BAHİS;PLASE;PLASE İKİLİ;SABİT GANYAN;SABİT İKİLİ;SABİT SIRALI İKİLİ;SABİT İLK 2;SABİT İLK 3;SABİT İLK 4

8. Kosu :   18.00;Handikap 15/DHÖW/Dişi /H2; 3 Yaşlı Araplar; kg; 1500m; Çim;;;;Rekor Derece :1.36.11
İkramiye;;;;;Yetiştirici Primi;;;;
1.)490.000 TL;2.)196.000 TL;3.)98.000 TL;4.)49.000 TL;5.)24.500 TL;1.)147.000 TL;2.)58.800 TL;3.)29.400 TL;4.)14.700 TL;5.)7.350 TL;
At No;At İsmi;Yaş;Orijin(Baba);Orijin(Anne);Kilo;Jokey Adı;Sahip Adı;Antrenör Adı;St;AGF;H;Son 6 Yarış;KGS;s20;EnİyiDerece
1;ŞÖHRET HANIM KG DB SK;3y k  d;CANBERKTAY;TURBORİH;56,5;E.KADİRLER AP;TUNCAY PALIT;Y.TAŞKIN;2;%38.95(1);60;Ç1Ç5Ç3Ç6Ç2Ç4;21;16;
2;İNCİ PAREM KG K;3y k  d;AFRİKAANDER;BELLA;55,5;SAL.ÇELİK;CELAL KAYA;FER.ALTIN;11;%16.66(2);54;K1K3K3K2Ç3Ç1;21;20;
3;UĞURLU BEBEK KG DB;3y a  d;ORHUNKAAN;ARSLANDİKENİ;55,5;MAHS.TURAN;NURİ TURAN;M.A.TURAN;9;%7.32(3);54;Ç5K6Ç5Ç6Ç1K8;22;19;
4;DİNAMİKO KG K;3y a  d;DENİZİM;KONUKSEVER;52;Ö.F.ÖZEN AP;FERİDE KURT;E.TURAN;6;%5.74(5);45;Ç1Ç3Ç3;21;18;
5;KONÇİÇEK KG;3y k  d;OĞUZBOYLU;KUDRET NARI;52;N.AVCİ;GÜLİZAR YANIK;H.SUNKAR;7;%5.39(6);45;K8K5K3K3Ç2S0;12;16;
6;PİRAYE SULTAN KG;3y d  d;SİLAH;ZARİFEKIZ;52;Y.GÖKÇE AP;NİMET ARİF KURTEL;T.N.YILDIZ;10;%4.04(8);41;S1;23;20;
7;BİLGE HATUN KG K DB;3y k  d;GÜNTAY;OYMAPINAR;52;A.İNCİ;ARİFE DAĞLAR KAYA;T.ATEŞ;4;%1.36(13);40;K1K7Ç3Ç6K4;8;16;
8;BODRUM RÜZGARI K;3y k  d;GÜRSU;İCLAL;52;O.ATMACA;MEHMET ERCÜMENT ULAŞ;T.N.YILDIZ;14;%6.53(4);40;Ç2Ç3Ç1;25;20;1:40.14
9;PRENSES BERRİN KG SK;3y k  d;KARAÜZÜM;ATEŞBÜKEN;52;O.YILDIZ;MEHMET SALİH APAYDIN;E.TURAN;3;%1.77(10);40;K3Ç3Ç0K1Ç0K3;8;18;
10;NADİYEKINALI;3y a  d;KAMAN;CRATOS;52;İ.GÜREKE AP;DEMİRHAN YILMAZ;E.ÇİLEK;1;%1.66(11);39;Ç4Ç1;25;20;1:41.31
11;KAZAN GİRİL KG K DB;3y k  d;DEDE SEYDO;GÜMÜŞ KAZAN;50;R.YILDIZ AP;HALEF KATI;M.TÜRKOĞLU;15;%3.14(9);38;K3K4K7K3Ç3Ç1;25;20;1:40.00
12;SARAYTAY KG K DB;3y a  d;TALİPHAN;SARAYCARİYESİ;52;MAH.TURAN;HAVVA KURT;M.TÜRKOĞLU;5;%1.32(14);38;K6Ç5Ç3Ç5Ç1Ç0;21;19;1:40.60
13;TOKATHANIN GÜLÜ KG;3y k  d;FİRİKYA;BÜYÜK UMUTLAR;50;B.BÜLBÜL AP;İBRAHİM ALİ BABAYİĞİT;F.SEZER;8;%4.54(7);38;Ç7Ç3Ç0Ç7Ç1Ç7;21;19;1:39.42
14;GÜZELÇAMLI KG DB SK;3y d  d;UFUKBİR;ŞENGÜLÜM;52;İ.DİNAR;YURDAL KARGIN;R.A.TEKELİ;13;%0.17(15);38;Ç1Ç5S7Ç6Ç9Ç8;53;15;
15;PATARA KG DB SK;3y a  d;TURBO;MEVSİM;52;S.TIRPAN;FATMA GÜL ALTIN;M.ÖZGÜL;12;%1.41(12);37;K6Ç7K4K4K2K1;8;20;
GANYAN;İKİLİ;SIRALI İKİLİ;PLASE;PLASE İKİLİ;SIRALI 5 Lİ BAHİS;TABELA BAHİS;TABELA BAHİS SIRASIZ;SABİT GANYAN;SABİT İKİLİ;SABİT SIRALI İKİLİ;SABİT İLK 2;SABİT İLK 3;SABİT İLK 4;SABİT KİM GEÇER

