Diyarbakır;(25. Yarış Günü);10/10/2026
1. Kosu :   21.00;Handikap 15/DHÖ /H3; 4 ve Yukarı Araplar; kg; 1200m; Kum;;;;Rekor Derece :1.19.83
İkramiye;;;;;Yetiştirici Primi;;;;
1.)350.000 TL;2.)140.000 TL;3.)70.000 TL;4.)35.000 TL;5.)17.500 TL;1.)63.000 TL;2.)25.200 TL;3.)12.600 TL;4.)6.300 TL;5.)3.150 TL;
At No;At İsmi;Yaş;Orijin(Baba);Orijin(Anne);Kilo;Jokey Adı;Sahip Adı;Antrenör Adı;St;AGF;H;Son 6 Yarış;KGS;s20;EnİyiDerece
1;YERDENİZ KG SK;4y k k;KURTÇABEY;LALTAY;63;İ.KATAR;KADİR BAŞLI;E.AÇMAZ;11 - DS;;54;K1S8K0K9K0S0;11;15;1:24.91
2;AKTAŞBEYLİ SKG SK;4y k  a;AKTAŞOĞLU;MY AFRODİTE;62;N.ALTIN;MEHMET AKTAŞ;O.GÖRMEZ;6;;52;K1K1-K9K2K8K0;7;16;1:26.34
3;UMUDUM DENİZ KG SK;4y a  a;ALTINCI HİS;ASMİN KIZI;62;A.H.BAYAR;HELİN AKIL;F.E.AKIL;10;;52;K2K0K3K8K3K3;5;15;1:26.72
4;FATMA HANIM KG DB SK;4y a k;SERHANTAY;ZEHRAKIZ;59;F.YARDIMCI;MAHMUT KARAOĞLAN;MEHM.KAYA;8;;46;K7K1K8K2K3K4;21;16;1:27.84
5;AKGOLD DATÇA KG SK;5y k  a;AKARÇAY;SABAH YAĞMURU;55,5;M.ŞAKİR AP;MUSA KARAOĞLAN;MEHM.KAYA;3;;37;K5K7K7K0K8K5;14;10;1:26.77
6;KARA MAHO KG;4y k  a;SERHANTAY;ATEŞİN GÜCÜ;54,5;S.KAPLAN;NÜSRET CANPOLAT;R.BECENE;2;;37;K3K5K6K2K0K9;14;13;1:28.06
7;TURBO BEYİ KG DB SK;4y k  a;DEMİRTURBO;GÖNLÜMÜN EFENDİSİ;54,5;Y.ÇELİKBAŞ;NEŞET AKYAVUZ;E.AÇMAZ;1;;37;K3K0K0K6K4K0;12;11;1:24.91
8;DİNÇALP KG SK;4y a  a;ATEŞTOPU;PAYZIN;54;A.AKDEMİR;HALİL YILDIZ;OS.DEMİR;4;;36;K4K4-K1K5K0K0;222;17;1:24.43
9;SOYLU KARACA KG K DB;4y k  a;CİHANSER;SOĞUK ÇERMİK;52,5;Ç.CANPOLAT AP;MAHSUM EROL;H.TEKİNALP;9;;33;K8-K8K0K0K8K6;7;11;1:23.55
10;BALATÜRK KG K DB GKR;4y k  a;YAŞARCIK;CAVİDANHANIM;51;G.KAYIP AP;EMRE ÜNSEVER;MEHM.KAYA;5;;31;K0K9K0Ç0K7K7;14;12;1:25.38
11;KAPGAN KAĞAN KG DB SKG SK;4y a  a;DEMİRDÖVEN;DELLARA;52;A.ÇANKAYA;ÜMİT KORKMAZ;S.KARAKEÇİLİ;7;;17;Ç6Ç7K0K4K9K0;10;1;1:25.74
6'LI GANYAN Bu koşudan başlar;1. ÇİFTE Bu koşudan başlar;GANYAN;İKİLİ;SIRALI İKİLİ;SABİT GANYAN;SABİT İKİLİ;SABİT SIRALI İKİLİ;SABİT İLK 2;SABİT İLK 3;SABİT İLK 4

2. Kosu :   21.30;ŞARTLI 4; 3 ve Yukarı İngilizler; 57.50kg; 60.00 kg; 60.00 kg; 1200m; Kum;;;;Rekor Derece :1.10.63
İkramiye;;;;;Yetiştirici Primi;;;;
1.)350.000 TL;2.)140.000 TL;3.)70.000 TL;4.)35.000 TL;5.)17.500 TL;1.)63.000 TL;2.)25.200 TL;3.)12.600 TL;4.)6.300 TL;5.)3.150 TL;
At No;At İsmi;Yaş;Orijin(Baba);Orijin(Anne);Kilo;Jokey Adı;Sahip Adı;Antrenör Adı;St;AGF;H;Son 6 Yarış;KGS;s20;EnİyiDerece
1;CALIBRATION SK;7y d  a;TEMPLE CITY* (USA);AMIZZEN GRACE (USA);60;İ.AKYAVUZ;ABDULVEHAP AKDAĞ;MEHM.KAYA;2;;81;K4K2K7K2K7K0;12;16;1:14.45
2;DESERT FEVER DB SKG SK;5y d  a;TIZWAY (USA);CUTIE GIRL (USA);56;L.TAPTIK AP;ALİ KARAKAN;K.TAŞDEMİR;7;;56;K0K9K5K6K2K3;7;14;1:14.95
3;GOLD POWER SK;7y a  a;WIN RIVER WIN (USA);ŞAHMERAL;60;N.ALTIN;KADİR ZAHİ;M.ASLAN;12 - DS;;86;K3K9K1K2K0K0;12;17;1:13.62
4;SARI MAMBA DB SKG SK;4y a  a;TRAPPE SHOT (USA);JUMHURIYA (IRE);60;F.YARDIMCI;NEDİM KARAKEÇİ;M.ÇİÇEK;4;;75;K0K6K9S5S3K3;11;12;1:14.47
5;ŞİMENDİFER SK;5y a  a;KIRDEMİRKIR;ROYAL KAŞGAR;60;İ.KATAR;İRFAN KARAKEÇİ;Z.AKDEMİR;10;;75;K7K3K0K0K2K5;5;14;1:15.11
6;KİNG İHSAN SKG SK;4y d  a;APPROVE (IRE);PETIT A PETIT (IRE);58;A.H.BAYAR;LÜTFİ ÇELİK;S.KARAKEÇİLİ;3;;67;K0K7K7K3K4K0;54;13;1:14.00
7;SPEEDING BULLET SKG SK;4y d  a;APPROVE (IRE);LADY MAXIMA;58;A.ÇANKAYA;FIRAT TEKİNALP;H.TEKİNALP;9;;61;K8K4K6K4K7K4;7;12;1:16.36
8;CAFER BEY DB SKG SK;7y k  a;AMERİKALI;AKBALIKLI SILA;56;S.KAPLAN;İSA ÖZKAN;E.AÇMAZ;13 - DS;;82;K0K0K0K0K5K4;14;11;1:13.02
9;LORD OF THE BLACK DB SKG SK;5y d  a;BLUEGRASS CAT (USA);BOUNDING AWAY (IRE);58;A.AKDEMİR;SUAT ÇİZİK;Z.AKDEMİR;8;;72;K4S4S6S9-K7K1;5;20;1:16.60
10;MY ORPHAN DB SK;5y d  a;PACO BOY (IRE);PERFORMER;56;M.IŞIK;ÜMİT AKTAŞ;MEHM.KAYA;11 - DS;;69;K4K0K3K2K3K8;14;15;1:15.33
11;TEK OZANIM DB SKG SK;4y d  a;BODEMEISTER (USA);AKDERE;53;Ç.CANPOLAT AP;ÖMER DEMİR;S.KARAKEÇİLİ;5;;36;K4K6K0K0K0K0;5;4;1:17.79
12;TORUNUM DEVRİM KG DB SK;3y d  e;GAZIBORA KHAN (GB);PICCIKATO;55;M.ŞAKİR AP;ALİ KARAKAN;K.TAŞDEMİR;1;;27;K4K5K6K5K9K2;7;15;1:18.01
13;BEYAZ SARAY DB SK;4y a  a;BODYGUARD HERO (USA);VENEZUELLA;56;Y.ÇELİKBAŞ;EBRU NAYIR;MÜC.KAYA;6;;14;K4-K8K8K9;10;16;1:17.31
[(2)DESERT FEVER,(12)TORUNUM DEVRİM,] eküridir.5'Lİ GANYAN;2. ÇİFTE Bu koşudan başlar;GANYAN;İKİLİ;SIRALI İKİLİ;ÜÇLÜ BAHİS;PLASE;PLASE İKİLİ;SIRALI 5 Lİ BAHİS;SABİT GANYAN;SABİT İKİLİ;SABİT SIRALI İKİLİ;SABİT İLK 2;SABİT İLK 3;SABİT İLK 4

3. Kosu :   22.00;ŞARTLI 19/DHÖ; 3 Yaşlı Araplar; 57.00kg; 1200m; Kum;;;;Rekor Derece :1.19.83
İkramiye;;;;;Yetiştirici Primi;;;;
1.)395.000 TL;2.)158.000 TL;3.)79.000 TL;4.)39.500 TL;5.)19.750 TL;1.)118.500 TL;2.)47.400 TL;3.)23.700 TL;4.)11.850 TL;5.)5.925 TL;
At No;At İsmi;Yaş;Orijin(Baba);Orijin(Anne);Kilo;Jokey Adı;Sahip Adı;Antrenör Adı;St;AGF;H;Son 6 Yarış;KGS;s20;EnİyiDerece
1;FERİTBATUR KG SK;3y k  e;FERİT BABA;KÜÇÜKEMİNE;60;İ.AKYAVUZ;FATMA KAN;E.AÇMAZ;8;;35;Ç2Ç2K9S0Ç9K8;7;15;1:38.28
2;PİRİM ÖZER SKG SK;3y k  e;KAFKASEFE;GÜLBAŞ;60;N.ALTIN;İBRAHİM HAKKI BOYRAZ;H.TÜRKMAN;5;;25;K4K3K0K4K2K7;10;15;1:29.52
3;TİGRİS HANIM KG K;3y k  d;BİLDENHAN;FERAYE;57;Y.ÇELİKBAŞ;MEHMET DEMİRKAPI;E.AÇMAZ;1;;24;K9K5K5K8K3K6;14;13;1:30.93
4;EZGİL FIRTINASI KG K;3y k  d;BİLDENHAN;CALİBE;55;A.AKDEMİR;ZEYNEP CEYLAN;RES.KAYA;6;;27;K0K5Ç0K6K0K6;10;12;1:26.61
5;IŞIKALP DB SKG SK;3y a  e;SERDÜMEN;NİSASU;55;İ.KATAR;HALİT DEMİRKAPU;B.DEMİRKAPU;7;;20;Ç7K0K4K7S4K6;19;13;1:27.66
6;ZOR AĞA KG K;3y a  e;SERHANTAY;BEHİRE KIZI;55;S.KAPLAN;ŞEVKET KAPLAN;MEHM.KAYA;11 - DS;;16;K9K4Ç8K8K4;10;15;1:32.12
7;ELMAS GÖZLÜM KG DB SK;3y a  d;OĞUZBOYLU;HÜZÜN;55;L.TAPTIK AP;HALİL ŞAHİN;İ.ATMACA;4;;16;K8K0K4K0K9K4;12;9;1:27.13
8;SUZANAY KG SK;3y d  d;SONALP;GÜLAYDIN;55;F.YARDIMCI;MEHMET YILDIZ;R.BECENE;10;;17;S7Ç7K4K4;10;16;1:35.29
9;BİLGE GÜL KG DB;3y d  d;BİLGEKURT;BERİLSULTAN;55;A.H.BAYAR;ALİ GÖZKEMAL;H.TEKİNALP;9;;6;K0K0K0K9;14;16;1:34.29
10;CEMAL KG SK;3y k  e;BİLDENHAN;GÜLPARE;55;A.ÇANKAYA;ABDİ YAVUZ;E.AÇMAZ;3;;;K0;19;19;
11;ŞEFTALİKIZI;3y k  d;SON MARTI;SÜPERKIZ;53;Ç.CANPOLAT AP;ABDULKADİR YAŞARER;İ.ATMACA;2;;;;;20;
4'LÜ GANYAN;3. ÇİFTE Bu koşudan başlar;GANYAN;İKİLİ;SIRALI İKİLİ;ÜÇLÜ BAHİS;PLASE;PLASE İKİLİ;SABİT GANYAN;SABİT İKİLİ;SABİT SIRALI İKİLİ;SABİT İLK 2;SABİT İLK 3;SABİT İLK 4

4. Kosu :   22.30;ŞARTLI 5; 2 Yaşlı İngilizler; 57.00kg; 1200m; Kum;;;;Rekor Derece :1.10.63
İkramiye;;;;;Yetiştirici Primi;;;;
1.)440.000 TL;2.)176.000 TL;3.)88.000 TL;4.)44.000 TL;5.)22.000 TL;1.)132.000 TL;2.)52.800 TL;3.)26.400 TL;4.)13.200 TL;5.)6.600 TL;
At No;At İsmi;Yaş;Orijin(Baba);Orijin(Anne);Kilo;Jokey Adı;Sahip Adı;Antrenör Adı;St;AGF;H;Son 6 Yarış;KGS;s20;EnİyiDerece
1;ŞAHPERİ DB SKG SK;2y d  d;PRESSING (IRE);ŞEHRİBAN SULTAN;58;İ.AKYAVUZ;BAKİ BAKIR BOYRAZ;H.TÜRKMAN;3;;50;K2K1K6K4K1K1;21;20;1:19.15
2;ANGEL OF DONYA K SK;2y d  d;ANGEL OF DEATH;DONYA LASTVA;57;N.ALTIN;AHMET YEŞİLYAPRAK;E.AÇMAZ;7 - DS;;42;K4K2K1K1K3K3;10;18;1:20.36
3;VALENTINE GIRL KG K SK;2y d  d;CİHANIM;WONDER SEA;57;S.KAPLAN;MAHMUT SİNANLI;M.BULUÇ;6 - DS;;39;K5K3K2K1K1S6;41;19;1:20.11
4;VICTORY XECE K;2y d  d;KANEKO;MISS ECEM;57;F.YARDIMCI;BÜLENT DEMİR;EY.YARDIMCI;4;;47;K2Ç5S3K3S5Ç7;27;16;1:16.73
5;BY SİNANLI KG SK;2y d  e;AUTHORIZED (IRE);TOPDRAFT;55;İ.KATAR;MAHMUT SİNANLI;M.BULUÇ;1;;33;K5K6K7K5K6K1;7;20;1:19.85
6;KUMSAL STAR KG SK;2y a  d;KING OF THE SUN;ÖZAYSUZANSUZİ;55;A.AKDEMİR;İSA ÖZKAN;E.AÇMAZ;5 - DS;;37;K3K4K2K1K6K2;21;18;1:21.24
7;LEYDİ STARK KG SK;2y d  d;SMART ROBIN (JPN);LEZZAZ;54;A.H.BAYAR;OSMAN TANMAN;M.BULUÇ;2;;32;K6Ç7K1K5K5K6;47;17;1:22.85
[(3)VALENTINE GIRL,(5)BY SİNANLI,] eküridir.3'LÜ GANYAN;4. ÇİFTE Bu koşudan başlar;GANYAN;İKİLİ;SIRALI İKİLİ;ÜÇLÜ BAHİS;SABİT GANYAN;SABİT İKİLİ;SABİT SIRALI İKİLİ;SABİT İLK 2;SABİT İLK 3

5. Kosu :   23.00;KV-6/DHÖW; 4 ve Yukarı Araplar; 57.50kg; 60.00 kg; 2000m; Kum;;;;Rekor Derece :2.20.07
İkramiye;;;;;Yetiştirici Primi;;;;
1.)500.000 TL;2.)200.000 TL;3.)100.000 TL;4.)50.000 TL;5.)25.000 TL;1.)120.000 TL;2.)48.000 TL;3.)24.000 TL;4.)12.000 TL;5.)6.000 TL;
At No;At İsmi;Yaş;Orijin(Baba);Orijin(Anne);Kilo;Jokey Adı;Sahip Adı;Antrenör Adı;St;AGF;H;Son 6 Yarış;KGS;s20;EnİyiDerece
1;ÇİLOBEY DB SKG SK;5y a  a;KURUŞAĞA;ASSOS;64;İ.AKYAVUZ;MEHMET CAN ÇİZİK;E.ÇİZİK;4;;88;K2K3K2K3K1K1;42;20;2:30.16
2;DOĞAN KHAN KG K DB;7y a  g;KAIZBERT (RU);MELOŞ;63;A.H.BAYAR;YÜKSEL ARSLAN;E.AÇMAZ;2;;88;K6K3K5K1K2K3;17;18;2:29.71
3;KRALCEVHERİ KG SK;5y a  a;JOKER;HAZİRANKIZI;63;A.AKDEMİR;İSMAİL SANCAR;C.SUBAY;8 - DS;;87;K7K1K3K0K9K8;47;16;2:28.27
4;ŞEŞENSULTANI KG K;7y k  a;ŞİMŞEĞİNOĞLU;ÖZBEKCEYLAN;60;İ.KATAR;EMRAH CANPOLAT;M.A.SUBAY;3;;81;K5K8K0K9K0K3;7;13;2:28.00
5;TARGUTAY KG DB SK;6y d  a;YAMANER;KUZGUN;60;N.ALTIN;MEHMET ALİ ÖZKAN;S.KARAKEÇİLİ;1;;78;K0K8K6K2K1K1;12;20;2:27.66
6;YALNIZ BABA DB SK;5y a  a;SAKARBAŞI;KIMIZ;60;L.TAPTIK AP;MEHMET NURULLAH KARAKEÇİLİ;M.A.SUBAY;10 - DS;;78;K4K0K1K3K1K9;7;19;2:29.20
7;ARAPÇELİK KG DB;7y a  a;KAIZBERT (RU);YAMALI;58;Y.ÇELİKBAŞ;MEHMET NURULLAH KARAKEÇİLİ;M.A.SUBAY;9 - DS;;76;K7K7K0K9K7K1;7;20;2:35.63
8;KARA KORSAN SKG SK;6y a  a;ÖZHABER;CENNET KUŞU;58;F.YARDIMCI;FERHAT ALTIN;H.TEKİNALP;5;;78;K4K1K0K2K2K2;24;19;2:28.68
9;SABIR ÇİÇEĞİ KG K;7y a k;ÖZGÜNHAN;AYCANIM;61;A.ÇANKAYA;MEHMET TAŞDEMİR;İ.ATMACA;7;;86;K5K1K4K5K4K1;6;20;2:27.98
10;BERATKIZ KG K;4y a k;BUMBAİ;KIYMET;57,5;S.KAPLAN;ABDULKADİR YAŞARER;İ.ATMACA;6;;71;K5K3K1K1K5K0;31;18;2:35.08
[(6)YALNIZ BABA,(7)ARAPÇELİK,] eküridir.5. ÇİFTE Bu koşudan başlar;GANYAN;İKİLİ;SIRALI İKİLİ;ÜÇLÜ BAHİS;PLASE;PLASE İKİLİ;SABİT GANYAN;SABİT İKİLİ;SABİT SIRALI İKİLİ;SABİT İLK 2;SABİT İLK 3;SABİT İLK 4

6. Kosu :   23.30;Handikap 15 /H3; 3 ve Yukarı İngilizler; kg; 1800m; Kum;;;;Rekor Derece :1.53.83
İkramiye;;;;;Yetiştirici Primi;;;;
1.)350.000 TL;2.)140.000 TL;3.)70.000 TL;4.)35.000 TL;5.)17.500 TL;1.)63.000 TL;2.)25.200 TL;3.)12.600 TL;4.)6.300 TL;5.)3.150 TL;
At No;At İsmi;Yaş;Orijin(Baba);Orijin(Anne);Kilo;Jokey Adı;Sahip Adı;Antrenör Adı;St;AGF;H;Son 6 Yarış;KGS;s20;EnİyiDerece
1;NINJA DB;3y d  e;KAFKASLI;ASENAT;63;İ.AKYAVUZ;FETHİ TEKPINAR;MEHM.KAYA;8;;54;K1K8K7K0K3K0;19;15;2:14.63
2;ROYAL WARRIOR DB SKG SK;3y d  e;KANEKO;CELERITAS;61;M.ŞAKİR AP;İBRAHİM HALİL TURAN;E.AÇMAZ;12 - DS;;54;K8K5K7K3K6K8;17;13;
3;COOL POWER DB SKG SK;5y d  a;AIR VICE MARSHAL (USA);BIRD SECRETS (USA);63;İ.KATAR;ADİL ÇİZİK;V.ÇİZİK;3;;48;K6K0K4K6K0K8;19;12;
4;KING OF RACE DB SKG SK;3y k  e;NİHAVEND LONGA;MORETHANAWARNING (USA);60;Y.ÇELİKBAŞ;FERİT YARDIMCI;EY.YARDIMCI;9;;48;K5K7K7Ç9K8K8;12;12;
5;MİRA CETİ SKG SK;3y d  d;SHAMALGAN (FR);ABOVE BOARD (FR);56,5;L.TAPTIK AP;FIRAT TEKİNALP;H.TEKİNALP;14 - DS;;47;K2K7K8K7K7K8;12;14;2:07.96
6;TAHİRBEYLİ DB;4y a  a;KANEKO;ESCLARMONDE (IRE);62,5;M.E.DOĞAN;MEHMET ŞENBAHAR;MAHMUT DOĞAN;4;;47;K5K0K6K9K0K5;14;13;2:12.23
7;BLUE COMET KG DB SK;3y d  e;BLUEGRASS CAT (USA);STILL DREAMING;59;A.H.BAYAR;EYYÜP ÇİZİK;V.ÇİZİK;5;;46;K3K4K3K4K1K1;14;20;
8;THON KHITCHIBA KG DB SK;3y a  d;KAMEKO (USA);KIYOSHI (GB);58,5;A.AKDEMİR;BEDİHA GÖKKAN;A.AKBABA;1;;45;K6K2K2K5K2K9;12;17;2:04.97
9;HIGH SYMPHONY KG SK;4y d k;AVERY ISLAND (USA);SWORD DANCING;58;N.ALTIN;ALİ KARAOĞLAN;R.BECENE;10;;38;K0K0K6K5K8K6;7;6;2:08.11
10;SUNFYRE KG K DB;3y d  e;TOROK (IRE);WHO IS THAT CHICK;53,5;S.KAPLAN;MEHMET KAYA;MEHM.KAYA;2;;35;K7K2K5K2;14;18;2:04.60
11;LUXUARY KG DB SK;3y d  d;BUSHRANGER (IRE);RED FISH;52,5;Ç.CANPOLAT AP;ÖMER DEMİR;S.KARAKEÇİLİ;13 - DS;;33;K1K9K2K0K5K5;14;15;
12;SUPER SHOW KG DB SK;3y d  e;SUPER SAVER (USA);MADRİDLİ;52;G.KAYIP AP;ADEM AKTAŞ;MEHM.KAYA;11;;32;K0K0K0K6K0K4;14;12;
13;VOICE OF REASON KG DB SK;4y d  a;TIZWAY (USA);HOLD THAT MELODY;53;A.ÇANKAYA;MEHMET KAYA;MEHM.KAYA;6;;28;K5K2K3K7K0K6;14;12;
14;PROMISE ME DELIGHT K DB;4y d k;BODEMEISTER (USA);SHINING GOLD;57,5;M.IŞIK;HALİL YAPRAK;E.AÇMAZ;7;;37;K0K3K9K6K8K1;7;20;
[(10)SUNFYRE,(13)VOICE OF REASON,] eküridir.GANYAN;İKİLİ;SIRALI İKİLİ;PLASE;PLASE İKİLİ;SIRALI 5 Lİ BAHİS;TABELA BAHİS;TABELA BAHİS SIRASIZ;SABİT GANYAN;SABİT İKİLİ;SABİT SIRALI İKİLİ;SABİT İLK 2;SABİT İLK 3;SABİT İLK 4

