İzmir;(50. Yarış Günü);08/10/2026
1. Kosu :   17.15;Handikap 15/DHT /H2; 4 Yaşlı Araplar; kg; 1400m; Kum;;;;Rekor Derece :1.32.97
İkramiye;;;;;Yetiştirici Primi;;;;
1.)490.000 TL;2.)196.000 TL;3.)98.000 TL;4.)49.000 TL;5.)24.500 TL;1.)88.200 TL;2.)35.280 TL;3.)17.640 TL;4.)8.820 TL;5.)4.410 TL;
At No;At İsmi;Yaş;Orijin(Baba);Orijin(Anne);Kilo;Jokey Adı;Sahip Adı;Antrenör Adı;St;AGF;H;Son 6 Yarış;KGS;s20;EnİyiDerece
1;DEMON HUNTER KG DB SK;4y a  a;BAŞ HÜKÜMDAR;KISMET KIZ;62;M.M.BİLGİN;NUSRET ÖZBAĞ;S.YANIK;8;%35.14(1);56;K3K8K1K2K4K2;5;18;1:37.16
2;DEMİRNAL KG DB SK;4y a  a;FİRİKYA;ARŞİV;56,5 +0.30;Y.GÖKÇE AP;ERDAL DAĞIDIR;M.TEZEL;5;%15.9(3);49;K9K9K7Ç4K1K3;12;19;1:38.82
3;YILDIZTEPE KG DB SK;4y k  a;GÜRSU;CANIMINİÇİ;54,5;Ö.F.ÖZEN AP;AYBERK TEZEL;Y.K.GÜRSOY;2;%5.21(5);45;K0-K5K2Ç0K0K0;14;13;1:37.03
4;DEĞERBİLİR KG DB SK;4y a k;AYABAKAN;ALLI TURNAM;55,5 +1.10;M.ÇİÇEK;RECEP KETME;F.KIRAN;9;%8.63(4);43;K9K7K1K7K2K8;14;17;1:38.58
5;KIZIM MERYEM KG DB SK;4y k k;TAMERİNOĞLU;FERİSU;52 +2.00;A.KÜRÜNDÜK;YAVUZ DENİZASLANI;A.ÖZMÜŞ;1;%2.69(7);35;K0K7K8K6K6K5;12;14;1:38.73
6;AVANOS EFESİ KG SK;4y a  a;BERKSOY;HÜZÜN;52 +2.00;N.AVCİ;SÜLEYMAN KILIÇASLAN;S.ŞAHYAZICI;7;%28.08(2);34;K9K0K0K6K4K3;14;6;1:38.21
7;BEREKETGELDİ KG K;4y a  a;DEMİRDÖVEN;ALTINYAĞMUR;50,5 +0.20;A.S.AKSOY AP;BURAK NİŞANCI;A.ATAŞ;6;%0.88(8);33;K4K0K9K0K8K0;14;11;1:36.71
8;AŞKBAZ KG K DB;4y d k;GELİBOLU;KIZIL GÖZ;52 +0.80;M.GÖL AP;FARUK ATEŞ;M.KAYA;4;%3(6);29;Ç9K2-K6K7K4K0;7;14;1:38.88
9;SARMAN RÜZGARI KG DB SK;4y a  a;DİLİRAN;DESTEGÜL;50 +1.90;E.D.ÖKTEN AP;ABDULGAFUR DEMİRÖRS;F.ŞEN;3;%0.47(9);27;K6K8K8K0Ç6Ç0;13;6;1:38.67
1. 6'LI GANYAN Bu koşudan başlar;1. ÇİFTE Bu koşudan başlar;GANYAN;İKİLİ;SIRALI İKİLİ;SABİT GANYAN;SABİT İKİLİ;SABİT SIRALI İKİLİ;SABİT İLK 2;SABİT İLK 3;SABİT İLK 4;SABİT KİM GEÇER

2. Kosu :   17.45;Maiden/DHÖW/Dişi; 3 Yaşlı Araplar; 57.00kg; 1400m; Kum;;;;Rekor Derece :1.32.97
İkramiye;;;;;Yetiştirici Primi;;;;
1.)545.000 TL;2.)218.000 TL;3.)109.000 TL;4.)54.500 TL;5.)27.250 TL;1.)163.500 TL;2.)65.400 TL;3.)32.700 TL;4.)16.350 TL;5.)8.175 TL;
At No;At İsmi;Yaş;Orijin(Baba);Orijin(Anne);Kilo;Jokey Adı;Sahip Adı;Antrenör Adı;St;AGF;H;Son 6 Yarış;KGS;s20;EnİyiDerece
1;ÇENGER DB SKG SK SGKR;3y k  d;ARASLI;SARIYELE;57;İ.GÜREKE AP;DENİZ TÜRKMAN;E.TURAN;2;%16.65(2);33;Ç8K8Ç0K2K2K6;23;18;1:41.56
2;ALEV KIZ K;3y a  d;GÜNTAY;HAZİRANKIZI;53 +1.20;M.TEKPETEK AP;İSMET ARSLANCA;F.ARSLANCA;4;%15.55(3);;K5K3;12;18;
3;BERRUNAZ KG SK;3y a  d;GÜMBÜRGÜMBÜR;HANCIKIZI;53 +1.00;S.AKŞIN AP;ALİ KÖŞGER;B.ÖZGÜR;1;%19.61(1);31;K0K8K6K7K7K2;12;14;
4;DENİZOVA K;3y a  d;ALTINCI HİS;ENFES;54 +0.90;F.KARAKURT AP;MARGARET LOGIE SMITH BAYDAN;E.C.BAYDAN;3;%5.36(7);26;K6K3K5Ç7;147;16;
5;ATAKÖY GÜZELİ KG SK;3y d  d;GÜMBÜRGÜMBÜR;CANSES;54 +0.20;Ö.F.ÖZEN AP;BEKİR CANPOLAT;O.TAŞDEMİR;5;%7.3(6);23;K4K4K7K7;26;16;1:41.34
6;DİŞLİBAŞAK DB SKG SK;3y k  d;ÖZGÜNHAN;ANAMURLU;53 +0.10;A.S.AKSOY AP;SADIK ÇETİN;Y.AKKUŞ;10;%0.69(11);20;K4K7K8K9K9K0;12;13;1:43.69
7;ERENDİZ KG K DB GKR;3y a  d;GELİBOLU;UÇAN ZAFER;57;O.ATMACA;MURAT AYDIN;M.YALÇIN;11;%12.52(5);25;K6K3K3K4K9K4;12;16;1:41.25
8;KÖPRÜCEK KG K;3y a  d;MADRABAZ;SONDAL;54;Y.GÖKÇE AP;ZEHRA BAYDAN;E.C.BAYDAN;8;%13.11(4);;K5;12;19;
9;LADY DOĞRU KG DB SK;3y a  d;BUMBAİ;HABER KARTALI;53 +2.00;Y.Ş.GÜMÜŞ AP;ERCAN SÖKMEZ;S.ÇELİKMAN;7;%0.55(12);;K8K0;12;18;
10;MRS MALİBU KG SK GKR;3y a  d;MERTADAM;RONAYCAN;53 +0.30;E.D.ÖKTEN AP;ALİ ATAŞ;S.ÇELİKMAN;13;%2.41(9);25;K4K5K7K5K9K7;12;11;1:43.81
11;SAADIN CEVHERİ DB;3y d  d;SAADIN GÜCÜ;UÇANALTIN;53 +2.00;F.YÜCEL AP;MERAL ÖZKAN;A.ÖZMÜŞ;9;%2.07(10);9;S0Ç9Ç8K0Ç8K6;35;14;1:44.02
12;SOLUKMAVİ DB SKG SK;3y k  d;ÖZGÜNHAN;MACAR KIZI;53 +0.10;M.GÖL AP;AVNİ KAYA;Y.AKKUŞ;12;%0.52(13);10;K6Ç0K9;88;17;1:45.06
13;ULU IRMAK SKG SK;3y d  d;NASUHOĞLU;DİCLE RÜZGARI;53;B.BÜLBÜL AP;İLKER YILMAZ;S.DİNÇER;6;%3.66(8);;K5Ç0;24;18;
1. 5'Lİ GANYAN;2. ÇİFTE Bu koşudan başlar;GANYAN;İKİLİ;SIRALI İKİLİ;ÜÇLÜ BAHİS;PLASE;PLASE İKİLİ;SIRALI 5 Lİ BAHİS;SABİT GANYAN;SABİT İKİLİ;SABİT SIRALI İKİLİ;SABİT İLK 2;SABİT İLK 3;SABİT İLK 4

3. Kosu :   18.30;ŞARTLI 4; 3 ve Yukarı İngilizler; 57.50kg; 60.00 kg; 60.00 kg; 1400m; Kum;;;;Rekor Derece :1.24.15
İkramiye;;;;;Yetiştirici Primi;;;;
1.)490.000 TL;2.)196.000 TL;3.)98.000 TL;4.)49.000 TL;5.)24.500 TL;1.)88.200 TL;2.)35.280 TL;3.)17.640 TL;4.)8.820 TL;5.)4.410 TL;
At No;At İsmi;Yaş;Orijin(Baba);Orijin(Anne);Kilo;Jokey Adı;Sahip Adı;Antrenör Adı;St;AGF;H;Son 6 Yarış;KGS;s20;EnİyiDerece
1;ŞEN AKYÜZ DB;7y d  a;POWERSCOURT (GB);MADENCİKIZI;58;E.AKPINAR AP;GIYASETTİN ŞEN;T.ATEŞ;6;%2.38(5);83;K5K8K4K4K6Ç6;20;14;1:25.72
2;EMREEFE KG K;4y d  a;BLUEGRASS CAT (USA);PAN FLUTE;60;MER.ÇELİK;CELAL CİNGÖZ;M.AKALIN;1;%12.43(2);68;K2K9K3K2K4K1;7;20;1:26.76
3;ESRARENGİZ SK;4y k  a;KING ALP (USA);SILVER GLEAM;60;N.AVCİ;ESRA GEZGİNCİ;A.ÖZMÜŞ;2;%5.55(4);80;K3K1K4K9K6K9;7;16;1:26.79
4;THUNDER JEST K;7y d k;MENDIP (USA);WHITESOX;57 +0.10;Y.GÖKÇE AP;OSMAN KOCABİÇAK;Y.AKKILIÇ;3;%8.04(3);90;K3K3K4K4K4K4;26;17;1:27.22
5;THE RAPTOR KG DB SK ÖG;6y d  a;BUSHRANGER (IRE);TROPICAL THUNDER;57;M.M.BİLGİN;HÜSEYİN YILDIZ;G.TOKLU;5;%69.66(1);103;Ç1Ç1Ç1Ç5S1-S2;275;20;1:26.66
6;LAST SWORD KG K DB;4y d  a;TOUCH THE WOLF;SPECTACULAR SWORD;56 +0.10;O.ATMACA;ŞÜKRÜ GÜRER;FAH.CEYLAN;4;%1.94(6);71;K3K2K7K4K7K9;21;13;1:26.18
7'Lİ PLASE;7'Lİ GANYAN;1. 3'LÜ GANYAN;3. ÇİFTE Bu koşudan başlar;GANYAN;SIRALI İKİLİ;SABİT GANYAN;SABİT SIRALI İKİLİ;SABİT İLK 2;SABİT İLK 3;SABİT KİM GEÇER

4. Kosu :   19.00;Handikap 16 /H2/Y2; 3 ve Yukarı İngilizler; kg; 1600m; Kum;;;;Rekor Derece :1.37.63
İkramiye;;;;;Yetiştirici Primi;;;;
1.)630.000 TL;2.)252.000 TL;3.)126.000 TL;4.)63.000 TL;5.)31.500 TL;1.)113.400 TL;2.)45.360 TL;3.)22.680 TL;4.)11.340 TL;5.)5.670 TL;
At No;At İsmi;Yaş;Orijin(Baba);Orijin(Anne);Kilo;Jokey Adı;Sahip Adı;Antrenör Adı;St;AGF;H;Son 6 Yarış;KGS;s20;EnİyiDerece
1;BOCCE DB SKG SK;4y a  a;VICTOIRE PISA (JPN);WHITE GIRL;62;M.TEKPETEK;MUSTAFA ÖZYAZICI;M.AKALIN;3;%4.34(7)  %4.4(8);70;K3K1K3K5K2K9;145;16;1:40.68
2;HEARTS PATH DB SK;3y d  d;KLIMT (USA);DAYDAY DİDAY DAY;59;K.YILMAZ;BERKE KURTULUŞ;F.KIRAN;9;%2.51(11)  %2.76(10);68;K2K2K3K7K5K9;14;15;
3;BARİ DB SK;6y d  a;TRIPLE BONUS;DINAH (FR);61 +1.00;M.KAYİŞ;MEHMET ALİ ÇEVİK;Ö.F.ÇEVİK;11;%3.47(9)  %3.45(9);66;K4K6K1K5K7K6;7;17;1:41.32
4;WALTZ WITH DREAMS KG K DB;3y d  e;AIR VICE MARSHAL (USA);OXBOW LAKE (USA);56,5;HA.GÖKÇE;SAVAŞ TOSUN;SEY.GÖKÇE;8;%4.28(8)  %4.62(7);65;K7K4K3S4K7K0;14;14;1:42.08
5;OĞLUM FIRAT DB;6y d  a;PAPA CLEM (USA);STARBUST;58,5;E.AKPINAR;HÜLYA COŞKAN;E.AYHAN;4;%2.72(10)  %2.69(11);63;K2K6K6K0K6K6;5;9;1:39.89
6;FASTEST ÇINAR K DB;4y a k;VICTORY GALLOP (CAN);MAGNOLIA;58,5;Y.GÖKÇE;MEHMET ÖKSÜZ;S.C.GÖZÜNGÜ;7;%13.08(4)  %12.05(4);61;K3K4K1K6K1K8;7;19;1:41.91
7;SON OF THE KNIFE DB SK;4y d  a;MYBOYCHARLIE (IRE);KISS ME;57;S.AKŞIN;ERDOĞAN BIÇAK;A.ATAŞ;10;%1.23(12)  %1.41(12);60;S4S0S9Ç0S0Ç6;11;11;
8;DUYARLI K DB SKG;4y a k;AGRESIVO (USA);NEW SURAL;56,5;Ö.F.ÖZEN;MELİH KAHRAMAN;Y.TALUK;1;%8.46(5)  %8.31(5);57;K4K6S0K8K6K4;7;11;1:42.25
9;KRAL AYVALIK KG;3y d  e;VOODOO SONG (USA);İKİBAKİ;52,5;M.B.ÖNCEL;YİĞİT AKIN;Ü.BOZKURT;12;%19.04(2)  %20.27(1);57;K1K5K1K2K3K2;12;18;1:45.35
10;RAMONA KG DB SK;4y a k;CATAPULT (USA);AWESOME LADY;56;R.KETME;MURAT İRK;A.ÖKSÜZLER;6;%20.02(1)  %18.42(2);56;K6K4K3K3K2K2;14;19;1:41.79
11;KUZEYİN KRALI K DB;3y d  e;KINOWA;CHERISH;50,5;B.BÜLBÜL;SONER SOYAD;T.SOYAD;5;%13.2(3)  %13.49(3);53;K6K6K3K5K1K0;14;19;1:42.24
12;TAŞDEMİR HAN K DB;3y d  e;TIGER MOTH (IRE);ELEVATED;52 +0.30;E.D.ÖKTEN;BEKİR CANPOLAT;O.TAŞDEMİR;2;%7.64(6)  %8.13(6);52;K3K5K4K7K3K7;14;15;1:42.53
2. 6'LI GANYAN Bu koşudan başlar;4. ÇİFTE Bu koşudan başlar;GANYAN;İKİLİ;SIRALI İKİLİ;SABİT GANYAN;SABİT İKİLİ;SABİT SIRALI İKİLİ;SABİT İLK 2;SABİT İLK 3;SABİT İLK 4

5. Kosu :   19.30;Handikap 16 /H2; 3 Yaşlı İngilizler; kg; 1200m; Kum;;;;Rekor Derece :1.11.25
İkramiye;;;;;Yetiştirici Primi;;;;
1.)630.000 TL;2.)252.000 TL;3.)126.000 TL;4.)63.000 TL;5.)31.500 TL;1.)113.400 TL;2.)45.360 TL;3.)22.680 TL;4.)11.340 TL;5.)5.670 TL;
At No;At İsmi;Yaş;Orijin(Baba);Orijin(Anne);Kilo;Jokey Adı;Sahip Adı;Antrenör Adı;St;AGF;H;Son 6 Yarış;KGS;s20;EnİyiDerece
1;STORM QUEEN SKG SK;3y d  d;BLUEGRASS CAT (USA);MONO ROMANTICA;62;MER.ÇELİK;BERK PELENK;C.BATUR;4;%7.75(5)  %8.7(5);67;K4K6K1Ç4Ç4K6;133;17;1:13.80
2;MOMENT SAVER KG;3y d  e;SUPER SAVER (USA);STORY MOMENT;61,5;M.M.BİLGİN;KORAL KALPAKLIOĞLU;SEY.GÖKÇE;6;%17.72(3)  %17.03(3);66;K9Ç6K6K1K5K1;14;20;1:18.38
3;SHARP STORM KG DB SK;3y d  e;SHARP KNIFE (USA);CHARMING PRINCESS;61,5;K.TOKAÇOĞLU;MUSTAFA ŞİŞMAN;A.OLCAR;5;%16.38(4)  %15.44(4);66;K1K1-K7K3K1K1;216;20;1:14.29
4;CHEROKEE KG K DB;3y d  e;KINOWA;MAJULI;58 +0.30;M.TEKPETEK AP;ÖZGÜR ÇİÇEK;At Sahibi;3;%13.25(1)  %12.51(1);65;K2K1K2K4K2K5;14;17;1:14.05
5;MAGIC BANK KG K DB;3y d  d;KLIMT (USA);DİLBAR;55,5;Ö.F.ÖZEN AP;TUFAN ÇELİK;Ş.ÇELİK;8;%3.65(7)  %4.43(7);58;K2K6K2K0K0K0;96;15;1:13.34
6;MORIARTY DB SK;3y d  e;TILSIT (USA);DATIA (IRE);56,5;A.MEH.ALTIN;ÖZGÜR ÇİÇEK;At Sahibi;7;%11.42(1)  %10.7(1);56;K4K3K2K3K3K4;28;17;
7;ROSİLDA DB SKG SK;3y a  d;CEMCEM;FANCYCHANCY;50 +0.30;B.BÜLBÜL AP;FERİDUN AKYAVUZ;S.ŞAHYAZICI;2;%6.71(6)  %8(6);49;K4K2K3K0K1K5;47;19;1:14.67
8;COME AND SEE DB SKG SK;3y d  e;BLUEGRASS CAT (USA);QUEEN FLICK;52,5 +1.90;N.AVCİ;BERAT ERKMEN;K.ŞENGEL;1;%22.48(2)  %22.45(2);48;K2K7K7K8K7K2;14;15;1:15.48
9;FOOTSTEP K DB;3y d  d;SUPER SAVER (USA);PANTA RHEI;50 +2.00;E.D.ÖKTEN AP;LEVENT YAVUZ;L.YAVUZ;9 - DS;%0.63(8)  %0.74(8);18;K4K8K0K6K0K0;12;14;1:16.66
[(4)CHEROKEE,(6)MORIARTY,] eküridir.2. 5'Lİ GANYAN;5. ÇİFTE Bu koşudan başlar;GANYAN;İKİLİ;SIRALI İKİLİ;ÜÇLÜ BAHİS;PLASE;SABİT GANYAN;SABİT İKİLİ;SABİT SIRALI İKİLİ;SABİT İLK 2;SABİT İLK 3;SABİT İLK 4;SABİT KİM GEÇER

6. Kosu :   20.00;ŞARTLI 5/DHÖW; 3 Yaşlı Araplar; 57.00kg; 1200m; Kum;;;;Rekor Derece :1.19.36
İkramiye;;;;;Yetiştirici Primi;;;;
1.)630.000 TL;2.)252.000 TL;3.)126.000 TL;4.)63.000 TL;5.)31.500 TL;1.)189.000 TL;2.)75.600 TL;3.)37.800 TL;4.)18.900 TL;5.)9.450 TL;
At No;At İsmi;Yaş;Orijin(Baba);Orijin(Anne);Kilo;Jokey Adı;Sahip Adı;Antrenör Adı;St;AGF;H;Son 6 Yarış;KGS;s20;EnİyiDerece
1;ZAZA ENES KG DB SK;3y a  e;GELİBOLU;ERVA SULTAN;60;A.İNCİ;HÜSEYİN BAŞIBÜYÜK;S.ŞAHYAZICI;6;%7.09(4)  %7.81(4);40;K4K2K6K2K3K1;26;20;1:22.74
2;KRAL KARACA KG SK;3y k  d;CİHANSER;ESENHANIM;58;M.M.BİLGİN;ŞAHNUR KARACA;M.A.PAKEL;7;%42.7(1)  %38.27(1);55;K5K1K1K6K3K3;7;17;1:21.68
3;SERİ UFUK KG DB SK;3y a  e;UFUKBİR;SERİKIZ;54;Y.GÖKÇE AP;ECE TÜRKER;SEY.GÖKÇE;3;%26.77(2)  %28.98(2);51;K4K3K2K7K1K7;14;19;1:22.72
4;AÇANAY KG K GKR;3y k  d;KAFKAS ŞAHI;ŞİRİNE;51;B.BÜLBÜL AP;İLKER AYDOS;Ö.F.ÇEVİK;5;%4.73(6)  %5.15(6);39;K2K4K2K1;12;20;1:24.09
5;ALTIN ESMER KG K DB;3y a  d;ALTINCI HİS;ESMERGÜL;53 +1.80;K.YILMAZ AP;MEHMET BİRDEN;S.C.GÖZÜNGÜ;1;%1.48(7)  %1.56(7);37;K3K8K3K1K7K6;7;18;1:23.06
6;YANGIN YERİ KG;3y a  e;DEMİRTURBO;TANKERNECLA;55 +1.90;K.TOKAÇOĞLU;MEHMET AYDOĞAN;A.AYDOĞAN;4;%11.22(3)  %11.61(3);41;K4K6K2K1;26;20;1:23.43
7;RÜZGAR TINAS KG K DB;3y k  e;MERTADAM;TİGİN;54;O.ATMACA;YILDIRAY KURAK;O.AKTAŞ;2;%6.01(5)  %6.61(5);43;K4K1;19;20;1:23.63
4'LÜ GANYAN;6. ÇİFTE Bu koşudan başlar;GANYAN;İKİLİ;SIRALI İKİLİ;ÜÇLÜ BAHİS;SABİT GANYAN;SABİT İKİLİ;SABİT SIRALI İKİLİ;SABİT İLK 2;SABİT İLK 3

7. Kosu :   20.30;ŞARTLI 5/DHT; 4 ve Yukarı Araplar; 58.00kg; 59.00 kg; 1200m; Kum;;;;Rekor Derece :1.19.36
İkramiye;;;;;Yetiştirici Primi;;;;
1.)630.000 TL;2.)252.000 TL;3.)126.000 TL;4.)63.000 TL;5.)31.500 TL;1.)113.400 TL;2.)45.360 TL;3.)22.680 TL;4.)11.340 TL;5.)5.670 TL;
At No;At İsmi;Yaş;Orijin(Baba);Orijin(Anne);Kilo;Jokey Adı;Sahip Adı;Antrenör Adı;St;AGF;H;Son 6 Yarış;KGS;s20;EnİyiDerece
1;İLAYTAY KG SK;6y d  a;EMBİR HAN;TEKFORD İLAY;61;K.TOKAÇOĞLU;ERKUL ÖCAL;R.SUNA;8;%52.91(1);94;S6K3K2K3K2K1;21;20;1:19.84
2;ÖZTAMER KG DB SK;5y k  a;TAMERİNOĞLU;ÖZBAKIR;61;B.M.MIRIK;ERDEM KÖZLEME;S.YANIK;2;%1.6(7);71;K3K4K0K2K0K0;7;11;1:26.07
3;RÜZGAR BARIŞ KG DB SK;6y k  a;GÜNTAY;NAZLI GELİN;57;M.M.KARABULUT AP;EMİNE ALTIN;A.ATAŞ;6;%15.51(2);96;Ç2Ç2K3K9Ç7K4;21;15;1:21.44
4;GÜNÇE KIZ KG DB SK;5y d k;ÖZDURAN;UZUN İREM;57;R.KETME AP;BEŞİR KAYA;A.ATAŞ;1;%7.18(4);85;K1K2K4K7K5K5;16;16;1:21.57
5;BASKINSOY DB SK;6y k  a;TÜMÖZ BEY;ELABARS;59;M.M.BİLGİN;ÖMER DERİN;A.ÖKSÜZLER;3;%11.69(3);88;K5K1K4K4K6K7;21;16;1:21.68
6;TILISIM KG DB SK;6y a  a;ÖZDURAN;BUDİNKIZI;55;M.GÖL AP;AVNİ KAYA;Y.AKKUŞ;9 - DS;%1.1(9);82;K3K3K8K8K9K4;109;12;1:22.68
7;ŞAİBESİZ KG DB SK;4y k  a;MADRABAZ;CARTANO;55;Y.GÖKÇE AP;ERSAN ÜLDES;E.TURAN;4;%1.28(8);66;K1K0K4K1K0K0;21;18;1:22.73
8;AKGOBAK DB;7y k  a;YAŞARCIK;SÜHEYLA;53 +1.30;M.TEKPETEK AP;RUHAT SOL;Y.ARSLANCA;7;%4.66(5);85;Ç7Ç9K4K5K3K8;5;14;1:22.09
9;BARINBEY KG DB SK;6y k  a;YÜREKKAYA;ALHABER;54 +0.10;Ö.F.ÖZEN AP;ÜMİT CANBAZ;S.YANIK;5;%4.06(6);82;K1-K4K1K2-K7K8;21;17;1:23.09
2. 3'LÜ GANYAN;7. ÇİFTE Bu koşudan başlar;GANYAN;İKİLİ;SIRALI İKİLİ;ÜÇLÜ BAHİS;PLASE;SABİT GANYAN;SABİT İKİLİ;SABİT SIRALI İKİLİ;SABİT İLK 2;SABİT İLK 3;SABİT İLK 4

8. Kosu :   21.00;ŞARTLI 4/DHÖW/Dişi; 4 ve Yukarı Araplar; 58.00kg; 60.00 kg; 1900m; Kum;;;;Rekor Derece :2.10.52
İkramiye;;;;;Yetiştirici Primi;;;;
1.)490.000 TL;2.)196.000 TL;3.)98.000 TL;4.)49.000 TL;5.)24.500 TL;1.)88.200 TL;2.)35.280 TL;3.)17.640 TL;4.)8.820 TL;5.)4.410 TL;
At No;At İsmi;Yaş;Orijin(Baba);Orijin(Anne);Kilo;Jokey Adı;Sahip Adı;Antrenör Adı;St;AGF;H;Son 6 Yarış;KGS;s20;EnİyiDerece
1;TÜRKAN HANIM KG DB SK;5y k k;ORÇUN;TEMAŞA;59;M.M.KARABULUT AP;ALİ KÖŞGER;B.ÖZGÜR;1;%3.52(6);59;K6K6K0K7K4K9;7;10;2:16.12
2;ERGEN KG K DB;5y k k;SEMEND;SEVER;60;MER.ÇELİK;SUAT EROL;T.VATANSEVER;6;%21.7(2);61;K0-K0K8K1K4K1;7;20;
3;REYHAN GELİN KG DB SK;5y a k;TURBO;CUNDAVİLLA;56;E.D.ÖKTEN AP;ABDULLAH KAYA;Y.AKKUŞ;2;%19.44(3);68;K4K9K4K4K3K6;7;15;2:16.71
4;LAVİN FIRTINASI KG DB;5y a k;ÖZGÜNHAN;NURDİDE;53 +2.00;F.YÜCEL AP;FERAT ÖZKAN;A.ÖZMÜŞ;3;%0.94(9);65;K7K0K9Ç0S0Ç0;55;9;
5;MÜZEYYEN ABLA DB;5y a k;EMBİR HAN;GÜLATEŞİ;56;B.M.MIRIK;D.DENİZ KANAR;S.BAYDAN;5;%11.58(5);77;Ç7Ç0K4K2K8Ç9;24;11;2:14.43
6;ÖZGÜNSULTAN KG DB SK ÖG;5y d k;ÖZGÜNHAN;ZEYNEP SULTAN;56 +0.20;M.M.BİLGİN;CAN ERBAK;A.AYDOĞAN;7;%14.03(4);53;K3K7K0K5K3K6;34;13;2:14.75
7;SUFLE KG DB SK;8y k k;ÖZGÜNHAN;NAZLI BİLGİN;56 +0.30;A.MEH.ALTIN;CEMAL TURAN;M.YAPAROĞLU;8;%2.17(7);64;Ç6Ç6Ç2Ç9Ç8K8;14;4;2:17.26
8;YENERSULTAN KG SK;9y a k;KAIZBERT (RU);SÖNMEZ SULTAN;56 +0.30;M.ÇİÇEK;SONGÜL TEKİNALP;Y.TEKİNALP;4;%24.04(1);96;K4K8K5K5K9K6;23;14;2:14.34
9;NEFESİMOL KG K DB;4y k k;GÜNTAY;GÜLFEM;52 +2.00;R.KETME AP;SAİM GÖRMEZ;B.KOCAKAYA;9;%2.17(8);31;K5K6K7K7K3Ç0;13;7;2:29.12
10;MATİLDA HANIM KG DB SK;4y a k;KARAÜZÜM;SIRILSIKLAM;52 +0.40;M.GÖL AP;BATUHAN ŞEN;F.ŞEN;10;%0.4(10);28;K0K0Ç9Ç0K0Ç0;13;9;2:20.63
8. ÇİFTE Bu koşudan başlar;GANYAN;İKİLİ;SIRALI İKİLİ;ÜÇLÜ BAHİS;PLASE;PLASE İKİLİ;SABİT GANYAN;SABİT İKİLİ;SABİT SIRALI İKİLİ;SABİT İLK 2;SABİT İLK 3;SABİT İLK 4;SABİT KİM GEÇER

9. Kosu :   21.30;Maiden/DHÖW/Dişi; 3 Yaşlı Araplar; 57.00kg; 1400m; Kum;;;;Rekor Derece :1.32.97
İkramiye;;;;;Yetiştirici Primi;;;;
1.)545.000 TL;2.)218.000 TL;3.)109.000 TL;4.)54.500 TL;5.)27.250 TL;1.)163.500 TL;2.)65.400 TL;3.)32.700 TL;4.)16.350 TL;5.)8.175 TL;
At No;At İsmi;Yaş;Orijin(Baba);Orijin(Anne);Kilo;Jokey Adı;Sahip Adı;Antrenör Adı;St;AGF;H;Son 6 Yarış;KGS;s20;EnİyiDerece
1;HASGÖKÇE KG SK;3y k  d;BATMANASLANI;HOŞNİGAR;59;GÖKH.GÖKÇE;SEZGİN GÖKÇE;SEY.GÖKÇE;5;%17.27(2);34;K2K2K4K5K9;12;16;1:40.46
2;YİĞİT NUR KG K;3y k  d;SERDÜMEN;ALYÜZ;58;Y.GÖKÇE AP;FUNDA GÜRSOY;Y.K.GÜRSOY;1;%39.9(1);32;K9K4K3K7K3K2;19;16;1:40.02
3;AYSERA HATUN K;3y d  d;KURTEL;BELCEKIZ;57 +0.10;İ.S.SÖĞÜT;MUSTAFA AMAÇ;S.C.GÖZÜNGÜ;7;%3.78(7);33;K4K4Ç2K6K4Ç0;17;15;1:42.61
4;BİTTER ÇİKOLATA KG K;3y k  d;YÜREKKAYA;AMAZING (FR);57;H.ŞİMŞEK;AZİZE KAYA;Y.AKKUŞ;8;%2.29(6);11;Ç0S8Ç0S8K9;12;15;
5;CEDİDE KG K;3y k  d;AFRİKAANDER;HAZAL TAY;53;C.YILMAZ AP;MEHMET BAYDAN;E.C.BAYDAN;10;%6.62(5);34;Ç5K4K2K8;7;16;1:40.99
6;DEVİNAY KG SK;3y a  d;GÜMBÜRGÜMBÜR;SALTUKHANIM;57;A.KÜRÜNDÜK;BÜLENT BENZER;B.ÖZGÜR;4;%0.84(10);9;K8K9Ç8K0Ç0;24;15;1:49.85
7;DİLDA HATUN KG SK;3y a  d;SERHANTAY;SEÇİLGÜL;53;M.GÖL AP;ABDULLAH KAYA;Y.AKKUŞ;11;%0.68(11);23;K7K3K0K7K8;12;15;1:43.09
8;EFSANEVİTAY KG K DB GKR;3y k  d;KAFKASLIEFSANESİ;HANIMCIM;53 +0.10;E.D.ÖKTEN AP;AZİZE KAYA;M.Y.YILDIRIM;3;%2.62(6);17;K0K8K8K8K7K4;12;5;1:45.66
9;EVGENİYA DB SKG SK;3y a  d;GÜMBÜRGÜMBÜR;FESLEĞEN;53;A.S.AKSOY AP;SADIK ÇETİN;Y.AKKUŞ;13;%0.51(12);23;K3K6K6K8K7K0;12;14;1:42.71
10;PISTACHIO KG SK;3y a  d;ÖZGÜNHAN;MELTEMCAN;54 +0.10;Ö.F.ÖZEN AP;HASAN AKMEŞE;Y.AKKILIÇ;9;%1.97(8);;Ç9K0;12;18;
11;SELMİNKIZ KG SK;3y k  d;TAYKUT;GÜLAYNUR;54 +0.50;R.KETME AP;HAÇIM TURAN;At Sahibi;12;%1.23(9);13;K8K9K5K9K6K9;12;12;1:45.98
12;TARAFINI SEÇ KG K DB;3y d  d;GÜMBÜRGÜMBÜR;YOLAŞAN;57 +0.20;K.TOKAÇOĞLU;SERKAN ALSANCAK;A.R.AYDIN;2;%9.1(4);20;Ç9K8Ç0K5K4;23;15;1:42.79
13;YOLDERE GÜZELİ KG DB;3y a  d;BAKİBEY;LAVİTAS;57 +0.50;N.ŞEN;AYHAN BAYKAL;T.ATEŞ;6;%13.19(3);26;S0Ç6Ç0Ç3Ç4;17;15;
[(4)BİTTER ÇİKOLATA,(8)EFSANEVİTAY,] eküridir.GANYAN;İKİLİ;SIRALI İKİLİ;PLASE;PLASE İKİLİ;SIRALI 5 Lİ BAHİS;TABELA BAHİS;TABELA BAHİS SIRASIZ;SABİT GANYAN;SABİT İKİLİ;SABİT SIRALI İKİLİ;SABİT İLK 2;SABİT İLK 3;SABİT İLK 4

