tur,a,b,oran
ikili,5,12,5.9
ikili,3,5,6.25
ikili,1,5,10.1
ikili,2,5,10.1
ikili,4,5,10.8
ikili,3,12,11.1
ikili,5,9,13.6
ikili,1,12,18.0
ikili,2,12,18.0
ikili,1,3,19.1
ikili,2,3,19.1
ikili,4,12,19.3
ikili,3,4,20.4
ikili,5,10,22.1
ikili,9,12,24.3
ikili,3,9,25.8
ikili,5,7,27.7
ikili,5,11,27.7
ikili,1,2,31.0
ikili,1,4,33.2
ikili,2,4,33.2
ikili,10,12,39.4
ikili,3,10,41.7
ikili,1,9,41.9
ikili,2,9,41.9
ikili,4,9,44.8
ikili,7,12,49.3
ikili,11,12,49.3
ikili,3,7,52.3
ikili,3,11,52.3
ikili,5,8,55.9
ikili,1,10,67.7
ikili,2,10,67.7
ikili,5,6,70.0
ikili,4,10,72.7
ikili,5,13,84.0
ikili,1,7,85.4
ikili,1,11,85.4
ikili,2,7,85.4
ikili,2,11,85.4
ikili,4,7,91.2
ikili,4,11,91.2
ikili,9,10,91.7
ikili,8,12,99.5
ikili,3,8,106.0
ikili,7,9,115.0
ikili,9,11,115.0
ikili,6,12,125.0
ikili,3,6,132.0
ikili,12,13,150.0
ikili,3,13,159.0
ikili,1,8,172.0
ikili,2,8,172.0
ikili,4,8,184.0
ikili,7,10,186.0
ikili,10,11,186.0
ikili,1,6,215.0
ikili,2,6,215.0
ikili,4,6,230.0
ikili,8,9,232.0
ikili,7,11,234.0
ikili,1,13,259.0
ikili,2,13,259.0
ikili,4,13,277.0
ikili,6,9,290.0
ikili,9,13,349.0
ikili,8,10,376.0
ikili,6,10,471.0
ikili,7,8,472.0
ikili,8,11,472.0
ikili,10,13,565.0
ikili,6,7,590.0
ikili,6,11,590.0
ikili,7,13,710.0
ikili,11,13,710.0
ikili,6,8,1190.0
ikili,8,13,1430.0
ikili,6,13,1790.0
sirali,5,12,11.1
sirali,5,3,11.7
sirali,12,5,12.6
sirali,3,5,13.4
sirali,5,1,18.5
sirali,5,2,18.5
sirali,5,4,19.8
sirali,12,3,22.1
sirali,3,12,22.3
sirali,1,5,22.4
sirali,2,5,22.4
sirali,4,5,24.0
sirali,5,9,24.7
sirali,9,5,30.5
sirali,12,1,34.9
sirali,12,2,34.9
sirali,3,1,37.1
sirali,3,2,37.1
sirali,12,4,37.2
sirali,1,12,37.3
sirali,2,12,37.3
sirali,1,3,39.3
sirali,2,3,39.3
sirali,5,10,39.5
sirali,3,4,39.6
sirali,4,12,40.0
sirali,4,3,42.2
sirali,12,9,46.5
sirali,5,7,49.4
sirali,5,11,49.4
sirali,3,9,49.5
sirali,10,5,50.1
sirali,9,12,50.9
sirali,9,3,53.7
sirali,1,2,62.1
sirali,2,1,62.1
sirali,7,5,63.2
sirali,11,5,63.2
sirali,1,4,66.2
sirali,2,4,66.2
sirali,4,1,66.6
sirali,4,2,66.6
sirali,12,10,74.4
sirali,3,10,79.2
sirali,1,9,82.8
sirali,2,9,82.8
sirali,10,12,83.6
sirali,9,1,84.8
sirali,9,2,84.8
sirali,10,3,88.2
sirali,4,9,88.9
sirali,9,4,90.5
sirali,12,7,93.0
sirali,12,11,93.0
sirali,5,8,98.8
sirali,3,7,99.0
sirali,3,11,99.0
sirali,7,12,105.0
sirali,11,12,105.0
sirali,7,3,111.0
sirali,11,3,111.0
sirali,5,6,124.0
sirali,8,5,129.0
sirali,1,10,132.0
sirali,2,10,132.0
sirali,10,1,139.0
sirali,10,2,139.0
sirali,4,10,142.0
sirali,5,13,148.0
sirali,10,4,149.0
sirali,6,5,161.0
sirali,1,7,166.0
sirali,1,11,166.0
sirali,2,7,166.0
sirali,2,11,166.0
sirali,7,1,176.0
sirali,7,2,176.0
sirali,11,1,176.0
sirali,11,2,176.0
sirali,4,7,178.0
sirali,4,11,178.0
sirali,9,10,181.0
sirali,10,9,186.0
sirali,12,8,186.0
sirali,7,4,187.0
sirali,11,4,187.0
sirali,13,5,194.0
sirali,3,8,198.0
sirali,8,12,214.0
sirali,8,3,226.0
sirali,9,7,226.0
sirali,9,11,226.0
sirali,12,6,232.0
sirali,7,9,234.0
sirali,11,9,234.0
sirali,3,6,248.0
sirali,6,12,269.0
sirali,12,13,279.0
sirali,6,3,284.0
sirali,3,13,297.0
sirali,13,12,323.0
sirali,1,8,331.0
sirali,2,8,331.0
sirali,13,3,341.0
sirali,4,8,355.0
sirali,8,1,357.0
sirali,8,2,357.0
sirali,10,7,371.0
sirali,10,11,371.0
sirali,7,10,375.0
sirali,11,10,375.0
sirali,8,4,381.0
sirali,1,6,414.0
sirali,2,6,414.0
sirali,4,6,444.0
sirali,6,1,448.0
sirali,6,2,448.0
sirali,9,8,452.0
sirali,7,11,468.0
sirali,11,7,468.0
sirali,8,9,476.0
sirali,6,4,478.0
sirali,1,13,497.0
sirali,2,13,497.0
sirali,4,13,533.0
sirali,13,1,539.0
sirali,13,2,539.0
sirali,9,6,565.0
sirali,13,4,575.0
sirali,6,9,597.0
sirali,9,13,678.0
sirali,13,9,718.0
sirali,10,8,743.0
sirali,8,10,762.0
sirali,10,6,928.0
sirali,7,8,936.0
sirali,11,8,936.0
sirali,8,7,952.0
sirali,8,11,952.0
sirali,6,10,956.0
sirali,10,13,1110.0
sirali,13,10,1150.0
sirali,7,6,1170.0
sirali,11,6,1170.0
sirali,6,7,1190.0
sirali,6,11,1190.0
sirali,7,13,1400.0
sirali,11,13,1400.0
sirali,13,7,1440.0
sirali,13,11,1440.0
sirali,8,6,2380.0
sirali,6,8,2390.0
sirali,8,13,2860.0
sirali,13,8,2870.0
sirali,6,13,3580.0
sirali,13,6,3590.0
