tarih,saat,hipodrom,kosu,no,ad,ganyan,ilk2,ilk3,ilk4
2026-10-09,1244,bursa,4,1,RED SMOKE,7.5,3.72,2.5,1.96
2026-10-09,1244,bursa,4,2,ANGEL QUEST,7.5,3.85,2.57,2.0
2026-10-09,1244,bursa,4,3,ECHOGUETTE,4.75,2.56,1.86,1.57
2026-10-09,1244,bursa,4,4,SHELDON,8.0,4.05,2.68,2.06
2026-10-09,1244,bursa,4,5,SILENT TOUCH,2.7,1.59,1.28,1.17
2026-10-09,1244,bursa,4,6,MIDNIGHT BOURBON,50.0,15.4,6.78,3.54
2026-10-09,1244,bursa,4,7,GRAVITY OF LOVE,20.0,8.41,4.63,2.9
2026-10-09,1244,bursa,4,8,MURATIN KIZI,40.0,13.3,6.24,3.4
2026-10-09,1244,bursa,4,9,KUMSALIM,10.0,4.65,2.99,2.22
2026-10-09,1244,bursa,4,10,TOUCH MY DREAM,16.0,7.25,4.17,2.73
2026-10-09,1244,bursa,4,11,MİSAKA,20.0,8.67,4.73,2.94
2026-10-09,1244,bursa,4,12,SYRENA,4.5,2.41,1.77,1.52
2026-10-09,1244,bursa,4,13,LIBERTA MIA,60.0,16.9,7.13,3.62
