kosu,sibno,ad,ganyan,ilk2,ilk3,ilk4,tarih,hipodrom,no,sira,pm,ad_csv
1,1,DEMON HUNTER,2.3,1.26,,,2026-10-08,izmir,1,1,1.95,DEMON HUNTER KG DB SK
1,2,DEMİRNAL,5.0,2.21,1.5,1.25,2026-10-08,izmir,3,3,5.5,DEMİRNAL KG DB SK
1,3,YILDIZTEPE,14.0,5.06,2.79,1.84,2026-10-08,izmir,4,4,11.65,YILDIZTEPE KG DB SK
1,4,DEĞERBİLİR,8.5,3.43,2.09,1.56,2026-10-08,izmir,8,8,8.85,DEĞERBİLİR KG DB SK
1,5,KIZIM MERYEM,25.0,7.46,3.65,2.12,2026-10-08,izmir,5,5,24.25,KIZIM MERYEM KG DB SK
1,6,AVANOS EFESİ,2.6,1.35,1.07,,2026-10-08,izmir,2,2,2.45,AVANOS EFESİ KG SK
1,7,BEREKETGELDİ,50.0,11.2,4.67,2.37,2026-10-08,izmir,6,6,41.4,BEREKETGELDİ KG K
1,8,AŞKBAZ,20.0,7.02,3.5,2.08,2026-10-08,izmir,7,7,17.45,AŞKBAZ KG K DB
1,9,SARMAN RÜZGARI,60.0,12.7,5.02,2.44,2026-10-08,izmir,9,9,59.65,SARMAN RÜZGARI KG DB SK
2,1,ÇENGER,5.0,2.48,1.81,1.54,2026-10-08,izmir,1,1,4.05,ÇENGER DB SKG SK SGKR
2,2,ALEV KIZ,5.5,2.66,1.91,1.61,2026-10-08,izmir,3,3,7.6,ALEV KIZ K
2,3,BERRUNAZ,4.0,2.08,1.57,1.38,2026-10-08,izmir,2,2,4.1,BERRUNAZ KG SK
2,4,DENİZOVA,16.0,6.18,3.71,2.55,2026-10-08,izmir,11,11,16.45,DENİZOVA K
2,5,ATAKÖY GÜZELİ,12.0,4.89,3.1,2.27,2026-10-08,izmir,4,4,10.85,ATAKÖY GÜZELİ KG SK
2,6,DİŞLİBAŞAK,60.0,16.2,6.98,3.59,2026-10-08,izmir,9,9,52.8,DİŞLİBAŞAK DB SKG SK
2,7,ERENDİZ,6.5,3.13,2.18,1.78,2026-10-08,izmir,7,7,6.8,ERENDİZ KG K DB GKR
2,8,KÖPRÜCEK,3.4,1.82,1.42,1.27,2026-10-08,izmir,6,6,2.9,KÖPRÜCEK KG K
2,9,LADY DOĞRU,80.0,17.6,7.29,3.66,2026-10-08,izmir,13,13,95.55,LADY DOĞRU KG DB SK
2,10,MRS MALIBU,30.0,10.2,5.27,3.12,2026-10-08,izmir,5,5,35.05,MRS MALİBU KG SK GKR
2,11,SAADIN CEVHERİ,30.0,11.0,5.53,3.2,2026-10-08,izmir,12,12,27.65,SAADIN CEVHERİ DB
2,12,SOLUKMAVİ,80.0,17.6,7.29,3.66,2026-10-08,izmir,10,10,72.0,SOLUKMAVİ DB SKG SK
2,13,ULU IRMAK,18.0,7.07,4.09,2.7,2026-10-08,izmir,8,8,16.7,ULU IRMAK SKG SK
3,1,ŞEN AKYÜZ,25.0,5.19,2.31,,2026-10-08,izmir,6,6,21.8,ŞEN AKYÜZ DB
3,2,EMREEFE,5.0,1.68,1.13,,2026-10-08,izmir,2,2,4.1,EMREEFE KG K
3,3,ESRARENGİZ,12.0,3.44,1.74,,2026-10-08,izmir,3,3,10.9,ESRARENGİZ SK
3,4,THUNDER JEST,9.0,2.59,1.43,,2026-10-08,izmir,5,5,6.75,THUNDER JEST K
3,5,THE RAPTOR,1.19,,,,2026-10-08,izmir,1,1,1.15,THE RAPTOR KG DB SK ÖG
3,6,LAST SWORD,25.0,5.68,2.44,,2026-10-08,izmir,4,4,19.2,LAST SWORD KG K DB
4,1,BOCCE,16.0,6.65,3.84,2.52,2026-10-08,izmir,4,4,25.35,BOCCE DB SKG SK
4,2,HEARTS PATH,20.0,7.77,4.28,2.68,2026-10-08,izmir,11,11,21.8,HEARTS PATH DB SK
4,3,BARİ,20.0,7.78,4.28,2.68,2026-10-08,izmir,12,12,17.25,BARİ DB SK
4,4,WALTZ WITH DREAMS,16.0,6.65,3.84,2.52,2026-10-08,izmir,5,5,10.65,WALTZ WITH DREAMS KG K DB
4,5,OĞLUM FIRAT,25.0,8.82,4.66,2.81,2026-10-08,izmir,8,8,20.75,OĞLUM FIRAT DB
4,6,FASTEST ÇINAR,6.5,3.05,2.11,1.71,2026-10-08,izmir,1,1,7.9,FASTEST ÇINAR K DB
4,7,SON OF THE KNIFE,40.0,12.5,5.8,3.14,2026-10-08,izmir,2,2,25.2,SON OF THE KNIFE DB SK
4,8,DUYARLI,9.0,4.18,2.71,2.02,2026-10-08,izmir,10,10,8.15,DUYARLI K DB SKG
4,9,KRAL AYVALIK,2.9,1.6,1.28,1.16,2026-10-08,izmir,6,6,3.55,KRAL AYVALIK KG
4,10,RAMONA,4.25,2.17,1.62,1.4,2026-10-08,izmir,7,7,3.1,RAMONA KG DB SK
4,11,KUZEYİN KRALI,6.0,2.86,2.01,1.65,2026-10-08,izmir,9,9,6.05,KUZEYİN KRALI K DB
4,12,TAŞDEMİR HAN,10.0,4.38,2.81,2.07,2026-10-08,izmir,3,3,11.05,TAŞDEMİR HAN K DB
5,1,STORM QUEEN,10.0,3.95,2.42,1.7,2026-10-08,izmir,5,5,9.0,STORM QUEEN SKG SK
5,2,MOMENT SAVER,4.75,2.3,1.62,1.32,2026-10-08,izmir,1,1,5.05,MOMENT SAVER KG
5,3,SHARP STORM,5.0,2.44,1.69,1.36,2026-10-08,izmir,7,7,5.1,SHARP STORM KG DB SK
5,4,CHEROKEE,6.5,2.9,1.93,1.48,2026-10-08,izmir,3,3,3.0,CHEROKEE KG K DB
5,5,MAGIC BANK,18.0,6.09,3.28,2.01,2026-10-08,izmir,9,9,13.35,MAGIC BANK KG K DB
5,6,MORIARTY,7.0,3.17,2.06,1.54,2026-10-08,izmir,8,8,3.0,MORIARTY DB SK
5,7,ROSİLDA,10.0,4.22,2.54,1.75,2026-10-08,izmir,4,4,8.95,ROSİLDA DB SKG SK
5,8,COME AND SEE,2.7,1.47,1.17,1.05,2026-10-08,izmir,2,2,2.65,COME AND SEE DB SKG SK
5,9,FOOTSTEP,60.0,12.3,4.96,2.43,2026-10-08,izmir,6,6,29.95,FOOTSTEP K DB
6,1,ZAZA ENES,10.0,3.83,2.06,,2026-10-08,izmir,7,7,8.05,ZAZA ENES KG DB SK
6,2,KRAL KARACA,2.4,1.23,,,2026-10-08,izmir,2,2,2.4,KRAL KARACA KG SK
6,3,SERİ UFUK,2.0,1.11,,,2026-10-08,izmir,1,1,1.85,SERİ UFUK KG DB SK
6,4,AÇANAY,16.0,4.93,2.45,,2026-10-08,izmir,3,3,10.3,AÇANAY KG K GKR
6,5,ALTIN ESMER,40.0,8.23,3.4,,2026-10-08,izmir,5,5,23.95,ALTIN ESMER KG K DB
6,6,YANGIN YERİ,7.5,2.91,1.68,,2026-10-08,izmir,6,6,7.9,YANGIN YERİ KG
6,7,RÜZGAR TİNAS,12.0,4.28,2.22,,2026-10-08,izmir,4,4,10.0,RÜZGAR TINAS KG K DB
7,1,İLAYTAY,1.5,,,,2026-10-08,izmir,5,5,1.4,İLAYTAY KG SK
7,2,ÖZTAMER,30.0,8.6,3.95,2.2,2026-10-08,izmir,8,8,19.25,ÖZTAMER KG DB SK
7,3,RÜZGAR BARIŞ,5.0,2.05,1.42,1.2,2026-10-08,izmir,6,6,4.85,RÜZGAR BARIŞ KG DB SK
7,4,GÜNÇE KIZ,10.0,3.75,2.2,1.61,2026-10-08,izmir,1,1,9.0,GÜNÇE KIZ KG DB SK
7,5,BASKINSOY,6.5,2.59,1.67,1.35,2026-10-08,izmir,3,3,7.0,BASKINSOY DB SK
7,6,TILISIM,40.0,9.99,4.34,2.3,2026-10-08,izmir,7,7,21.85,TILISIM KG DB SK
7,7,ŞAİBESİZ,40.0,9.49,4.21,2.27,2026-10-08,izmir,9,9,21.5,ŞAİBESİZ KG DB SK
7,8,AKGOBAK,14.0,4.97,2.71,1.81,2026-10-08,izmir,2,2,13.2,AKGOBAK DB
7,9,BARINBEY,16.0,5.29,2.84,1.86,2026-10-08,izmir,4,4,16.65,BARINBEY KG DB SK
8,1,TÜRKAN HANIM,20.0,7.14,3.74,2.28,2026-10-08,izmir,6,6,16.3,TÜRKAN HANIM KG DB SK
8,2,ERGEN,4.25,2.01,1.46,1.25,2026-10-08,izmir,5,5,4.15,ERGEN KG K DB
8,3,REYHAN GELİN,4.5,2.1,1.51,1.28,2026-10-08,izmir,1,1,4.2,REYHAN GELİN KG DB SK
8,4,LAVİN FIRTINASI,50.0,12.2,5.22,2.67,2026-10-08,izmir,9,9,34.45,LAVİN FIRTINASI KG DB
8,5,MÜZEYYEN ABLA,7.0,3.14,2.05,1.59,2026-10-08,izmir,7,7,7.35,MÜZEYYEN ABLA DB
8,6,ÖZGÜNSULTAN,6.0,2.75,1.85,1.49,2026-10-08,izmir,3,3,6.25,ÖZGÜNSULTAN KG DB SK ÖG
8,7,SUFLE,30.0,9.18,4.4,2.47,2026-10-08,izmir,4,4,27.35,SUFLE KG DB SK
8,8,YENERSULTAN,2.3,1.29,1.06,,2026-10-08,izmir,2,2,2.15,YENERSULTAN KG SK
8,9,NEFESİMOL,30.0,9.12,4.38,2.47,2026-10-08,izmir,8,8,20.0,NEFESİMOL KG K DB
8,10,MATİLDA HANIM,80.0,14.7,5.75,2.79,2026-10-08,izmir,10,10,55.2,MATİLDA HANIM KG DB SK
9,1,HASGÖKÇE,5.0,2.25,1.61,1.41,2026-10-08,izmir,1,1,5.1,HASGÖKÇE KG SK
9,2,YİĞİT NUR,1.7,,,,2026-10-08,izmir,6,6,1.75,YİĞİT NUR KG K
9,3,AYSERA HATUN,20.0,7.11,3.98,2.66,2026-10-08,izmir,13,13,18.45,AYSERA HATUN K
9,4,BİTTER ÇİKOLATA,30.0,9.88,5.03,3.04,2026-10-08,izmir,8,8,14.15,BİTTER ÇİKOLATA KG K
9,5,CEDİDE,10.0,4.11,2.6,2.01,2026-10-08,izmir,10,10,11.9,CEDİDE KG K
9,6,DEVİNAY,60.0,15.1,6.62,3.5,2026-10-08,izmir,12,12,41.7,DEVİNAY KG SK
9,7,DİLDA HATUN,60.0,15.6,6.76,3.53,2026-10-08,izmir,3,3,28.85,DİLDA HATUN KG SK
9,8,EFSANEVİTAY,30.0,9.12,4.76,2.95,2026-10-08,izmir,7,7,14.15,EFSANEVİTAY KG K DB GKR
9,9,EVGENİYA,80.0,17.2,7.15,3.63,2026-10-08,izmir,9,9,64.6,EVGENİYA DB SKG SK
9,10,PISTACHIO,30.0,10.6,5.26,3.12,2026-10-08,izmir,11,11,33.0,PISTACHIO KG SK
9,11,SELMİNKIZ,50.0,13.0,6.03,3.34,2026-10-08,izmir,5,5,31.9,SELMİNKIZ KG SK
9,12,TARAFINI SEÇ,9.0,3.73,2.41,1.91,2026-10-08,izmir,2,2,9.6,TARAFINI SEÇ KG K DB
9,13,YOLDERE GÜZELİ,6.5,2.74,1.88,1.59,2026-10-08,izmir,4,4,4.5,YOLDERE GÜZELİ KG DB
