tarih,hipodrom,kosu,no,ganyan,ilk2,ilk3,ilk4,kosmaz,ad,sira,prog_no,ad_csv,pm,q,pr2,pr3
2026-10-08,ankara,1,1,7.0,2.82,1.77,1.35,0,ATAERİ,5,5,ATAERİ KG SK,5.45,0.10751875868538992,0.3546099290780142,0.5649717514124294
2026-10-08,ankara,1,2,16.0,5.28,2.77,1.73,0,ATEŞİZİ,3,3,ATEŞİZİ KG,17.55,0.04703945692485809,0.1893939393939394,0.36101083032490977
2026-10-08,ankara,1,3,1.7,,,,0,ALABİNİT,6,6,ALABİNİT DB SK,1.35,0.44272430046925265,,
2026-10-08,ankara,1,4,7.0,2.8,1.76,1.34,0,BÜYÜK DESTAN,4,4,BÜYÜK DESTAN KG SK,10.4,0.10751875868538992,0.35714285714285715,0.5681818181818182
2026-10-08,ankara,1,5,10.0,3.72,2.16,1.52,0,ETMAN,8,8,ETMAN KG K,8.6,0.07526313107977295,0.26881720430107525,0.4629629629629629
2026-10-08,ankara,1,6,20.0,6.46,3.17,1.84,0,KAĞANPU,2,2,KAĞANPU KG SK,24.7,0.037631565539886475,0.15479876160990713,0.31545741324921134
2026-10-08,ankara,1,7,50.0,10.0,4.13,2.07,0,KARAGÖZ,7,7,KARAGÖZ KG SK,39.4,0.015052626215954589,0.1,0.24213075060532688
2026-10-08,ankara,1,8,4.5,1.99,1.39,1.15,0,TAYKUTKRAL,1,1,TAYKUTKRAL,5.2,0.16725140239949543,0.5025125628140703,0.7194244604316548
2026-10-08,ankara,2,1,2.1,1.23,,,0,LA JEFA,1,1,LA JEFA SK ÖG,1.75,0.35483592578732875,0.8130081300813008,
2026-10-08,ankara,2,2,5.5,2.47,1.71,1.41,0,HEAD VORKER,6,6,HEAD VORKER DB SKG SK,6.75,0.13548280802788917,0.4048582995951417,0.5847953216374269
2026-10-08,ankara,2,3,8.5,3.58,2.27,1.7,0,THRACE FEVER,2,2,THRACE FEVER K DB,9.9,0.08766534637098711,0.27932960893854747,0.44052863436123346
2026-10-08,ankara,2,4,60.0,13.0,5.39,2.71,0,SWEET VICTORY,5,5,SWEET VICTORY KG K DB SK,38.05,0.012419257402556507,0.07692307692307693,0.1855287569573284
2026-10-08,ankara,2,5,5.0,2.3,1.62,1.35,0,BON CHEVAL,10,10,BON CHEVAL KG DB,7.45,0.1490310888306781,0.4347826086956522,0.6172839506172839
2026-10-08,ankara,2,6,20.0,6.7,3.59,2.23,0,SIEGREICH,3,3,SIEGREICH KG DB SK,14.55,0.03725777220766952,0.14925373134328357,0.2785515320334262
2026-10-08,ankara,2,7,30.0,8.75,4.28,2.44,0,ÜNLÜ BOMBA,8,8,ÜNLÜ BOMBA SK,15.25,0.024838514805113013,0.11428571428571428,0.2336448598130841
2026-10-08,ankara,2,8,10.0,4.26,2.59,1.85,0,JOYOUS GIRL,9,9,JOYOUS GIRL SKG SK,14.9,0.07451554441533904,0.2347417840375587,0.3861003861003861
2026-10-08,ankara,2,9,6.5,2.81,1.89,1.51,0,KARAMAÇABEY,7,7,KARAMAÇABEY K DB,3.9,0.1146392991005216,0.35587188612099646,0.5291005291005292
2026-10-08,ankara,2,10,80.0,13.8,5.58,2.75,0,MIZMIZ MYRTLE,4,4,MIZMIZ MYRTLE KG DB SK,3.9,0.00931444305191738,0.07246376811594203,0.17921146953405018
2026-10-08,ankara,3,1,3.4,1.64,1.19,,0,BESNİ,4,4,BESNİ KG DB,2.2,0.22517681497630526,0.6097560975609756,0.8403361344537815
2026-10-08,ankara,3,2,7.5,3.03,1.84,1.38,0,ATLAS HAN,2,2,ATLAS HAN KG SK,8.15,0.10208015612259172,0.33003300330033003,0.5434782608695652
2026-10-08,ankara,3,3,50.0,10.0,4.13,2.07,0,BAKTAVORLI,7,7,BAKTAVORLİ KG K,31.2,0.015312023418388759,0.1,0.24213075060532688
2026-10-08,ankara,3,4,3.2,1.53,1.14,,0,ERYÜREKLİ,1,1,ERYÜREKLİ,3.6,0.23925036591232435,0.6535947712418301,0.8771929824561404
2026-10-08,ankara,3,5,2.2,1.19,,,0,HIZLI KRAL,3,3,HIZLI KRAL KG DB,2.35,0.3480005322361081,0.8403361344537815,
2026-10-08,ankara,3,6,20.0,6.09,3.03,1.81,0,KRENSİA,5,5,KRENSİA KG DB SK,15.35,0.0382800585459719,0.16420361247947454,0.33003300330033003
2026-10-08,ankara,3,7,60.0,10.7,4.27,2.1,0,YEŞİL ORMAN,8,8,YEŞİL ORMAN KG DB SK GKR,43.55,0.012760019515323965,0.09345794392523366,0.234192037470726
2026-10-08,ankara,3,8,40.0,9.12,3.91,2.02,0,UÇAN DERAY,6,6,UÇAN DERAY KG DB,24.95,0.01914002927298595,0.10964912280701755,0.2557544757033248
2026-10-08,ankara,4,1,2.2,1.24,,,0,TUVA,1,1,TUVA SK,2.05,0.3340715281469914,0.8064516129032259,
2026-10-08,ankara,4,2,16.0,5.93,3.36,2.24,0,ÇEVİK VAKTİ,3,3,ÇEVİK VAKTİ SKG SK,18.75,0.04593483512021133,0.16863406408094436,0.2976190476190476
2026-10-08,ankara,4,3,14.0,5.29,3.08,2.13,0,ERKOÇUM,10,10,ERKOÇUM DB SK,15.1,0.05249695442309865,0.1890359168241966,0.3246753246753247
2026-10-08,ankara,4,4,20.0,6.91,3.75,2.39,0,WINNING DRAGON,8,8,WINNING DRAGON DB SKG SK,21.2,0.03674786809616906,0.1447178002894356,0.26666666666666666
2026-10-08,ankara,4,5,3.8,1.89,1.4,1.23,0,BARBOOM,2,2,BARBOOM DB SK,3.15,0.1934098320851003,0.5291005291005292,0.7142857142857143
2026-10-08,ankara,4,6,3.8,1.82,1.36,1.21,0,SIMAZE,6,6,SIMAZE KG DB SK,4.65,0.1934098320851003,0.5494505494505494,0.7352941176470588
2026-10-08,ankara,4,7,16.0,6.09,3.42,2.27,0,STRONG HEARD,4,4,STRONG HEARD K DB,13.4,0.04593483512021133,0.16420361247947454,0.29239766081871343
2026-10-08,ankara,4,8,30.0,9.8,4.75,2.71,0,ICE DROPS,11,11,ICE DROPS DB SK,30.25,0.02449857873077937,0.1020408163265306,0.21052631578947367
2026-10-08,ankara,4,9,60.0,13.8,5.83,2.99,0,SIRRIN BEYİ,9,9,SIRRIN BEYİ SKG SK,34.85,0.012249289365389686,0.07246376811594203,0.17152658662092624
2026-10-08,ankara,4,10,20.0,7.39,3.93,2.45,0,ÜÇNUR,5,5,ÜÇNUR K DB,15.3,0.03674786809616906,0.13531799729364005,0.2544529262086514
2026-10-08,ankara,4,11,30.0,9.9,4.78,2.72,0,ENTITY,7,7,ENTITY DB SK,17.95,0.02449857873077937,0.10101010101010101,0.20920502092050208
2026-10-08,ankara,5,1,6.0,2.4,1.52,1.23,0,BLESSED STORM,3,3,BLESSED STORM K,5.1,0.12581606503009146,0.4166666666666667,0.6578947368421053
2026-10-08,ankara,5,2,16.0,5.09,2.64,1.68,0,DENİZARES,4,4,DENİZARES KG SK,18.05,0.047181024386284305,0.19646365422396858,0.3787878787878788
2026-10-08,ankara,5,3,1.55,,,,0,SARATOGA SPRINGS,1,1,SARATOGA SPRINGS,1.65,0.48702992914874116,,
2026-10-08,ankara,5,4,7.0,2.76,1.68,1.31,0,WARRIORS,2,2,WARRIORS SKG SK,6.35,0.10784234145436411,0.3623188405797102,0.5952380952380952
2026-10-08,ankara,5,5,4.0,1.71,1.22,1.06,0,DOĞAN ASLANIM,5,5,DOĞAN ASLANIM SK,3.25,0.18872409754513722,0.5847953216374269,0.819672131147541
2026-10-08,ankara,5,6,50.0,9.81,4.04,2.05,0,OKLOHAMA,7,7,OKLOHAMA SK,16.95,0.015097927803610977,0.1019367991845056,0.24752475247524752
2026-10-08,ankara,5,7,40.0,8.56,3.73,1.98,0,HERANİ,6,6,HERANİ KG K,23.3,0.018872409754513722,0.11682242990654206,0.2680965147453083
2026-10-08,ankara,5,8,80.0,11.9,4.51,2.14,0,VELARİS,8,8,VELARİS DB SKG SK,44.6,0.009436204877256861,0.08403361344537814,0.22172949002217296
2026-10-08,ankara,6,1,14.0,4.84,2.67,1.7,0,QUEEN ÇINAR,6,6,QUEEN ÇINAR KG K DB,11.8,0.054427572086674626,0.2066115702479339,0.37453183520599254
2026-10-08,ankara,6,2,2.9,1.52,1.17,,0,SISTINE GALLOP,5,5,SISTINE GALLOP K DB,2.45,0.2627537962804982,0.6578947368421053,0.8547008547008548
2026-10-08,ankara,6,3,5.5,2.43,1.63,1.28,0,BOLD LOVE,3,3,BOLD LOVE DB SK,7.25,0.13854291076608088,0.4115226337448559,0.6134969325153374
2026-10-08,ankara,6,4,7.0,2.93,1.87,1.39,0,EQUAL GOLD,7,7,EQUAL GOLD KG K,5.2,0.10885514417334925,0.341296928327645,0.53475935828877
2026-10-08,ankara,6,5,14.0,5.04,2.75,1.72,0,KUPA DOKUZLUSU,2,2,KUPA DOKUZLUSU KG DB SK,13.95,0.054427572086674626,0.1984126984126984,0.36363636363636365
2026-10-08,ankara,6,6,3.0,1.54,1.19,,0,MİRAÇ,4,4,MİRAÇ K DB,2.7,0.2539953364044816,0.6493506493506493,0.8403361344537815
2026-10-08,ankara,6,7,9.0,3.78,2.25,1.55,0,DONNA LUCIA,1,1,DONNA LUCIA SK,9.55,0.08466511213482719,0.2645502645502646,0.4444444444444444
2026-10-08,ankara,6,8,18.0,5.86,3.04,1.81,0,UNPREDICTABLE,8,8,UNPREDICTABLE K,16.05,0.042332556067413596,0.1706484641638225,0.32894736842105265
2026-10-08,ankara,7,1,1.5,,,,0,HAVACI,2,2,HAVACI DB SK,1.5,0.5055672585013541,,
2026-10-08,ankara,7,2,8.0,2.91,1.71,,0,MASTER OF RACE,3,3,MASTER OF RACE DB SK,5.7,0.0947938609690039,0.3436426116838488,0.5847953216374269
2026-10-08,ankara,7,3,18.0,5.22,2.57,,0,OĞLUM GALİBEY,5,5,OĞLUM GALİBEY KG SK,18.75,0.04213060487511284,0.19157088122605365,0.38910505836575876
2026-10-08,ankara,7,4,5.0,1.96,1.32,,0,KALİ STRATA,1,1,KALİ STRATA SK,4.25,0.15167017755040624,0.5102040816326531,0.7575757575757576
2026-10-08,ankara,7,5,6.0,2.37,1.49,,0,FOR FREEDOM,6,6,FOR FREEDOM KG K,5.55,0.12639181462533852,0.42194092827004215,0.6711409395973155
2026-10-08,ankara,7,6,14.0,4.59,2.36,,0,SCHATZ,4,4,SCHATZ SKG SK,11.95,0.05416792055371651,0.2178649237472767,0.42372881355932207
2026-10-08,ankara,7,7,30.0,7.61,3.26,,0,QUEEN AZRA,7,7,QUEEN AZRA KG DB SK,22.65,0.025278362925067705,0.1314060446780552,0.3067484662576687
2026-10-08,ankara,8,1,16.0,5.67,2.97,1.79,0,KASAP ENDER,5,5,KASAP ENDER K DB SKG,14.4,0.046836166537154895,0.1763668430335097,0.33670033670033667
2026-10-08,ankara,8,2,6.0,2.67,1.75,1.34,0,MOTOR,6,6,MOTOR KG SK,6.7,0.12489644409907971,0.37453183520599254,0.5714285714285714
2026-10-08,ankara,8,3,8.5,3.53,2.15,1.51,0,TUMBULKARAÜZÜM,3,3,TUMBULKARAÜZÜM KG K,6.95,0.0881621958346445,0.28328611898017,0.46511627906976744
2026-10-08,ankara,8,4,2.5,1.36,1.09,,0,MÜREKKEP YÜREK,1,1,MÜREKKEP YÜREK K DB,2.1,0.29975146583779133,0.7352941176470588,0.9174311926605504
2026-10-08,ankara,8,5,5.5,2.56,1.7,1.31,0,ASİL MİR,4,4,ASİL MİR KG SK,6.05,0.13625066628990515,0.390625,0.5882352941176471
2026-10-08,ankara,8,6,6.5,2.77,1.8,1.36,0,ABDİ BABA,2,2,ABDİ BABA DB SK,6.85,0.11528902532222744,0.36101083032490977,0.5555555555555556
2026-10-08,ankara,8,7,4.25,2.04,1.45,1.19,0,ALKANLI,7,7,ALKANLI KG DB SK,3.7,0.176324391669289,0.49019607843137253,0.6896551724137931
2026-10-08,ankara,8,8,60.0,11.6,4.49,2.14,0,MART FIRTINASI,8,8,MART FIRTINASI DB SK,58.5,0.012489644409907972,0.08620689655172414,0.22271714922048996
2026-10-08,ankara,9,1,50.0,15.91,7.33,3.92,0,GÜLDANİYE,14,14,GÜLDANİYE DB SKG SK,52.35,0.013264020261379222,0.06285355122564425,0.1364256480218281
2026-10-08,ankara,9,2,10.0,4.71,3.09,2.33,0,ALÇİN SULTAN,2,2,ALÇİN SULTAN KG K DB,2.65,0.06632010130689611,0.21231422505307856,0.3236245954692557
2026-10-08,ankara,9,3,12.0,6.0,3.72,2.64,0,SEÇİLKİZ,7,7,SEÇİLKIZ KG K DB,15.95,0.055266751089080086,0.16666666666666666,0.26881720430107525
2026-10-08,ankara,9,4,14.0,6.07,3.75,2.66,0,LOSTRA,1,1,LOSTRA DB SKG SK,15.95,0.04737150093349722,0.16474464579901152,0.26666666666666666
2026-10-08,ankara,9,5,7.0,3.5,2.43,1.96,0,SOĞUKDAĞ,10,10,SOĞUKDAĞ DB SK,8.0,0.09474300186699444,0.2857142857142857,0.4115226337448559
2026-10-08,ankara,9,6,9.0,4.42,2.94,2.25,0,KASIRGA BEY,6,6,KASIRGA BEY KG DB SK,10.75,0.07368900145210679,0.22624434389140272,0.3401360544217687
2026-10-08,ankara,9,7,4.25,2.27,1.71,1.5,0,SERDENİZ,8,8,SERDENİZ DB,2.65,0.15604729719269672,0.44052863436123346,0.5847953216374269
2026-10-08,ankara,9,8,30.0,12.69,6.35,3.63,0,ALTINEKEN,11,11,ALTINEKEN KG K DB,33.15,0.022106700435632037,0.07880220646178093,0.15748031496062992
2026-10-08,ankara,9,9,10.0,4.67,3.06,2.32,0,DİLMAKİZ,9,9,DİLMAKIZ SK,9.25,0.06632010130689611,0.21413276231263384,0.32679738562091504
2026-10-08,ankara,9,10,4.25,2.37,1.77,1.54,0,TAŞPINAR,5,5,TAŞPINAR KG K DB,5.05,0.15604729719269672,0.42194092827004215,0.5649717514124294
2026-10-08,ankara,9,11,30.0,11.26,5.86,3.48,0,MİR KARTALI,12,12,MİR KARTALI,35.6,0.022106700435632037,0.08880994671403197,0.1706484641638225
2026-10-08,ankara,9,12,40.0,13.82,6.71,3.75,0,GÜNGELDİ AĞA,16,16,GÜNGELDİ AĞA KG SK,34.4,0.016580025326724028,0.0723589001447178,0.14903129657228018
2026-10-08,ankara,9,13,60.0,18.57,8.01,4.09,0,SAKARBAŞI KIZI,13,13,SAKARBAŞI KIZI KG SK,74.95,0.011053350217816019,0.05385029617662897,0.12484394506866417
2026-10-08,ankara,9,14,14.0,6.14,3.79,2.67,0,ALŞUBATHAN,15,15,ALŞUBATHAN KG DB SK,20.15,0.04737150093349722,0.16286644951140067,0.2638522427440633
2026-10-08,ankara,9,15,9.0,4.48,2.96,2.27,0,YÜCEOĞUL,4,4,YÜCEOĞUL KG SK,10.9,0.07368900145210679,0.2232142857142857,0.33783783783783783
2026-10-08,ankara,9,16,8.5,4.13,2.77,2.17,0,MENDERES KIZI,3,3,MENDERES KIZI KG DB SK,6.85,0.07802364859634836,0.24213075060532688,0.36101083032490977
