Ankara;(34. Yarış Günü);07/07/2026
1. Kosu :   14.00;ŞARTLI 4; 3 Yaşlı İngilizler; 58.00kg; 1200m; Kum;;;;Rekor Derece :1.12.68
İkramiye;;;;;Yetiştirici Primi;;;;
1.)595.000 TL;2.)238.000 TL;3.)119.000 TL;4.)59.500 TL;5.)29.750 TL;1.)107.100 TL;2.)42.840 TL;3.)21.420 TL;4.)10.710 TL;5.)5.355 TL;
At No;At İsmi;Yaş;Orijin(Baba);Orijin(Anne);Kilo;Jokey Adı;Sahip Adı;Antrenör Adı;St;AGF;H;Derece;Ganyan;Fark
1;GOLDMAN KG K DB;3y a  e;OĞLUM MELİH;PAMİRAADA;58;Ö.YILDIRIM;H.HÜSEYİN TEMEL;C.AYDOĞAN;1;%49.88(1);52;1:15.90;1,65;1,5  Boy
2;NEJDET BAŞKAN K DB;3y d  e;TILSIT (USA);MAZEJAN;58;A.KURŞUN;NEJDET SUMEL;YAS.POLAT;4;%10.2(4);58;1:16.09;8,10;4 Boy
3;ÇAKIR ASLANI KG K;3y d  e;PAPA CLEM (USA);HIGH JUDGE;55 +1.90;M.AKYAVUZ;MEHMET BOZKAYA;M.ÖZYİĞİT;2;%17.16(2);62;1:16.77;3,25;6 Boy
4;EL REY ESCORPİON SK;3y d  e;PAPA CLEM (USA);KILL BILL;58;M.A.AKGÖBEK;SEMİH KATI;M.DOLAK;6;%2.53(5);53;1:17.75;18,65;1 Boy
5;TESCİL DB SK;3y d  e;BODYGUARD HERO (USA);ELEA (GER);58;A.ÇELİK;FEDAİ KAHRAMAN;Y.ŞİMŞEK;5;%17.11(3);49;1:17.88;5,50;
6;GIVE ME A SECOND SK;3y d  e;TILSIT (USA);SECOND ONE;54 +1.00;M.KESKİN;SERDAL ADALI;K.ARDA;3;%1.77(6);;1:17.97;34,85;
7;STRONG HEARD KG K DB;3y d  d;KANEKO;NADİRE;53 +2.00;U.TEMUR;ALİ RIZA KÖSEALİ;HÜS.TEKİNALP;7;%1.35(7);39;1:19.47;25,40;
GANYAN(2) :1,65 TL, İKİLİ(2/3) :5,70 TL, SIRALI İKİLİ(2/3) :7,25 TL

2. Kosu :   14.30;ŞARTLI 5; 3 ve Yukarı İngilizler; 54.50kg; 60.00 kg; 60.00 kg; 1600m; Çim;;;;Rekor Derece :1.33.82
İkramiye;;;;;Yetiştirici Primi;;;;
1.)730.000 TL;2.)292.000 TL;3.)146.000 TL;4.)73.000 TL;5.)36.500 TL;1.)131.400 TL;2.)52.560 TL;3.)26.280 TL;4.)13.140 TL;5.)6.570 TL;
At No;At İsmi;Yaş;Orijin(Baba);Orijin(Anne);Kilo;Jokey Adı;Sahip Adı;Antrenör Adı;St;AGF;H;Derece;Ganyan;Fark
1;BULL MAN KG DB SK;4y d  a;BODEMEISTER (USA);GIKGA;58;M.S.ÇELİK;FAKİ ARDA ÖZLEN;İB.B.OĞULLARI;4 - DS;%28.1(2);91;1:35.16;2,70;Baş
2;THOMAS SHELBY DB SK;5y k  a;GRAYSTORM;AKASYA;56;G.KOCAKAYA;ALİ RIZA KÖSEALİ;HÜS.TEKİNALP;2;%29.64(1);96;1:35.18;2,30;3 Boy
3;MOUNTAIN DB SKG SK;6y d  a;HALICARNASSUS (IRE);MARACA;60;A.ÇELİK;REMZİ DAĞ;E.ACER;6 - DS;%23.69(3);97;1:35.61;3,75;Boyun
4;MAHALL KG DB SK;5y d k;MYBOYCHARLIE (IRE);KILL BILL;55 +1.40;A.KURŞUN;AHMET İSTANBULLU;O.GİRİŞKİN;1;%14.6(4);84;1:35.66;5,50;7,5 Boy
5;THE HOCUS KG SK;3y a  e;GÜNGÖR BABA;SWEETHEART;58,5;E.ÇİZİK;MEHMET EMİN AKBALIK;SER.DOĞAN;5 - DS;%2.73(5);72;1:36.83;20,95;
6;FINALE DUTY KG K DB;6y d k;DUTYFREE;GRAND FINALE (USA);54 +1.60;M.KESKİN;AKIN ÖZTÜRK;A.İPEK;3;%1.25(6);78;1:45.15;27,85;
GANYAN(3) :2,70 TL, SIRALI İKİLİ(3/4) :6,20 TL, 1. ÇİFTE(2/3) :4,80 TL

3. Kosu :   15.00;ŞARTLI 5; 2 Yaşlı İngilizler; 57.00kg; 1200m; Kum;;;;Rekor Derece :1.12.68
İkramiye;;;;;Yetiştirici Primi;;;;
1.)730.000 TL;2.)292.000 TL;3.)146.000 TL;4.)73.000 TL;5.)36.500 TL;1.)219.000 TL;2.)87.600 TL;3.)43.800 TL;4.)21.900 TL;5.)10.950 TL;
At No;At İsmi;Yaş;Orijin(Baba);Orijin(Anne);Kilo;Jokey Adı;Sahip Adı;Antrenör Adı;St;AGF;H;Derece;Ganyan;Fark
1;TOM RAIDER SK ÖG;2y d  d;SMART ROBIN (JPN);QUEEN OF THE STORM;55 +0.10;MÜS.ÇELİK;RESUL ÜNLÜ;S.KAN;5;%8.13(3);43;1:15.99;4,20;Baş
2;RATTLESNAKE SK;2y k  e;GENERAL QUARTERS (USA);ŞANZELİZEM;59;G.KOCAKAYA;SEMİH KATI;M.DOLAK;6;%63.97(1);54;1:16.01;1,60;4 Boy
3;CRIMSON POWER KG DB SK;2y a  e;AGRESIVO (USA);HASMATRA;54 +0.30;N.DEMİR;DOĞANER İÇÖZ;Y.TUNCAY;4;%5.43(4);42;1:16.72;9,20;7 Boy
4;HAYRETBİŞEY SK;2y d  e;KIRCAALİ;PLAYA DEL AMOR;57;A.ÇELİK;FEDAİ KAHRAMAN;Y.ŞİMŞEK;1;%21.67(2);49;1:18.21;3,00;Uzak
5;HEP İLERİ KG K;2y d  d;ULAN BATOR;SİHİRBAZ KIZ;53 +2.00;M.KIYAK AP;BEŞİR KAYA;RAM. KAYA;2;%0.76(5);;1:56.00;29,80;
6;LEOPARDESS SK (Koşmaz);2y d  d;SUPER SAVER (USA);ORHİDEYA;55;E.ÇİZİK;GÜLİZAR YANIK;M.DOLAK;3;%0.04(6);51;Koşmaz;;
GANYAN(4) :4,20 TL, SIRALI İKİLİ(4/1) :14,60 TL, 2. ÇİFTE(3/4) :21,85 TL

4. Kosu :   15.30;Handikap 15/DHÖW/Dişi /H1; 4 ve Yukarı Araplar; kg; 2200m; Çim;;;;Rekor Derece :2.27.95
İkramiye;;;;;Yetiştirici Primi;;;;
1.)595.000 TL;2.)238.000 TL;3.)119.000 TL;4.)59.500 TL;5.)29.750 TL;1.)107.100 TL;2.)42.840 TL;3.)21.420 TL;4.)10.710 TL;5.)5.355 TL;
At No;At İsmi;Yaş;Orijin(Baba);Orijin(Anne);Kilo;Jokey Adı;Sahip Adı;Antrenör Adı;St;AGF;H;Derece;Ganyan;Fark
1;EŞAY KG DB SK;5y k k;GÜRSU;DENİZ ESİNTİSİ;56;N.DEMİR;KADİR İPEK;O.İPEK;1;%10.35(5)  %9.77(5);47;2:33.73;9,10;3,5 Boy
2;KUZGUNİ YEŞİL K;4y k k;BERKSOY;ŞENFERAH;52 +2.00;F.ÇETİNBAŞ;SUPHİYE İLERİ;C.KATI;2;%19.77(2)  %21.22(2);41;2:34.29;3,30;Burun
3;EFSANE HANIM KG K DB;4y k k;KAFKASLIEFSANESİ;HANIMCIM;53 +1.80;MÜS.ÇELİK;AHMET KAYA;HÜS.KAYA;6;%12.83(4)  %11.78(4);46;2:34.30;6,95;Yarım Boy
4;TAŞPINAR KG K DB;7y k k;KAIZBERT (RU);İDAL SULTAN;55;E.ÇİZİK;ENVER TOYDEMİR;M.DEMİROL;4;%14.63(3)  %13.73(3);45;2:34.40;5,35;3 Boy
5;PELİTSIRTI DB SK;5y k k;SİLAH;MAHREM;56,5;İSM.YILDIRIM AP;İSMAİL CANPOLAT;G.TAŞDELEN;7;%9.5(6)  %8.74(6);52;2:34.88;8,95;
6;ALLER GÜLÜ KG K;6y a k;KAMAN;DERİNCAN;61,5;G.KOCAKAYA;ARMAĞAN TURHAN;E.ÇİLEK;5;%22.55(1)  %25.65(1);58;2:35.05;3,05;
7;ALTINEKEN KG K DB;7y a k;KAIZBERT (RU);ALTINNAZLI;61;M.KIYAK AP;KEMAL YAKUP ALTIN;M.GÜNEŞ;9 - DS;%5.69(7)  %5.25(7);61;2:35.30;12,75;
8;PONÇİKTAY DB SKG SK;6y a k;BESLENEY;HASHATUN;57;M.KESKİN;KAYA KAYA;RAM. KAYA;3;%3.31(8)  %2.81(8);49;2:35.62;17,80;
9;GÖKNAZ ECE KG SKG SK;4y a k;FATİH AĞA;GÖKNAZGÜLÜ;52 +2.00;M.A.AKGÖBEK;TUNCAY YILMAZ;A.AYDIN;8;%1.37(9)  %1.04(9);28;2:37.16;41,80;
GANYAN(5) :9,10 TL, İKİLİ(5/8) :14,40 TL, SIRALI İKİLİ(5/8) :33,75 TL, 3. ÇİFTE(4/5) :78,95 TL

5. Kosu :   16.00;Handikap 16/DHÖW /H1; 4 Yaşlı Araplar; kg; 2100m; Kum;;;;Rekor Derece :2.27.20
İkramiye;;;;;Yetiştirici Primi;;;;
1.)730.000 TL;2.)292.000 TL;3.)146.000 TL;4.)73.000 TL;5.)36.500 TL;1.)131.400 TL;2.)52.560 TL;3.)26.280 TL;4.)13.140 TL;5.)6.570 TL;
At No;At İsmi;Yaş;Orijin(Baba);Orijin(Anne);Kilo;Jokey Adı;Sahip Adı;Antrenör Adı;St;AGF;H;Derece;Ganyan;Fark
1;CEZZAR BEY DB SKG SK;4y k  a;AYABAKAN;UMUTÇİÇEĞİ;53,5 +0.70;MÜS.ÇELİK;MAHMUT ÇADIRCI;KE.YILMAZ;5;%13.73(2)  %13.07(2);54;2:34.27;6,90;Boyun
2;NUSRET OĞLU KG K SK;4y k  a;DİLİRAN;ZÜLUMKAR;57,5;ER.CANKILIÇ AP;MEHMET DOĞAN;M.A.CANPOLATLI;6;%11.29(4)  %11.06(5);66;2:34.34;8,75;1 Boy
3;KETHÜDA KG K;4y k  a;ARASLI;SARIYELE;57;A.KURŞUN;MEHMET YILDIZ;H.TURAN;8;%8.92(6)  %8.95(6);61;2:34.52;13,55;3,5 Boy
4;FERAT KG DB SK;4y k  a;KURUŞAĞA;KUZGUN;52 +2.00;N.DEMİR;FİDAN GÜVEN ;M.GÜNEŞ;9;%2.18(10)  %2.14(10);41;2:35.16;40,35;Boyun
5;HIZLI İBRAHİM KG SK;4y k  a;FATİH AĞA;ERGÜL HANIM;58,5;SERH.ÇELİK AP;SEDAT SUBAY;At Sahibi;3;%5.62(7)  %5.96(7);70;2:35.21;14,20;
6;KARSAVURANLI KG DB SK;4y d  a;ÖZHABER;BALBADEMİM;58,5;A.ÇELİK;VEHBİ ATEŞ;M.A.CANPOLATLI;4;%26.55(1)  %24.82(1);64;2:35.39;2,50;
7;CİMİRİNGO KG SK;4y k  a;TAMERİNOĞLU;YILDIRIMKIZ;53 +0.20;E.ÇİZİK;SERPİL AKAN;Y.MİSDİK;10;%12.17(3)  %12.03(4);53;2:41.61;6,80;
8;GAZNELİ KG K;4y d  a;UFUKBİR;TUTUNAN;52 +2.00;F.S.M.SANSAR;SAMİ DOĞAN;Ü.ARSLAN;1;%2.69(9)  %2.8(9);38;2:42.28;35,30;
9;FATİH ŞAH;4y k  a;FATİH AĞA;YILDIZ ECE;54 +1.60;G.KOCAKAYA;MEHMET ARSLAN;M.ARSLAN;2;%10.35(5)  %12.52(3);55;2:44.03;4,15;
10;ŞAHLANTAY KG K DB;4y a  a;FİRİKYA;PRENSES AMASTRİST;50,5 +1.90;M.BAYIR;ADNAN KESKİN;T.SÜSLÜ;11 - DS;%4.92(8)  %5.13(8);48;2:53.05;14,30;
11;ZAFER YAĞMURU KG DB SK;4y k  a;NASUHOĞLU;SENİHA;52 +2.00;M.A.AKGÖBEK;MEHMET RESUL KARA;İ.KÖROĞLU;7;%1.58(11)  %1.52(11);39;2:56.47;42,15;
GANYAN(6) :6,90 TL, 1. 3'LÜ GANYAN(4/5/6) :883,40 TL, İKİLİ(2/6) :28,30 TL, SIRALI İKİLİ(6/2) :55,00 TL, ÜÇLÜ BAHİS(6/2/4) :982,80 TL, PLASE(2) :2,40 TL, PLASE(6) :2,90 TL, PLASE İKİLİ(2/4) :25,40 TL, PLASE İKİLİ(2/6) :12,70 TL, PLASE İKİLİ(4/6) :27,60 TL, 4. ÇİFTE(5/6) :76,50 TL

6. Kosu :   16.30;KV-6/DHÖW; 3 Yaşlı Araplar; 57.00kg; 1200m; Kum;;;;Rekor Derece :1.20.56
İkramiye;;;;;Yetiştirici Primi;;;;
1.)835.000 TL;2.)334.000 TL;3.)167.000 TL;4.)83.500 TL;5.)41.750 TL;1.)250.500 TL;2.)100.200 TL;3.)50.100 TL;4.)25.050 TL;5.)12.525 TL;
At No;At İsmi;Yaş;Orijin(Baba);Orijin(Anne);Kilo;Jokey Adı;Sahip Adı;Antrenör Adı;St;AGF;H;Derece;Ganyan;Fark
1;GÖHERBEYİ KG K;3y k  e;AFRİKAANDER;ZİLANIM;53 +0.40;E.ÇİZİK;ABDULKADİR ELĞAÇ;AR.KILIÇ;6;%6.35(6)  %7.04(6);40;1:23.68;11,45;1 Boy
2;BAY AHMET KG SK;3y d  e;GÜMBÜRGÜMBÜR;MEİS;55 +2.00;M.AKYAVUZ;SALİH YILDIZER;İ.AKKILIÇ;3;%18.95(3)  %19.5(3);46;1:23.81;3,70;5 Boy
3;DEDEMHAMZAREİS KG DB;3y a  e;BUMBAİ;TUMBULSABUHA;59;Ö.YILDIRIM;MAHMUT TURAN;S.POLAT;4;%31.37(1)  %30.03(1);63;1:24.66;2,15;1 Boy
4;PARSIBEY K;3y d  e;YILMABAŞAR;UZUN İREM;53 +1.30;F.S.M.SANSAR;ÜMİT ARSLAN;Ü.ARSLAN;1;%3.48(7)  %3.82(7);40;1:24.82;17,00;5,5 Boy
5;HÜKÜMLÜ KG SK;3y d  e;SAADIN GÜCÜ;KISRAK GÜZELİ;56 +2.00;S.KAYA;SELAMİ KIZILKAYA;AYC.POLAT;5;%22.36(2)  %22.9(2);58;1:25.72;4,65;
6;BOZKIR YİĞİDİ KG DB SK;3y k  e;OĞUZBOYLU;GÖKÇEADA;57;M.S.ÇELİK;BEŞİR KAYA;RAM. KAYA;8;%8.17(5)  %7.94(5);51;1:26.77;9,40;
7;HİFANINOĞLU KG DB SK;3y a  e;ORHUNKAAN;HİFACAN;54 +2.00;A.KURŞUN;KEMAL UÇAK;M.DEMİROL;9;%7.37(4)  %7.39(4);35;1:29.34;7,10;
8;İNAN OTUZYEDİ KG K DB;3y k  e;ADALETLİKASIRGA;ŞEHBALKIZ;54 +2.00;ER.CANKILIÇ AP;KEMAL UÇAK;M.DEMİROL;7;%1.49(4)  %1.28(4);34;1:30.26;7,10;
9;ERBAŞKAN KG SK (Koşmaz);3y a  e;GÜMBÜRGÜMBÜR;RIFKİYE;57;G.KOCAKAYA;ALİCAN BAYRAM;E.TURAN;2;%0.46(8)  %0.11(8);57;Koşmaz;;
[(7)HİFANINOĞLU,(8)İNAN OTUZYEDİ,] eküridir.GANYAN(6) :11,45 TL, 1. 6'LI GANYAN(2/3/4/5/6/6) :64.556,18 TL, 1. 5'Lİ GANYAN(3/4/5/6/6) :24.921,97 TL, İKİLİ(4/6) :16,85 TL, SIRALI İKİLİ(6/4) :52,00 TL, ÜÇLÜ BAHİS(6/4/1) :307,70 TL, PLASE(4) :1,75 TL, PLASE(6) :1,75 TL, 5. ÇİFTE(6/6) :87,50 TL

7. Kosu :   17.00;Maiden; 3 Yaşlı İngilizler; 58.00kg; 1400m; Çim;;;;Rekor Derece :1.21.74
İkramiye;;;;;Yetiştirici Primi;;;;
1.)600.000 TL;2.)240.000 TL;3.)120.000 TL;4.)60.000 TL;5.)30.000 TL;1.)144.000 TL;2.)57.600 TL;3.)28.800 TL;4.)14.400 TL;5.)7.200 TL;
At No;At İsmi;Yaş;Orijin(Baba);Orijin(Anne);Kilo;Jokey Adı;Sahip Adı;Antrenör Adı;St;AGF;H;Derece;Ganyan;Fark
1;SILKY PEARL KG SK;3y d  d;NATIVE KHAN (FR);MYSTICAL STORM;56;M.KESKİN;AKIN ÖZTÜRK;A.İPEK;7;%3.69(7);;1:24.53;17,25;Yarım Boy
2;SULTANA KG DB SK;3y d  d;FINESSE;NAYMAN SULTAN;61;A.KURŞUN;KERİM YILDIRIM;Y.TUNCAY;11 - DS;%20.29(2);41;1:24.61;4,10;1,5  Boy
3;KARLOVASİ DB SK;3y d  d;KLIMT (USA);KARLIOVA;59;ER.CANKILIÇ AP;A.SEDA ÖZBELGE;İ.TEMEL;5;%28.69(1);36;1:24.82;2,35;4 Boy
4;EARTHQUAKE KG SK;3y a  e;SADLER'S JOY (USA);DREAMING OF STELLA (IRE);61;M.G.ARSLAN;MAHMUT SEVİM;R.TAŞDELEN;1;%3.99(6);34;1:25.39;13,10;1,5  Boy
5;MRS NİLŞAH KG DB SK;3y d  d;EPAULETTE (AUS);PARTY LOVER;56 +0.20;İSM.YILDIRIM AP;ALPER KARA;İB.B.OĞULLARI;2;%9.82(5);30;1:25.60;6,35;
6;ORION SKY KG DB SK;3y d  e;PAPA CLEM (USA);HAUNTING (USA);58;E.ÇİZİK;ASLAN TEPELİ;KAD.BALTACI;10;%2.33(8);8;1:25.67;20,10;
7;BERRYWING KG K;3y d  d;TRAPPE SHOT (USA);MAGNIFICA PRESENZA;56 +0.40;B.KILINÇ;AHMET İSTANBULLU;O.GİRİŞKİN;9;%0.72(11);;1:25.77;49,75;
8;CHESTA HEDRON KG DB SK;3y d  e;BODEMEISTER (USA);NO MORE STRIKE;58;MÜS.ÇELİK;ERDAL ÖZTÜRK;U.KULAK;4;%12.95(4);26;1:26.05;7,30;
9;BE RIGHT BACK KG K DB;3y d  d;TOROK (IRE);HOPPA;56;U.TEMUR;ANNA KÖSEALİ;HÜS.TEKİNALP;3;%1.52(9);26;1:26.62;29,75;
10;NORTH DANCER DB SK;3y d  e;AUTHORIZED (IRE);ANTIOXIDANT;58;Ö.YILDIRIM;BORA GÖVEREN;Ş.GÜMÜŞ;8;%15.05(3);;1:27.73;8,40;
11;MY DREAM HORSE KG K DB;3y d  d;EPAULETTE (AUS);PASAKLI KONTES;59;N.DEMİR;ÖMERCAN EROĞLU;E.ACER;6;%0.94(10);28;1:29.40;50,05;
GANYAN(11) :17,25 TL, İKİLİ(5/11) :47,60 TL, SIRALI İKİLİ(11/5) :180,90 TL, ÜÇLÜ BAHİS(11/5/6) :768,20 TL, PLASE(11) :3,45 TL, PLASE(5) :2,55 TL, PLASE İKİLİ(5/11) :43,30 TL, PLASE İKİLİ(5/6) :4,10 TL, PLASE İKİLİ(6/11) :22,00 TL, 6. ÇİFTE(6/11) :216,60 TL

8. Kosu :   17.30;ŞARTLI 5/Dişi; 3 ve Yukarı İngilizler; 54.00kg; 60.00 kg; 60.50 kg; 2200m; Çim;;;;Rekor Derece :2.13.74
İkramiye;;;;;Yetiştirici Primi;;;;
1.)730.000 TL;2.)292.000 TL;3.)146.000 TL;4.)73.000 TL;5.)36.500 TL;1.)131.400 TL;2.)52.560 TL;3.)26.280 TL;4.)13.140 TL;5.)6.570 TL;
At No;At İsmi;Yaş;Orijin(Baba);Orijin(Anne);Kilo;Jokey Adı;Sahip Adı;Antrenör Adı;St;AGF;H;Derece;Ganyan;Fark
1;LOVE SEA K;4y d k;SMART ROBIN (JPN);MONTA TAMARA;56 +1.00;M.AKYAVUZ;BEKİR AKYAVUZ;E.AKYAVUZ;3;%5.17(4);69;2:17.60;12,95;Baş
2;MELIAN THE MAIA DB SKG SK;4y d k;TOROK (IRE);PÜRÜPAK;56;E.ÇİZİK;ATAKAN YAZICIOĞLU;İ.KÖROĞLU;2;%14.64(3);74;2:17.62;5,50;3,5 Boy
3;GENGAR KG DB SK;4y d k;PAPA CLEM (USA);HIPNOZ (USA);56;A.ÇELİK;FERHAN GÖKTÜRK;İS.TEKİNALP;6;%51.29(1);82;2:18.12;1,55;1 Boy
4;FORLORN K SKG;7y d k;PAPA CLEM (USA);THE PROFESSIONEL;56,5;MÜS.ÇELİK;MEHMET AKGÜL;A.ÇIKMAN;5;%4.91(5);87;2:18.28;14,05;1,5  Boy
5;ESTIMATE SK;6y d k;SMART ROBIN (JPN);QUEEN GAIA;60,5;M.S.ÇELİK;SEHER ETİ;A.ÇIKMAN;1;%21.1(2);96;2:18.51;3,55;
6;ALAMETİ FARİKA K DB;3y d  d;TOCCET (USA);PRENSES GÖZDE;57;M.BAYIR;MURAT KARA;İ.ÇEÇAN;4;%2.89(6);61;2:18.77;10,10;
GANYAN(5) :12,95 TL, SIRALI İKİLİ(5/6) :72,50 TL, 7. ÇİFTE(11/5) :366,50 TL

9. Kosu :   18.00;Maiden; 3 Yaşlı İngilizler; 58.00kg; 1400m; Çim;;;;Rekor Derece :1.21.74
İkramiye;;;;;Yetiştirici Primi;;;;
1.)600.000 TL;2.)240.000 TL;3.)120.000 TL;4.)60.000 TL;5.)30.000 TL;1.)144.000 TL;2.)57.600 TL;3.)28.800 TL;4.)14.400 TL;5.)7.200 TL;
At No;At İsmi;Yaş;Orijin(Baba);Orijin(Anne);Kilo;Jokey Adı;Sahip Adı;Antrenör Adı;St;AGF;H;Derece;Ganyan;Fark
1;PEVRUL KG DB SK;3y d  e;VICTORY GALLOP (CAN);PHANTASTIC (GER);60;M.S.ÇELİK;GÜN E. İÇER;İB.B.OĞULLARI;8;%53.48(1);36;1:25.37;1,30;4 Boy
2;O PAPATYA KG SK;3y d  d;BLUEGRASS CAT (USA);MIDAS LIFE;56;M.A.AKGÖBEK;SABAHADDİN ASLAN;Y.TUNCAY;6;%0.4(10);9;1:25.99;43,10;1 Boy
3;LAGARİ DB SK;3y d  e;BLUEGRASS CAT (USA);HALLEY;58;A.ÇELİK;İSA YÜKSEL;KAD.BALTACI;9;%13.49(3);26;1:26.10;6,65;1 Boy
4;PALAÇİNKA KG SK;3y d  e;MYBOYCHARLIE (IRE);NO CHARGE (IRE);58;F.S.M.SANSAR;HAKAN DİNKÇİOĞLU;M.ALAÇAM;1;%6.48(4);21;1:26.23;12,00;1 Boy
5;MAXIMAND SKG SK;3y d  d;BODEMEISTER (USA);KENDULA;56;E.ÇİZİK;M.GARİP ELĞAÇ;AR.KILIÇ;2;%14.75(2);14;1:26.39;10,00;
6;METALIVE DB SK;3y a  d;GRAYSTORM;EVADING (USA);56;U.TEMUR;AHMET GÜZELOCAK;O.BULUT;4;%0.68(8);17;1:27.15;44,80;
7;SHAREHOLDER KG DB SK;3y d  e;VICTOIRE PISA (JPN);LUCKY NUMBER;61;A.KURŞUN;SELİM KAYA;HÜS.KAYA;12;%5.16(5);32;1:27.61;10,70;
8;SON OF YAŞAR DB SKG SK;3y d  e;JUNGLE MAN;WINNER TUANA;58;M.KESKİN;GÜLPINAR AYVAZ;Y.ÇAĞLAR;3;%0.63(9);18;1:29.23;35,90;
9;ASTRAEA K;3y d  d;GENERAL QUARTERS (USA);ARZANANA;56;N.DEMİR;HAKKI BAY;At Sahibi;10;%0.78(7);8;1:31.05;32,00;
10;SKORPERİ KG SK;3y d  d;BATTLEGROUND (USA);SHADY LADY;56 +0.30;M.G.ARSLAN;AYTEKİN ŞEN;M.ÖZYİĞİT;11;%1.69(6);;1:34.16;19,45;
11;RUNNER ON RIVER (Koşmaz);3y d  d;TOUCH THE WOLF;GLORIA MUNDI;56;O.AÇAR AP;M.GARİP ELĞAÇ;AR.KILIÇ;5;%2.45(11);34;Koşmaz;;
12;GREAT ANGEL (Koşmaz);3y a  d;PERFECT STORM;GENÇ ANGEL;52;K.YİĞİT AP;ADNAN KESKİN;T.SÜSLÜ;7;%0(12);25;Koşmaz;;
[(9)MAXIMAND,(6)RUNNER ON RIVER,] eküridir.GANYAN(2) :1,30 TL, 7'Lİ PLASE(1,3,4/5,8/2,6/4,6/5,11/5,6/2,6,8,9,11) :1.337,60 TL, 2. 6'LI GANYAN(5/6/6/11/5/2,6,8,9) :939.932,93 TL, 2. 5'Lİ GANYAN(6/6/11/5/2,6,8,9) :64.561,27 TL, 4'LÜ GANYAN(6/11/5/2,6,8,9) :7.939,66 TL, 2. 3'LÜ GANYAN(11/5/2,6,8,9) :645,20 TL, İKİLİ(2/11) :59,10 TL, SIRALI İKİLİ(2/11) :63,75 TL, PLASE(11) :1,05 TL, PLASE(2) :1,05 TL, PLASE İKİLİ(2/11) :21,50 TL, PLASE İKİLİ(2/3) :4,30 TL, PLASE İKİLİ(3/11) :68,80 TL, SIRALI 5 Lİ BAHİS(2/11/3/4/9) :14.808,00 TL, TABELA BAHİS(2/11/3/4) :2.172,07 TL Çıkan 1 Atla: 16,35 TL, TABELA BAHİS SIRASIZ(2/11/3/4) :32,77 TL, 8. ÇİFTE(5/2) :28,65 TL, 7'Lİ GANYAN(4/5/6/6/11/5/2,6,8,9) :Bilen çıkmamıştır, 436,783.32 TL devretmiştir.

