İstanbul;(28. Yarış Günü);17/06/2026
1. Kosu :   14.30;Handikap 15 /H2; 3 Yaşlı İngilizler; kg; 1600m; Çim;;;;Rekor Derece :1.33.05
İkramiye;;;;;Yetiştirici Primi;;;;
1.)595.000 TL;2.)238.000 TL;3.)119.000 TL;4.)59.500 TL;5.)29.750 TL;1.)107.100 TL;2.)42.840 TL;3.)21.420 TL;4.)10.710 TL;5.)5.355 TL;
At No;At İsmi;Yaş;Orijin(Baba);Orijin(Anne);Kilo;Jokey Adı;Sahip Adı;Antrenör Adı;St;AGF;H;Derece;Ganyan;Fark
1;ŞEKER ASLAN K DB;3y d  e;EPAULETTE (AUS);KESME ŞEKER;55;V.ABİŞ;UMUT HEPSAĞ;İB.B.OĞULLARI;4;%14.07(4);41;1:36.67;3,70;1,5  Boy
2;DAMPERLİ K;3y d  g;SHARP KNIFE (USA);LADY KRAKOW;54;Y.GÖKÇE AP;ERSİN ERDEM;C.TURAN;6;%21.97(1);45;1:36.88;3,30;3 Boy
3;ANGEL ON THE WING KG K DB;3y d  e;AIR VICE MARSHAL (USA);LIVE TO WIN;58,5;A.YILDIZ;TAMER AKSU;U.TEMUÇİN;5;%10.57(6);48;1:37.33;3,80;2,5 Boy
4;EL REY ESCORPİON SK;3y d  e;PAPA CLEM (USA);KILL BILL;59;A.MEH.ALTIN AP;SEMİH KATI;H.SUNKAR;1;%2.49(8);53;1:37.68;18,55;Yarım Boy
5;ROYAL TOUCH K DB;3y d  d;TOUCH THE WOLF;LEGEDEMA;60;A.KURŞUN;KEMAL KURT;M.AYDOĞDİ;9 - DS;%10.61(5);51;1:37.73;8,50;
6;LION ICARDI SK;3y d  e;HAKEEM (USA);YEŞİL ELMA;60,5;M.KAYA;MEHMET KORKMAZ;M.KORKMAZ;8;%14.4(3);52;1:37.86;5,85;
7;MEKANSIZ KRAL KG SK;3y d  e;INVINCIBLE SON (IRE);GREEN SABLE;56;A.ASLAN;YILMAZ TEKİNALP;Ö.GÜNELİ;3;%5.51(7);43;1:38.02;8,00;
8;WEEPING SONG KG DB;3y d  d;NATIVE KHAN (FR);WHITE LILY;57;G.KOCAKAYA;V.İBRAHİM ARACI;E.USLU;7;%18.59(2);45;1:38.95;6,90;
9;PANCHO SK ÖG;3y d  e;KANEKO;SALAMIS;59,5;E.ÇANKAYA;GÜLİZAR YANIK;H.SUNKAR;2;%1.79(9);50;1:45.83;25,00;
GANYAN(9) :3,70 TL, İKİLİ(6/9) :8,40 TL, SIRALI İKİLİ(9/6) :20,85 TL

2. Kosu :   15.00;Maiden/Dişi; 2 Yaşlı İngilizler; 57.00kg; 1100m; Çim;;;;Rekor Derece :1.02.93
İkramiye;;;;;Yetiştirici Primi;;;;
1.)600.000 TL;2.)240.000 TL;3.)120.000 TL;4.)60.000 TL;5.)30.000 TL;1.)180.000 TL;2.)72.000 TL;3.)36.000 TL;4.)18.000 TL;5.)9.000 TL;
At No;At İsmi;Yaş;Orijin(Baba);Orijin(Anne);Kilo;Jokey Adı;Sahip Adı;Antrenör Adı;St;AGF;H;Derece;Ganyan;Fark
1;BACKTRACK KG K DB ÖG;2y d  d;MASTER PATRICK (IRE);LUCEAFAR;57;A.YILDIZ;ORHAN KİBAR;S.ÇİFTÇİ;2;%23.39(2);;1:06.21;3,10;2 Boy
2;KIR BUMERANG SKG SK;2y k  d;FINESSE;KREMA;57 +0.50;H.ÇİZİK;MEHMET NUR BECENE;S.BECENE;4;%20.67(3);;1:06.50;3,10;3 Boy
3;LA PERLE RARE DB SK;2y a  d;DREAM AHEAD (USA);AKRANTI (GB);57 +0.20;E.ÇANKAYA;İSHAK ŞAHİN;H.SUNKAR;1;%18.62(4);30;1:06.99;4,95;5 Boy
4;ROYAL ANGEL KG K;2y d  d;ELARQAM (GB);MCGONAGALL;57 +2.00;S.BOYRAZ;G.MELEK ATEŞ;S.TEMEL;7;%6.18(6);;1:07.80;8,90;3,5 Boy
5;BELIEVER KG K DB;2y d  d;AGRESIVO (USA);SHUSIENAE;57;MÜS.ÇELİK;SERDAL ADALI;K.ARDA;6;%24.15(1);;1:08.36;2,35;
6;THE ROOKIE GIRL KG K;2y d  d;KLUGER (JPN);BALIMBİR;57;M.KAYA;YAŞAR ERDEM;E.KAYA;3;%6.92(5);;1:09.27;9,10;
7;LA JOYA SK (Koşmaz);2y d  d;INTELLO (GER);MAARIYAH (FR);57;O.FİDAN AP;İSHAK ŞAHİN;M.DOLAK;5;%0.03(8);;Koşmaz;;
8;LA MUNECA SK (Koşmaz);2y k  d;THE GREY GATSBY (IRE);HIORT (IRE);57;O.AKGÖNÜL AP;MEHMET ALİ KATI;M.DOLAK;8;%0.04(7);;Koşmaz;;
[(6)LA PERLE RARE,(4)LA JOYA,] eküridir.GANYAN(1) :3,10 TL, İKİLİ(1/3) :6,70 TL, SIRALI İKİLİ(1/3) :12,50 TL, ÜÇLÜ BAHİS(1/3/6) :66,60 TL, PLASE() :İade, 1. ÇİFTE(9/1) :20,90 TL

3. Kosu :   15.30;Handikap 15/DHÖ /H2; 4 Yaşlı Araplar; kg; 2000m; Sentetik;;;;Rekor Derece :2.14.52
İkramiye;;;;;Yetiştirici Primi;;;;
1.)595.000 TL;2.)238.000 TL;3.)119.000 TL;4.)59.500 TL;5.)29.750 TL;1.)107.100 TL;2.)42.840 TL;3.)21.420 TL;4.)10.710 TL;5.)5.355 TL;
At No;At İsmi;Yaş;Orijin(Baba);Orijin(Anne);Kilo;Jokey Adı;Sahip Adı;Antrenör Adı;St;AGF;H;Derece;Ganyan;Fark
1;CANEYMEN KG DB;4y k  a;MADRABAZ;İLKADIM;61;M.KAYA;MEHMET BULANIK;KE.YILMAZ;5;%4.25(7)  %4.56(7);57;2:19.69;11,35;3 Boy
2;GRİNGO KG DB SK;4y k  a;DİLİRAN;KADRUŞ;58;E.BOZDAĞ;CEM ÖZBELGE;T.İBİŞ;4;%12.25(4)  %11.89(5);51;2:20.15;7,70;Yarım Boy
3;GÖKSAGUN SK;4y k  a;ONURKAAN;MAVERA;53 +1.50;A.YILDIZ;MUHAMMET ALİ KILIÇ;GÖK.GÖKÇE;10 - DS;%2.99(8)  %3.28(8);41;2:20.24;19,85;Baş
4;CİMİRİNGO KG SK;4y k  a;TAMERİNOĞLU;YILDIRIMKIZ;56;M.KEÇECİ AP;SERPİL AKAN;B.İLVAN;3;%22.83(1)  %22.86(1);51;2:20.28;3,45;1 Boy
5;GENÇYÜREK KG DB;4y k  a;COŞARTAY;ÖZGÖKÇE;57;G.KOCAKAYA;FATMA YONCA KADI;Y.ÖZTAŞ;2;%19.53(2)  %18.6(2);49;2:20.42;3,35;
6;İNZİBAT KG DB SK;4y d  a;ÖZGÜNHAN;ÖZGÜR NAZ;56,5;V.ABİŞ;NECATİ DEMİRKOL;Z.GÜNELİ;6;%18.16(3)  %17.91(3);48;2:22.59;3,30;
7;MEGAFAUNA KG SK;4y k  a;ÖZHABER;TAMBORA;55;B.AKÇAY;H.TARIK DİKENCİK;M.ÖZGÜL;8;%5.6(6)  %5.57(6);45;2:22.94;16,65;
8;TANJU BEY KG DB SK;4y k  a;TAMERİNOĞLU;BEYAZ ALTIN;54 +0.70;A.ASLAN;M.LEVENT TOPSAKAL;MİR.İPEK;9;%2.32(9)  %2.36(9);43;2:24.52;20,55;
9;BEYAZ ALEV DB;4y a  a;HABERKAN;TURBOER;52 +2.00;Y.Ş.GÜMÜŞ AP;ÖNDER BAHAR;A.TEKDEMİR;7;%0.75(10)  %0.78(10);16;2:25.73;42,00;
10;RÜZGARIN ŞAHI KG;4y k  a;AYABAKAN;ELMASBİKE;52 +2.00;G.ÖZÇELİK;EMRE KOÇ;BET.YILDIRIM;1;%11.32(5)  %12.18(4);38;2:26.78;5,15;
GANYAN(1) :11,35 TL, İKİLİ(1/3) :85,00 TL, SIRALI İKİLİ(1/3) :154,10 TL, 2. ÇİFTE(1/1) :84,05 TL

4. Kosu :   16.00;Maiden/Dişi; 2 Yaşlı İngilizler; 57.00kg; 1100m; Çim;;;;Rekor Derece :1.02.93
İkramiye;;;;;Yetiştirici Primi;;;;
1.)600.000 TL;2.)240.000 TL;3.)120.000 TL;4.)60.000 TL;5.)30.000 TL;1.)180.000 TL;2.)72.000 TL;3.)36.000 TL;4.)18.000 TL;5.)9.000 TL;
At No;At İsmi;Yaş;Orijin(Baba);Orijin(Anne);Kilo;Jokey Adı;Sahip Adı;Antrenör Adı;St;AGF;H;Derece;Ganyan;Fark
1;KRALİÇE BADE KG DB;2y d  d;HERE TO FLY;LADY MINIGUN;57;V.ABİŞ;SÜLEYMAN AKGÜMÜŞ;B.AKBULUT;3;%5.41(6)  %5.77(6);;1:05.74;12,50;Baş
2;NATIVE MELODY;2y d  d;PINATUBO (IRE);HEYWA (IRE);57;G.KOCAKAYA;V.İBRAHİM ARACI;E.USLU;4;%34.18(1)  %33.68(1);;1:05.76;1,50;Burun
3;DELICIAS TURCAS SK;2y k  d;NATIVE KHAN (FR);LOKUM;57 +0.10;E.ÇANKAYA;SEMİH KATI;H.SUNKAR;6;%16.5(3)  %16.44(3);31;1:05.77;4,45;4 Boy
4;SECRET OF DRAGON KG K;2y d  d;SATONO ARES (JPN);UMAY;57;M.S.ÇELİK;ENGİN ATEŞLER;BAY.GÜL;8;%25.86(2)  %24.06(2);;1:06.32;3,65;1 Boy
5;KIMDRAKA SK;2y a  d;KLIMT (USA);DRAKA;57;E.AKTUĞ;MURAT KADAİFÇİOĞLU;MİR.İPEK;1;%10.15(4)  %11.21(4);;1:06.49;6,90;
6;SILENT DEEP KG SK;2y d  d;ELARQAM (GB);ROYAL CHICK;57;MÜS.ÇELİK;SERDAL ADALI;K.ARDA;5;%5.43(5)  %6.43(5);;1:06.92;14,20;
7;WISH YOU WERE HERE SK;2y d  d;LUXOR;MINERVA MCGONAGALL;57;G.ÖZÇELİK;SEMİH KATI;H.SUNKAR;7;%1.39(3)  %1.26(3);;1:07.45;4,45;
8;SILVER RISING DB SK;2y k  d;GENERAL QUARTERS (USA);HOŞGÖRÜ;57;HAK.YILDIZ;ÖZGÜR KÜÇÜKERMAN;AT.GÖKÇE;2;%1.08(7)  %1.16(7);;1:07.62;34,30;
[(1)DELICIAS TURCAS,(8)WISH YOU WERE HERE,] eküridir.GANYAN(3) :12,50 TL, 1. 3'LÜ GANYAN(1/1/3) :1.602,60 TL, İKİLİ(3/4) :18,50 TL, SIRALI İKİLİ(3/4) :59,00 TL, ÜÇLÜ BAHİS(3/4/1) :497,10 TL, PLASE(3) :5,60 TL, PLASE(4) :1,35 TL, 3. ÇİFTE(1/3) :181,95 TL

5. Kosu :   16.30;KV-7/DHÖW; 4 ve Yukarı Araplar; 58.00kg; 60.00 kg; 1900m; Çim;;;;Rekor Derece :2.04.59
İkramiye;;;;;Yetiştirici Primi;;;;
1.)975.000 TL;2.)390.000 TL;3.)195.000 TL;4.)97.500 TL;5.)48.750 TL;1.)234.000 TL;2.)93.600 TL;3.)46.800 TL;4.)23.400 TL;5.)11.700 TL;
At No;At İsmi;Yaş;Orijin(Baba);Orijin(Anne);Kilo;Jokey Adı;Sahip Adı;Antrenör Adı;St;AGF;H;Derece;Ganyan;Fark
1;İSYANINOĞLU K DB;4y k  a;FATİH AĞA;YILDIZ TÜRE;60;G.KOCAKAYA;VELİT ARTUN;S.BECENE;5;%55.45(1)  %50.71(1);95;2:07.58;1,40;1,5  Boy
2;AZİMLİ KG;6y a  a;KAIZBERT (RU);CAN NUR;60;H.ÇİZİK;EMİN TURAN;H.ATAŞ;6;%16.8(2)  %17.56(2);97;2:07.80;4,00;Boyun
3;ERSANŞAH;5y k  a;TAMERİNOĞLU;GIRL (US);57;V.ABİŞ;ERSAN ÖZBELGE;T.ŞİT;4;%7.59(4)  %8.69(4);98;2:07.83;7,50;2 Boy
4;GİRDABIN OĞLU KG SK;6y d  a;BABA MEVLÜT;GİRDAP;57;A.YILDIZ;MEHMET KAHRAMAN;E.ÇUKURKAŞ;2;%3.24(6)  %3.71(6);94;2:08.11;10,40;2 Boy
5;SEYRET BENİ SKG SK;5y k  a;SERHANTAY;İRGÜN;60;E.ÇANKAYA;SUPHİ AKYAVUZ;S.AKYAVUZ;7;%12.13(3)  %14.03(3);91;2:08.39;4,45;
6;METİNCİM DB SK;4y a  a;UÇANBEY;KARAGÜLÜM;60;A.KURŞUN;M.TEVFİK DEVRİMCİ;K.GÜNEŞ;1;%4.23(5)  %5.06(5);89;2:08.91;12,95;
7;DEMİRHAN TAYI KG DB SK (Koşmaz);4y k  a;OĞLUM BURAK;SER CARİYE;58;E.ÇİZİK;MESUT ALTAY;H.DEMİR;3;%0.56(7)  %0.24(7);79;Koşmaz;;
GANYAN(2) :1,40 TL, İKİLİ(1/2) :2,55 TL, SIRALI İKİLİ(2/1) :3,75 TL, ÜÇLÜ BAHİS(2/1/6) :26,10 TL Çıkan 1 Atla: 5,10 TL, 4. ÇİFTE(3/2) :49,45 TL

6. Kosu :  GÖZ NURUNU KORUMA VAKFI KOŞUSU 17.00;KV-6/DHÖW/Dişi; 3 Yaşlı Araplar; 57.00kg; 1200m; Çim;;;;Rekor Derece :1.16.50
İkramiye;;;;;Yetiştirici Primi;;;;
1.)835.000 TL;2.)334.000 TL;3.)167.000 TL;4.)83.500 TL;5.)41.750 TL;1.)250.500 TL;2.)100.200 TL;3.)50.100 TL;4.)25.050 TL;5.)12.525 TL;
At No;At İsmi;Yaş;Orijin(Baba);Orijin(Anne);Kilo;Jokey Adı;Sahip Adı;Antrenör Adı;St;AGF;H;Derece;Ganyan;Fark
1;AYLAK KIZ KG K;3y k  d;TALİPHAN;GÜLGÜNKIZ;54 +0.20;E.ÇİZİK;AHMET GÜNER;AL.ÇİZİK;1;%15.58(3)  %17.34(3);47;1:18.33;4,45;1 Boy
2;ARABİAN KG K;3y a  d;GÜMBÜRGÜMBÜR;NESLİNAZ;55;V.ABİŞ;EMRE YAVUZ;S.BECENE;5;%47.53(1)  %44.79(1);48;1:18.46;1,75;3 Boy
3;QUEEN HANIM KG SK;3y k  d;AFRİKAANDER;HANIM ABLA;54 +0.70;E.AKTUĞ;MEHMET UÇAR;Y.UÇAR;4;%5.37(5)  %5.4(5);35;1:18.89;7,05;4 Boy
4;ALBASTI TAY KG K;3y a  d;AYABAKAN;GECE ATEŞİ;57;MÜS.ÇELİK;TUBA GÖRER;G.SUBAŞI;2;%24.29(2)  %24.65(2);49;1:19.50;2,20;Baş
5;ALADAĞLAR KG K;3y a  d;GELİBOLU;SARIYAZMA;54 +0.70;A.YILDIZ;TAMER AKSU;U.TEMUÇİN;3;%7.23(4)  %7.82(4);44;1:19.54;9,65;
GANYAN(4) :4,45 TL, 1. 6'LI GANYAN(9/1/1/3/2,5/4) :111.175,25 TL, SIRALI İKİLİ(4/2) :10,80 TL, 5. ÇİFTE(2/4) :9,50 TL

7. Kosu :   17.30;SATIŞ 3; 3 ve Yukarı İngilizler; 54.00kg; 60.00 kg; 60.00 kg; 1200m; Çim;;;;Rekor Derece :1.08.52
İkramiye;;;;;Yetiştirici Primi;;;;
1.)630.000 TL;2.)252.000 TL;3.)126.000 TL;4.)63.000 TL;5.)31.500 TL;1.)151.200 TL;2.)60.480 TL;3.)30.240 TL;4.)15.120 TL;5.)7.560 TL;
At No;At İsmi;Yaş;Orijin(Baba);Orijin(Anne);Kilo;Jokey Adı;Sahip Adı;Antrenör Adı;St;AGF;H;Derece;Ganyan;Fark
1;BOLD LION KG DB SK;4y k  a;GRAYSTORM;GURU RINPOCHE;60;G.KOCAKAYA;FEVZİ YILMAZ;KE.YILMAZ;1;%40.97(1);89;1:10.72;1,75;5 Boy
2;VICTORY MATRA KG SK;4y d k;KIRDEMİRKIR;KÜÇÜK MATRA;56 +0.80;H.ÇİZİK;MAHMUT KARAKEÇİ;AR.KILIÇ;8;%9.62(3);82;1:11.48;7,20;1 Boy
3;NART ATEŞİ DB SK;4y d  a;MAKE BELIEVE (GB);KAMILI (IRE);55 +1.10;A.KURŞUN;ONUR DİLBAZ;İB.B.OĞULLARI;10 - DS;%27.25(2);94;1:11.63;2,60;2 Boy
4;FLYING JO K DB;5y d k;MYBOYCHARLIE (IRE);FLO JO;53 +2.00;B.AKÇAY;YUNUS EMRE DOLU;K.MELİKE;9 - DS;%0.68(10);50;1:11.89;45,45;4,5 Boy
5;VAHŞİ BAWIKAL KG DB SK;4y a  a;BAWIKAL;QUENN LALA;55;GÖK.BEKTAŞ;MAHMUT CANLIKA;MAH.BAYKARA;3;%0.81(8);51;1:12.56;43,45;
6;SUPER CHIRON DB SK;5y k  a;GRAYSTORM;HECTORINE;55 +1.60;M.ÇELİK AP;YUSUF EREN AKSU;HÜS.KARABULUT;2;%9.1(4);87;1:12.63;6,70;
7;ALASER KG K;4y d  a;KLUGER (JPN);RIVER OF LOVE;55 +0.60;E.BOZDAĞ;MAZLUM TURAN;TU.TURAN;6;%1.5(6);45;1:12.88;30,65;
8;SARMAT DB SKG SK;4y d  a;SUPER SAVER (USA);GABRIEL;55;R.KURT AP;MEHMET EMİN DEMİRKAPU;MAH.BAYKARA;5;%0.72(9);59;1:13.62;39,35;
9;ACROMANTULA DB SK;4y d k;MYBOYCHARLIE (IRE);KANAFANI (USA);56;E.AKTUĞ;MURAT KADAİFÇİOĞLU;MİR.İPEK;4;%1.31(7);48;1:14.06;29,05;
10;EUROFIGHTER KG DB SK;3y d  e;HAKEEM (USA);HAYAL;54 +2.00;A.MEH.ALTIN AP;SONGÜL ŞİMŞEK;N.KAYA;7;%8.03(5);47;Derecesiz;8,45;
GANYAN(1) :1,75 TL, İKİLİ(1/3) :10,05 TL, SIRALI İKİLİ(1/3) :12,35 TL, ÜÇLÜ BAHİS(1/3/5) :66,40 TL, PLASE(1) :1,20 TL, PLASE(3) :2,25 TL, PLASE İKİLİ(1/3) :5,30 TL, PLASE İKİLİ(1/5) :2,90 TL, PLASE İKİLİ(3/5) :4,20 TL, 6. ÇİFTE(4/1) :13,90 TL

8. Kosu :   18.00;ŞARTLI 4/Dişi; 3 Yaşlı İngilizler; 58.00kg; 2100m; Çim;;;;Rekor Derece :2.06.90
İkramiye;;;;;Yetiştirici Primi;;;;
1.)595.000 TL;2.)238.000 TL;3.)119.000 TL;4.)59.500 TL;5.)29.750 TL;1.)107.100 TL;2.)42.840 TL;3.)21.420 TL;4.)10.710 TL;5.)5.355 TL;
At No;At İsmi;Yaş;Orijin(Baba);Orijin(Anne);Kilo;Jokey Adı;Sahip Adı;Antrenör Adı;St;AGF;H;Derece;Ganyan;Fark
1;HENNAS SPOON KG DB SK;3y d  d;KLIMT (USA);LAMBOURN;54 +1.00;G.KOCAKAYA;ÖMER FARUK YASAK;İB.B.OĞULLARI;7;%27.32(1);51;2:10.89;2,40;Yarım Boy
2;THE ANATOLIAN SKG SK;3y d  d;TILSIT (USA);CARPE KOI;54 +0.60;A.ASLAN;TUĞBA BABACAN;M.E.AVCI;3;%3.26(8);46;2:10.96;19,65;Boyun
3;RICHWOOD;3y d  d;KANEKO;REACTIVE (GER);55 +1.20;M.KAYA;HAKAN YÜCETÜRK;KE.YILMAZ;5;%14.95(3);46;2:10.99;5,10;5 Boy
4;HAŞARI SK;3y d  d;EPAULETTE (AUS);ELADA;54 +2.00;H.ÇİZİK;SELÇUK ACAR;Ö.GÜNELİ;9;%2.95(9);31;2:11.79;16,40;3 Boy
5;VEN CONMİGO K;3y d  d;MYBOYCHARLIE (IRE);GLEN;52 +1.40;Y.GÖKÇE AP;SEMİH KATI;H.SUNKAR;6;%1.1(6);39;2:12.26;9,80;
6;MAGICAL FLOWER K;3y d  d;WAR CORRESPONDENT (USA);NORTHERN WARRIOR;55;A.KAÇMAZ;SEMA ULAŞ;H.YÜZBAŞI;11 - DS;%18.08(2);53;2:12.27;3,50;
7;BOLD STEPS K;3y d  d;BODEMEISTER (USA);FRESH YOURSELF;54 +0.50;G.ÖZÇELİK;ALTAR AKSELİ;T.YILMAZ;1;%4.8(7);39;2:12.61;12,00;
8;NO MORE SORROW KG SK;3y d  d;RAGING BULL* (FR);DARK CHANNEL (USA);55;M.S.ÇELİK;PINAR ARACI BAŞ;E.USLU;4;%8.44(5);36;2:12.74;9,70;
9;ORİANNA;3y d  d;VICTOIRE PISA (JPN);KEMANCI KIZ;54 +0.20;Z.KARABULUT AP;M.LEVENT TOPSAKAL;MİR.İPEK;2;%1.78(10);;2:14.50;26,55;
10;ROSAS DEL ROSEDAL SK;3y d  d;KANEKO;REAL GIRL;58 +0.10;E.ÇANKAYA;SEMİH KATI;H.SUNKAR;10;%6.45(6);65;2:15.81;9,80;
11;NAZUŞUM KG DB SK ÖG;3y d  d;BLUEGRASS CAT (USA);SİMİRNALI KIZ;58;V.ABİŞ;YUSUF SERFİCELİ;B.AKBULUT;8;%10.87(4);67;2:17.73;6,40;
[(11)VEN CONMİGO,(2)ROSAS DEL ROSEDAL,] eküridir.GANYAN(7) :2,40 TL, 7'Lİ PLASE(1,3/1,3/3,4/1,2,5/2,4/1,3/7,10) :598,90 TL, 2. 6'LI GANYAN(1/3/2,5/4/1/7) :20.760,68 TL, 5'Lİ GANYAN(3/2,5/4/1/7) :2.013,07 TL, 4'LÜ GANYAN(2,5/4/1/7) :126,00 TL, 2. 3'LÜ GANYAN(4/1/7) :77,10 TL, İKİLİ(7/10) :32,75 TL, SIRALI İKİLİ(7/10) :63,55 TL, ÜÇLÜ BAHİS(7/10/9) :655,50 TL, PLASE(10) :3,80 TL, PLASE(7) :1,60 TL, PLASE İKİLİ(7/10) :13,90 TL, PLASE İKİLİ(7/9) :3,90 TL, PLASE İKİLİ(9/10) :14,20 TL, 7. ÇİFTE(1/7) :6,35 TL, 7'Lİ GANYAN(1/1/3/2,5/4/1/7) :164.840,80 TL

