Bursa;(38. Yarış Günü);21/08/2026
1. Kosu :  TAŞKENT KOŞUSU 13.00;ŞARTLI 1/DHÖW; 3 Yaşlı Araplar; 57.00kg; 1300m; Çim;;;;Rekor Derece :1.23.15
İkramiye;;;;;Yetiştirici Primi;;;;
1.)685.000 TL;2.)274.000 TL;3.)137.000 TL;4.)68.500 TL;5.)34.250 TL;1.)205.500 TL;2.)82.200 TL;3.)41.100 TL;4.)20.550 TL;5.)10.275 TL;
At No;At İsmi;Yaş;Orijin(Baba);Orijin(Anne);Kilo;Jokey Adı;Sahip Adı;Antrenör Adı;St;AGF;H;Derece;Ganyan;Fark
1;ÖZGÜR KAPTAN KG K;3y k  e;PARPALİ;ILDIR ESİNTİSİ;57;F.ÇETİNBAŞ;NİMET ARİF KURTEL;B.ŞİMŞEK;4;%22.5(2);;1:27.00;2,85;6,5 Boy
2;KOÇİNOĞLU DB SK;3y a  e;GÜMBÜRGÜMBÜR;RENGİN ABLA;57;M.M.BİLGİN;HAKAN KAVÇİN;F.KIRAN;5;%23.59(1);;1:28.14;3,05;3 Boy
3;GOLAÇİYA SKG SK;3y k  d;ŞİMŞEĞİNOĞLU;KUZGUN;55 +0.30;E.KADİRLER AP;İSMET UZUN;K.ŞENGEL;7;%3.41(8);;1:28.51;15,70;1 Boy
4;GÖLGE ADAM KG K DB GKR;3y k  e;GÜMBÜRGÜMBÜR;NEVALKIZ;57 +0.60;O.GÖKÇE;İSKENDER DEMİRCİ;H.DEMİRBAŞ;1;%15(3);;1:28.62;9,20;2 Boy
5;KINALIIRMAK KG K;3y a  d;UÇANOĞLU;ALIRMAK;55 +1.40;A.İNCİ;İBRAHİM HALİL KARATAŞ;R.COŞKUN;2;%2.4(10);;1:28.90;20,00;
6;ÖZASYALI DB SK;3y k  d;BERKSOY;KUZUM;55 +0.50;D.KONUK AP;AHMET ALTIN;Y.GÜNDOĞDİ;11;%2.41(9);;1:30.39;35,95;
7;ATEŞ KRALI KG DB;3y a  e;ATEŞTOPU;ZEKİ KRALİÇE;57 +0.40;SAL.ÇELİK;AHMET ALTIN;S.BAYDAN;6;%7.88(5);;1:31.88;11,90;
8;FIRTINA FEDAİSİ KG DB SK;3y k  e;FATİH AĞA;EYLÜL ZAMANI;57;O.ATMACA;İSMET ÇİFTÇİ;M.TAMER;10;%4.47(7);;1:36.67;15,25;
9;DENİZBERK KG K DB GKR;3y a  e;BALALAYKA;KAÇKARKIZI;57 +0.40;MAH.TURAN;HALİL YILDIZ;A.ÖZDENİZ;8;%9.62(4);;1:39.52;5,20;
10;ADA KÖPRÜSÜ KG K DB;3y k  e;ÇELİKMAN;GÜLPINARLI;57;G.ÖZÇELİK;ÖZKAN YURTSEVER;SEN.GÖKÇE;3;%5.63(6);;1:41.96;13,85;
11;AŞKENAZ KG DB SK (Koşmaz);3y k  d;BARBAROSBEY;DENİZ GÖZLÜM;55 +1.50;K.YILMAZ AP;BİŞAR ÇELİK;İ.TURAN;9;%3.09(11);;Koşmaz;;
GANYAN(7) :2,85 TL, İKİLİ(6/7) :3,80 TL, SIRALI İKİLİ(7/6) :7,35 TL

2. Kosu :   13.30;ŞARTLI 3; 2 Yaşlı İngilizler; 57.00kg; 1200m; Çim;;;;Rekor Derece :1.06.62
İkramiye;;;;;Yetiştirici Primi;;;;
1.)400.000 TL;2.)160.000 TL;3.)80.000 TL;4.)40.000 TL;5.)20.000 TL;1.)120.000 TL;2.)48.000 TL;3.)24.000 TL;4.)12.000 TL;5.)6.000 TL;
At No;At İsmi;Yaş;Orijin(Baba);Orijin(Anne);Kilo;Jokey Adı;Sahip Adı;Antrenör Adı;St;AGF;H;Derece;Ganyan;Fark
1;AYLİNPERİ;2y d  d;CATAPULT (USA);DESTE;54;R.KETME AP;HASAN KAYA;HAS.KAYA;3;%16.2(4);41;1:12.64;3,70;1 Boy
2;I LOVE SPEED DB SK;2y d  e;KLIMT (USA);ARPELLO;56 +0.30;E.AKPINAR AP;İ.SUAT KUTLU;K.ŞENGEL;4;%20.24(3);42;1:12.78;4,25;Burun
3;STAR WIZARD KG SK;2y d  e;PRESSING (IRE);STAR LUXOR;57;M.N.SUNKAR;İBRAHİM HAKKI BOYRAZ;TU.TURAN;1;%36.17(1);40;1:12.79;2,10;6 Boy
4;BABA GİRAY DB SK;2y d  e;BATTLEGROUND (USA);LOMBARDİA;54 +1.00;C.PASO;ÖZGÜR ALPASLAN SÜMER;K.ŞENGEL;5;%2.98(5);21;1:13.85;17,25;1,5  Boy
5;ELİFCİM;2y d  d;INVINCIBLE SON (IRE);SULTAN GELİN;52 +1.80;E.KADİRLER AP;EMİNE KAYA;EM.KAYA;2;%2.17(6);;1:14.03;16,25;
6;ASALETHAN K DB;2y d  e;AMERİKALI;AKYAZILI BELKIS;56;A.E.ELMAS AP;YASİN SEFA KOPAL;K.ŞENGEL;6;%22.24(2);44;1:16.35;4,25;
GANYAN(3) :3,70 TL, SIRALI İKİLİ(3/2) :21,25 TL, 1. ÇİFTE(7/3) :25,55 TL

3. Kosu :  TAŞKENT KOŞUSU 14.00;ŞARTLI 1/DHÖW; 3 Yaşlı Araplar; 57.00kg; 1300m; Çim;;;;Rekor Derece :1.23.15
İkramiye;;;;;Yetiştirici Primi;;;;
1.)685.000 TL;2.)274.000 TL;3.)137.000 TL;4.)68.500 TL;5.)34.250 TL;1.)205.500 TL;2.)82.200 TL;3.)41.100 TL;4.)20.550 TL;5.)10.275 TL;
At No;At İsmi;Yaş;Orijin(Baba);Orijin(Anne);Kilo;Jokey Adı;Sahip Adı;Antrenör Adı;St;AGF;H;Derece;Ganyan;Fark
1;PAŞAM ÖMER KG K;3y k  e;BATMANASLANI;ECE MELEK;57;M.M.BİLGİN;AHMET AKBULUT;A.AKBULUT;9;%23.73(1);;1:27.04;2,50;2 Boy
2;BODRUM RÜZGARI K;3y k  d;GÜRSU;İCLAL;55;O.ATMACA;MEHMET ERCÜMENT ULAŞ;T.N.YILDIZ;7;%2.81(2);;1:27.34;4,20;3 Boy
3;ÖZ GÜMÜŞ KG DB SK;3y k  e;AFRİKAANDER;ÖZFİDAN;57;A.MEH.ALTIN;AYFER GEÇGEL;MUR.ALTIN;4;%15.3(3);;1:27.74;4,95;3 Boy
4;NADİYEKINALI;3y a  d;KAMAN;CRATOS;55 +1.00;İ.GÜREKE AP;DEMİRHAN YILMAZ;E.ÇİLEK;10;%1.68(10);;1:28.14;54,35;4 Boy
5;AKÇİVİ KG K;3y k  e;SİLAH;NURHANHANIM;57 +0.40;MER.ÇELİK;NİMET ARİF KURTEL;T.N.YILDIZ;5;%11.94(4);;1:28.69;7,30;
6;LİTERATÜR DB;3y a  e;GÜRSU;LİTRİ;57;M.ÇİÇEK;SEMA ULAŞ;M.U.TURAN;11;%19.04(2);;1:28.77;4,20;
7;DAĞARDI DB;3y k  d;ENDEREFE;DAĞ BALI;55;A.E.ELMAS AP;SUAT BAYBURAN;M.A.KAYA;6;%2.41(9);;1:29.85;37,10;
8;AZRAKTAY KG DB SK;3y k  e;UFUKBİR;BELGRAD;57;Ö.F.ÖZEN AP;UFUK KURTLAR;K.ŞENGEL;2;%7.36(6);;1:30.01;12,45;
9;KIZNEŞESİ KG K;3y a  d;BODRUM KALESİ;MEDUSA;55 +0.90;G.ÖZÇELİK;BAKİ ERDOĞAN;MUR.ESİN;1;%9.68(5);;1:32.94;7,80;
10;SELİNNAZ KG K DB;3y k  d;AYABAKAN;SELİNSU;55 +0.60;C.PASO;ADİLE KAYA;YUS.KAYA;3;%2.86(8);;1:33.38;18,20;
11;BOZKARABEYİ KG;3y k  e;KARACAKURT;SALİHA;57 +0.10;M.ÇELİK AP;LEYLA KAREEM GÖZÜKÜÇÜK;HÜS.KARABULUT;8;%3.18(7);;1:35.03;17,60;
[(7)BODRUM RÜZGARI,(4)LİTERATÜR,] eküridir.GANYAN(6) :2,50 TL, İKİLİ(6/7) :22,70 TL, SIRALI İKİLİ(6/7) :34,70 TL, ÜÇLÜ BAHİS(6/7/5) :478,30 TL, PLASE(6) :1,45 TL, PLASE(7) :4,95 TL, PLASE İKİLİ(5/6) :10,40 TL, PLASE İKİLİ(5/7) :22,10 TL, PLASE İKİLİ(6/7) :17,00 TL, 2. ÇİFTE(3/6) :15,15 TL

4. Kosu :   14.30;ŞARTLI 5; 3 Yaşlı İngilizler; 58.00kg; 2000m; Çim;;;;Rekor Derece :2.00.29
İkramiye;;;;;Yetiştirici Primi;;;;
1.)630.000 TL;2.)252.000 TL;3.)126.000 TL;4.)63.000 TL;5.)31.500 TL;1.)113.400 TL;2.)45.360 TL;3.)22.680 TL;4.)11.340 TL;5.)5.670 TL;
At No;At İsmi;Yaş;Orijin(Baba);Orijin(Anne);Kilo;Jokey Adı;Sahip Adı;Antrenör Adı;St;AGF;H;Derece;Ganyan;Fark
1;GOLDEN SAIL KG K;3y a  e;PIANO SONATA;GOLD TULIP;58;Ö.F.ÖZEN AP;IŞIK KADER KALKAVAN;M.ESMER;3;%42.48(1);63;2:03.54;;Yarım Boy
2;SUN OF THE GÖKSU KG DB SK;3y d  d;MYBOYCHARLIE (IRE);PRENSES GÖKSU;56 +0.70;O.GÖKÇE;M.ALİ GÖKSU;R.KILIÇ;5;%8.17(4);63;2:03.62;5,80;2 Boy
3;NAERYS SKG SK;3y d  d;NATIVE KHAN (FR);PHRASE (GB);59;M.M.BİLGİN;ŞEYDA ERCAN;A.AKBULUT;4;%27.59(2);74;2:03.87;2,30;Baş
4;TYPHOON DB SK;3y d  e;MYBOYCHARLIE (IRE);AYSUN SULTAN;61;O.ÖZTÜRK;BARIŞ KARAGÖZ;R.COŞKUN;2;%15.24(3);66;2:03.90;5,60;2 Boy
5;SHEEP STEALER K DB;3y d  e;EPAULETTE (AUS);CHAPOSA STRIKE (USA);56 +0.20;E.AKPINAR AP;ALİ YILMAZ;HÜS.KARABULUT;1;%6.52(5);66;2:04.16;13,10;
GANYAN(1) :2,05 TL, SIRALI İKİLİ(1/5) :10,25 TL, 3. ÇİFTE(6/1) :4,25 TL

5. Kosu :   15.00;ŞARTLI 4; 3 ve Yukarı İngilizler; 55.50kg; 60.00 kg; 60.00 kg; 1300m; Kum;;;;Rekor Derece :1.18.11
İkramiye;;;;;Yetiştirici Primi;;;;
1.)490.000 TL;2.)196.000 TL;3.)98.000 TL;4.)49.000 TL;5.)24.500 TL;1.)88.200 TL;2.)35.280 TL;3.)17.640 TL;4.)8.820 TL;5.)4.410 TL;
At No;At İsmi;Yaş;Orijin(Baba);Orijin(Anne);Kilo;Jokey Adı;Sahip Adı;Antrenör Adı;St;AGF;H;Derece;Ganyan;Fark
1;LORD OF YILDIZER KG K DB;7y a  a;RED GIANT (USA);MY KONOS;60;M.M.BİLGİN;SALİH YILDIZER;K.ŞENGEL;6 - DS;%78.54(1);94;1:20.81;1,05;Yarım Boy
2;HEY JUDE KG DB SK;6y d  a;PAPA CLEM (USA);MYTH AND MAGIC (IRE);60;B.M.MIRIK;İLKER ÇAPOĞLU;S.YANIK;7 - DS;%13.79(2);88;1:20.89;4,50;1 Boy
3;TOULAYNA KG K;4y d  a;AVERY ISLAND (USA);SHARK BAY (GB);58;N.ŞEN;NURİ BURAK DİKENCİK;M.ÖZGÜL;4;%3.76(3);64;1:21.08;17,25;8 Boy
4;MEGA POWER KG K DB;5y d  a;MENDIP (USA);CARNA;56 +0.10;O.EREN;ENGİN KARABULUT;A.ÖZDENİZ;2;%1.1(5);55;1:22.66;37,15;Yarım Boy
5;BIÇKIDERELİ EGE DB SKG SK;4y d  a;MARCAVELLY (USA);TUYA NAZ;53 +0.30;R.KETME AP;EROL ÇOKLAR;T.ATEŞ;1;%2.1(4);55;1:22.74;29,85;
6;YEKEBALA KG K DB;3y d  e;VOODOO SONG (USA);DEAR FIONA (USA);50,5 +2.00;S.ALTAY AP;FERİT SARAK;K.ELALDI;5 - DS;%0.47(6);37;1:23.75;54,25;
7;CLYDE BARROW KG DB SK;3y a  e;TORUK MACTO (IRE);MAIDE (USA);54 +1.40;D.KONUK AP;SERPİL YILDIRIM;Y.GÜNDOĞDİ;3;%0.23(7);;1:27.48;66,20;
GANYAN(2) :1,05 TL, İKİLİ(1/2) :1,55 TL, SIRALI İKİLİ(2/1) :1,95 TL, ÜÇLÜ BAHİS(2/1/3) :7,90 TL, 4. ÇİFTE(1/2) :2,60 TL

6. Kosu :  TAŞKENT KOŞUSU 15.30;ŞARTLI 1/DHÖW; 3 Yaşlı Araplar; 57.00kg; 1300m; Çim;;;;Rekor Derece :1.23.15
İkramiye;;;;;Yetiştirici Primi;;;;
1.)685.000 TL;2.)274.000 TL;3.)137.000 TL;4.)68.500 TL;5.)34.250 TL;1.)205.500 TL;2.)82.200 TL;3.)41.100 TL;4.)20.550 TL;5.)10.275 TL;
At No;At İsmi;Yaş;Orijin(Baba);Orijin(Anne);Kilo;Jokey Adı;Sahip Adı;Antrenör Adı;St;AGF;H;Derece;Ganyan;Fark
1;ŞENGÜL SULTAN KG DB SK;3y d  d;GÜRSU;İDİLKIZ;55;O.ATMACA;AYTUĞ ATALAY;T.N.YILDIZ;4;%9.41(4)  %8.74(5);;1:27.99;9,40;2 Boy
2;GÜLNARLI KG;3y d  d;SİLAH;NAZLI DELAL;55 +2.00;MER.ÇELİK;NİMET ARİF KURTEL;T.N.YILDIZ;3;%13.5(3)  %12.53(3);;1:28.25;6,45;1,5  Boy
3;TUMBUL HABERKAN KG K;3y k  e;HABERKAN;TUMBULHAFİYE;57;E.KADİRLER AP;BERAT ERKMEN;K.ŞENGEL;7;%5.14(8)  %4.93(8);;1:28.44;17,15;Boyun
4;AKREP YÜREK KG SK;3y k  e;KAFKAS ŞAHI;ONGAR;57;O.YILDIZ;İSKENDER DEMİRCİ;H.DEMİRBAŞ;6;%8.69(5)  %7.65(6);;1:28.49;12,00;Burun
5;YALNIZ AŞIK KG SK;3y a  e;AŞIKBEY;JETKIZ;57 +0.50;O.GÖKÇE;ALİ TOYDEMİR;O.DEMİR;5;%8.28(6)  %8.93(4);;1:28.50;8,45;
6;ÇOLAK ARİF K;3y a  e;KUTUP;MERSİVE SULTAN;57;M.M.BİLGİN;ALİ GALİP MERCAN;A.OLCAR;2;%18.32(2)  %20.95(2);;1:29.18;3,25;
7;ACAR ÇOCUK;3y a  e;GÜRSU;BÜYÜK OYUNCU;57 +0.40;SAL.ÇELİK;SEMA ULAŞ;MEH.DEMİR;1;%23.1(1)  %24.13(1);;1:29.22;3,00;
8;GÖLGESER KG K DB;3y k  e;SERDÜMEN;ŞAFAK ABLA;57 +0.10;O.EREN;SALİH SARIOĞLU;İ.KIZILDAĞ;9;%7.05(7)  %6.51(7);;1:29.47;12,95;
9;BESTE BEGÜM;3y a  d;BERKSOY;GÜLATEŞİ;55 +0.20;C.PASO;BOZAN KAYA;EM.KAYA;11;%3.33(9)  %2.94(9);;1:30.69;21,50;
10;EKİNOX KG K;3y a  e;KARATAŞ;BÜYÜNÜN KIZI;57 +0.30;T.ALICI;MAHMUT PANDIR;F.SEZER;10;%2.9(10)  %2.65(10);;1:31.94;19,65;
11;BALKIZIM KG K (Koşmaz);3y a  d;GÜMBÜRGÜMBÜR;NESMİYANA;55;R.KETME AP;A.ENGİN GICIR;İ.E.KURAL;8;%0.29(11)  %0.05(11);;Koşmaz;;
GANYAN(11) :9,40 TL, 1. 6'LI GANYAN(7/3/6/1/2/11) :2.629,62 TL, 1. 5'Lİ GANYAN(3/6/1/2/11) :711,45 TL, 1. 4'LÜ GANYAN(6/1/2/11) :133,26 TL, 1. 3'LÜ GANYAN(1/2/11) :53,80 TL, İKİLİ(10/11) :21,45 TL, SIRALI İKİLİ(11/10) :54,75 TL, 5. ÇİFTE(2/11) :11,40 TL

7. Kosu :   16.00;Handikap 14 /H2; 3 ve Yukarı İngilizler; kg; 1700m; Çim;;;;Rekor Derece :1.40.80
İkramiye;;;;;Yetiştirici Primi;;;;
1.)400.000 TL;2.)160.000 TL;3.)80.000 TL;4.)40.000 TL;5.)20.000 TL;1.)72.000 TL;2.)28.800 TL;3.)14.400 TL;4.)7.200 TL;5.)3.600 TL;
At No;At İsmi;Yaş;Orijin(Baba);Orijin(Anne);Kilo;Jokey Adı;Sahip Adı;Antrenör Adı;St;AGF;H;Derece;Ganyan;Fark
1;ECHOGUETTE SKG SK;3y d  d;MYBOYCHARLIE (IRE);LADY OF CHARM;56;M.M.BİLGİN;ECEM ERDEM;SER.GÖKÇE;11;%20.89(2);44;1:43.53;3,75;1 Boy
2;APOLLON DB SK;3y d  e;ABBAS YOLCU;SEA ROSE;52 +1.50;O.ATMACA;ARZU GÜL SÖYLEMEZ;F.KIRAN;4;%5.78(8);36;1:43.65;12,00;4 Boy
3;BOREAL DB SK;3y d  d;BATTLEGROUND (USA);BİN UMUT;53,5 +1.00;B.M.MIRIK;MUSA GÜNDÜZELİ;HÜS.KARABULUT;5;%10.82(3);39;1:44.16;9,00;1 Boy
4;SYRENA DB SKG SK;3y d  d;EPAULETTE (AUS);SUGAR LOVE* (GER);53 +2.00;E.ATLAMAZ AP;S.KIVANÇ ÖNDER;Y.BAYSAL;3;%8.17(4);44;1:44.32;10,55;3 Boy
5;BAHRİYELİ ÇİKOK KG DB SK;3y d  d;HERE TO FLY;ÇİKOK GELİNİ;57,5;M.ÇİÇEK;EROL ÇOKLAR;T.ATEŞ;1;%24.19(1);47;1:44.66;3,35;
6;DIAMOND CROWN KG DB SK;4y d  a;MENDIP (USA);TÜRKBÜKÜ;52 +0.20;S.TIRPAN;BAYRAM TANRIVERDİ;GAL.KILIÇ;9;%0.33(16);25;1:44.83;57,10;
7;MAEGELLE KG K DB;3y d  d;TORUK MACTO (IRE);MYSTIC SPIRIT (IRE);55,5;R.KETME AP;İDRİS KOÇ;B.KOCAKAYA;8;%4.79(9);47;1:44.84;12,80;
8;ZUATANEYO DB SK;5y d  a;TOROK (IRE);ZARAGOZA;56 +0.40;E.AKPINAR AP;BARIŞ KARAGÖZ;R.COŞKUN;2;%1.41(11);41;1:45.11;44,95;
9;ALPS FIRE KG K DB;4y d  a;TIZWAY (USA);STARUNNA (USA);61;Ö.F.ÖZEN AP;ALP KOÇAK;SEN.ŞEN;7;%6.6(5);49;1:45.30;12,50;
10;FESTIVAL BOUND DB SK;3y d  d;BLUEGRASS CAT (USA);FESTÜK;53 +2.00;MAH.TURAN;İSLİM TURAN;K.TURAN;14;%6.03(6);38;1:45.79;14,05;
11;SWISS DANCER DB SK;4y a k;HOT CHOCOLATE;LOFTY SWORD;52 +1.00;S.ALTAY AP;ERCÜMENT GÜÇLÜ;HÜS.KARABULUT;6;%0.26(17);10;1:45.80;73,95;
12;STAIN FREE;6y d  a;DUTYFREE;STAINLESS;59,5;HA.GÖKÇE AP;SUAT YILMAZ;E.ÇUKURKAŞ;15;%0.88(12);48;1:46.31;62,95;
13;COOKIE SK;5y d  a;TEMELHAN;SILVER GLEAM;56 +1.00;K.TOKAÇOĞLU;MEHMET ERCİL;N.GÖNÜLTAŞ;12;%5.79(7);35;1:46.96;10,45;
14;LORD OF NORTH K;5y d  a;TRAPPE SHOT (USA);BOUGAINVILLEA;56 +0.80;T.ALICI;RECEP CANGIR;F.SEZER;16 - DS;%0.81(13);35;1:47.43;47,60;
15;CAPTAIN BOSS K DB;4y d  a;CATAPULT (USA);CHAPEAU CHIC (USA);59,5;E.KADİRLER AP;SADİ KIR;C.YILDIRIM;17 - DS;%2.24(10);46;1:50.68;28,00;
16;HEVSEL SKG SK;3y d  d;EPAULETTE (AUS);LADY DÖKER;52,5 +1.90;C.PASO;SÜLEYMAN KILIÇASLAN;K.ŞENGEL;10;%0.58(14);37;1:51.84;52,00;
17;TANNUR STAR KG K DB;4y d k;CRIMEAN TATAR;GELİNEFE;54,5 +1.50;O.EREN;M.ALİ PAKEL;M.A.PAKEL;13;%0.43(15);32;1:54.69;71,25;
GANYAN(6) :3,75 TL, İKİLİ(6/12) :30,75 TL, SIRALI İKİLİ(6/12) :53,60 TL, PLASE(12) :2,35 TL, PLASE(6) :2,95 TL, PLASE İKİLİ(6/12) :14,80 TL, PLASE İKİLİ(6/9) :8,60 TL, PLASE İKİLİ(9/12) :27,70 TL, SIRALI 5 Lİ BAHİS(6/12/9/7/3) :7.968,56 TL, TABELA BAHİS(6/12/9/7) :2.559,07 TL, TABELA BAHİS SIRASIZ(6/12/9/7) :63,97 TL, 6. ÇİFTE(11/6) :57,80 TL

8. Kosu :  KARACABEY KOŞUSU 16.30;KV-8/DHT; 3 Yaşlı Araplar; 57.00kg; 1200m; Çim;;;;Rekor Derece :1.14.84
İkramiye;;;;;Yetiştirici Primi;;;;
1.)975.000 TL;2.)390.000 TL;3.)195.000 TL;4.)97.500 TL;5.)48.750 TL;1.)292.500 TL;2.)117.000 TL;3.)58.500 TL;4.)29.250 TL;5.)14.625 TL;
At No;At İsmi;Yaş;Orijin(Baba);Orijin(Anne);Kilo;Jokey Adı;Sahip Adı;Antrenör Adı;St;AGF;H;Derece;Ganyan;Fark
1;AL CEMAL KG;3y a  e;BESLENEY;SUĞLA;57;K.TOKAÇOĞLU;ERTUNÇ ERDEMİR;Y.AKBULUT;4;%57.96(1);69;1:17.92;1,65;3 Boy
2;ÜSTÜNSOY KG SK;3y a  e;ÖZHABER;CERENİM;57;M.M.BİLGİN;TAYYAR AKBULUT;B.AKBULUT;5;%21.68(2);49;1:18.31;3,30;1 Boy
3;TOYGARLI KG SK;3y d  e;BABA MEVLÜT;ADA MİNA;57;F.ÇETİNBAŞ;BEŞİR KAYA;RAM. KAYA;1;%5.88(3);41;1:18.47;7,65;5 Boy
4;ARDAPAŞA KG K DB;3y k  e;KADERŞAH;BOLKARKIZI;57;M.ÇİÇEK;HÜSEYİN YER;F.KIRAN;6;%2.96(6);47;1:19.16;16,05;Boyun
5;VURGUNHAN KG SK;3y k  e;ENDEREFE;MAHRURKIZ;57 +0.30;SAL.ÇELİK;AZİZ KULAK;R.TAŞDELEN;2;%2.2(7);40;1:19.20;24,85;
6;ŞAHİNYÜREKLİ KG K;3y k  e;KAYAYÜREKLİ;ÇAYGÜLÜ;57 +0.30;M.F.KAYA AP;KADRİYE KAYA;M.A.KAYA;7;%4.76(4);54;1:20.45;11,35;
7;SOSAN ASLANI KG SK;3y d  e;FAZIL AĞA;YALÇINKIZ;57;Ö.F.ÖZEN AP;ROJBİN SOSAN;İ.TURAN;8;%3.03(5);43;1:22.14;13,90;
8;LAVEKAR KG DB SK;3y d  e;SERDÜMEN;SONSUZ IŞIK;57;C.PASO;SÜLEYMAN KILIÇASLAN;K.ŞENGEL;3;%1.53(8);31;1:22.35;23,80;
GANYAN(1) :1,65 TL, İKİLİ(1/7) :1,90 TL, SIRALI İKİLİ(1/7) :3,30 TL, ÜÇLÜ BAHİS(1/7/6) :32,20 TL, PLASE(1) :1,60 TL, PLASE(7) :1,65 TL, 7. ÇİFTE(6/1) :6,10 TL

9. Kosu :   17.00;KV-8; 3 Yaşlı İngilizler; 58.00kg; 1900m; Kum;;;;Rekor Derece :1.57.91
İkramiye;;;;;Yetiştirici Primi;;;;
1.)975.000 TL;2.)390.000 TL;3.)195.000 TL;4.)97.500 TL;5.)48.750 TL;1.)234.000 TL;2.)93.600 TL;3.)46.800 TL;4.)23.400 TL;5.)11.700 TL;
At No;At İsmi;Yaş;Orijin(Baba);Orijin(Anne);Kilo;Jokey Adı;Sahip Adı;Antrenör Adı;St;AGF;H;Derece;Ganyan;Fark
1;TAM TIME KG SK;3y d  e;HASAFET;KRALİÇE HAVVA;58;G.ÖZÇELİK;ERKUTAY ÖZYURTERİ;S.SÜSLÜ;5;%17.96(2);89;2:03.37;4,80;2,5 Boy
2;TANER ABİ DB SK;3y d  e;KANEKO;SAENA;58;M.M.BİLGİN;REMZİYE AKKILIÇ;MUR.AKKILIÇ;1;%44.76(1);84;2:03.75;1,90;2,5 Boy
3;AZP STAR KG DB SK;3y d  e;HAKEEM (USA);MISS TUDOR;58;SAL.ÇELİK;HASAN YAVUZEL;Y.C. KARATOPRAK;6;%15.56(3);70;2:04.14;3,95;4,5 Boy
4;SHAWSHANK SK;3y d  e;BODEMEISTER (USA);KATUŞA;58;O.YILDIZ;BARIŞ KARAGÖZ;A.ÖCAL;3;%3.13(6);64;2:04.96;13,80;3 Boy
5;FROST CAT DB SKG SK;3y d  e;KINOWA;APRIL RYAN;58;A.MEH.ALTIN;DENİZ AK;İ.ALTINÖZ;2;%13.75(4);82;2:05.52;4,65;
6;HARDOX KG K DB;3y d  e;RUN AWAY AND HIDE (USA);MUNKHBAT;61;K.TOKAÇOĞLU;FERHAN YETİŞ;N.DÜNDAR;7 - DS;%4.62(5);89;2:06.18;15,85;
7;KARA BERELİ K (Koşmaz);3y d  e;COOGER;FRENCH FAIRY (IRE);59;M.ÇİÇEK;ERAY HAZAR;M.TÜRKOĞLU;4;%0.23(7);76;Koşmaz;;
GANYAN(6) :4,80 TL, İKİLİ(6/7) :3,95 TL, SIRALI İKİLİ(6/7) :11,35 TL, ÜÇLÜ BAHİS(6/7/3) :65,10 TL Çıkan 1 Atla: 7,90 TL, 8. ÇİFTE(1/6) :9,65 TL

10. Kosu :   17.30;Handikap 16/DHÖW /H2; 4 ve Yukarı Araplar; kg; 2000m; Kum;;;;Rekor Derece :2.18.40
İkramiye;;;;;Yetiştirici Primi;;;;
1.)630.000 TL;2.)252.000 TL;3.)126.000 TL;4.)63.000 TL;5.)31.500 TL;1.)113.400 TL;2.)45.360 TL;3.)22.680 TL;4.)11.340 TL;5.)5.670 TL;
At No;At İsmi;Yaş;Orijin(Baba);Orijin(Anne);Kilo;Jokey Adı;Sahip Adı;Antrenör Adı;St;AGF;H;Derece;Ganyan;Fark
1;TERCAN HAN SK;4y a  a;GELİBOLU;DERİNCAN;60,5;O.YILDIZ;DEMİRHAN YILMAZ;E.ÇİLEK;2;%8.96(1);70;2:21.91;2,90;12 Boy
2;SANCARLI BEY KG K;4y k  a;KUTLUERİNOĞLU;HAN KUTLU;60;B.M.MIRIK;İ.SUAT KUTLU;K.ŞENGEL;9;%2.55(10);69;2:24.27;33,30;Burun
3;BİRGEDAĞ KG K;4y k  a;GELİBOLU;BOLKARIN GÜLÜ;54;S.TIRPAN;DEMİRHAN YILMAZ;E.ÇİLEK;12;%15.84(1);57;2:24.28;2,90;Yarım Boy
4;ÇUBUKLU;4y a  a;TAYKUT;HAZİRANKIZI;52 +0.50;E.KADİRLER AP;BARIŞ KARAGÖZ;A.ÖCAL;3;%1.72(11);36;2:24.34;38,10;Boyun
5;TOPRAK BEYİ KG DB SK;5y d  a;TÜMÖZ BEY;TOPRAK KOKUSU;57,5 +0.20;MAH.TURAN;İBRAHİM HALİL KOÇER;GAL.KILIÇ;1;%1.07(12);59;2:24.39;54,65;
6;BUZ DEVİ KG;5y k  a;TURBO;SÜMEYYE;57,5;S.ALTAY AP;SİNAN EVREN ÇİÇEKÇİ;O.DEMİR;7;%6.51(5);63;2:24.64;12,00;
7;SAFDERUN OĞLU DB SK;5y a  a;DİLİRAN;TUMBUL YAPRAK;59;SAL.ÇELİK;AHMET ALTIN;S.BAYDAN;16 - DS;%0.87(13);62;2:24.80;66,40;
8;RÜZGARSU KG DB SK;4y k  a;TAMERİNOĞLU;YEDİİKLİM;53,5 +0.30;Ö.F.ÖZEN AP;AHMET KAYA;M.A.KAYA;13;%7.17(4);56;2:24.86;10,40;
9;ŞANSIBOLBEY KG DB SK;4y a  a;GELİBOLU;SEDAHANIM;55;R.KETME AP;MAHMUT AKPOLAT;Y.GÜNDOĞDİ;5;%6.09(7);63;2:27.55;11,40;
10;ÖZTAMER KG DB SK;5y k  a;TAMERİNOĞLU;ÖZBAKIR;63;M.M.BİLGİN;ERDEM KÖZLEME;N.DÜNDAR;14;%6.3(6);70;2:29.66;14,20;
11;GÖKTÜRK BEY KG DB SK;4y a  a;GÜMBÜRGÜMBÜR;RENGİN ABLA;52 +1.00;O.ATMACA;HAKAN KAVÇİN;A.R.AYDIN;15;%2.63(9);35;2:30.60;23,25;
12;TATARUŞAĞI KG DB SK;4y k  a;TAMERİNOĞLU;TATARKIZ;54,5 +1.50;M.ÇİÇEK;AHMET ALTIN;ENG.ALTIN;6;%10.27(3);58;2:36.51;8,15;
13;KARACAHİSAR KG DB;6y a  a;HİSARBEY;ALSELMA;57,5;O.EREN;ENGİN KARABULUT;A.ÖZDENİZ;8;%0.72(14);59;2:37.01;63,55;
14;ESKİ TOPRAK DB SKG SK;6y a  a;TÜMÖZ BEY;TOPRAK KOKUSU;58,5;İ.GÜREKE AP;MEHMET GÜNDÜZELİ;Y.GÜNDOĞDİ;4;%5.19(8);67;2:38.69;14,10;
15;KESTENOĞLU DB SKG SK;4y a  a;SERDÜMEN;SEVDALIMSINCAN;58,5;G.ÖZÇELİK;MELTEM PALIT;Y.TAŞKIN;11;%23.81(2);66;2:43.33;3,30;
16;BENEKLİ SKG SK;6y a  a;SONALP;ERVAGÜL;52 +2.00;C.PASO;SUAT BAYBURAN;M.A.KAYA;10;%0.28(15);40;2:52.88;65,65;
[(2)TERCAN HAN,(12)BİRGEDAĞ,] eküridir.GANYAN(2) :2,90 TL, İKİLİ(2/3) :102,95 TL, SIRALI İKİLİ(2/3) :197,80 TL, PLASE(2) :6,75 TL, PLASE(3) :14,60 TL, PLASE İKİLİ(2/12) :14,80 TL, PLASE İKİLİ(2/3) :72,20 TL, PLASE İKİLİ(3/12) :49,70 TL, SIRALI 5 Lİ BAHİS(2/3/12/15/10) :Bilen çıkmamıştır, 274,943.44 TL devretmiştir., TABELA BAHİS(2/3/12/15) :24.583,20 TL, TABELA BAHİS SIRASIZ(2/3/12/15) :884,10 TL, 9. ÇİFTE(6/2,12) :22,50 TL

11. Kosu :   18.00;ŞARTLI 19; 3 Yaşlı İngilizler; 58.00kg; 1700m; Çim;;;;Rekor Derece :1.40.80
İkramiye;;;;;Yetiştirici Primi;;;;
1.)545.000 TL;2.)218.000 TL;3.)109.000 TL;4.)54.500 TL;5.)27.250 TL;1.)130.800 TL;2.)52.320 TL;3.)26.160 TL;4.)13.080 TL;5.)6.540 TL;
At No;At İsmi;Yaş;Orijin(Baba);Orijin(Anne);Kilo;Jokey Adı;Sahip Adı;Antrenör Adı;St;AGF;H;Derece;Ganyan;Fark
1;TIZ TEMPEST KG DB SK;3y d  e;TIZWAY (USA);SHIAWASSEE (USA);56;O.EREN;MELİS KURTEL EMİN;MEH.DEMİR;8;%2.32(8);30;1:43.94;11,85;1,5  Boy
2;CALIFORNIA FIRE K DB SKG;3y d  e;PAPA CLEM (USA);GÜLSULTAN;61;M.M.BİLGİN;SADETTİN ER;O.DEMİR;10;%7.6(6);32;1:44.17;9,70;Yarım Boy
3;LIFE AND LIGHT K DB;3y d  d;KULOĞLU;SHOWING (USA);56;R.KETME AP;RECEP AVŞAR;HÜS.KARABULUT;5;%7.63(5);35;1:44.24;8,65;Yarım Boy
4;MAMDANI KG SK;3y a  e;LUXOR;FRENCH PLAYER;60;SAL.ÇELİK;İ.HALİL DEMİR;Y.C. KARATOPRAK;20 - DS;%27.97(1);35;1:44.33;2,80;1,5  Boy
5;MAGGIE K DB;3y d  d;TIZWAY (USA);DON'T TRY AGAIN (USA);56;BERK.GÖKÇE AP;GÖKHAN ALVEROĞLU;Y.DEMİRKIRAN;19 - DS;%11.67(2);33;1:44.51;7,65;
6;QUEEN ASEL DB SK;3y d  d;SEVENTH SENSE;RUN FOR DERYA;54 +1.00;B.M.MIRIK;İDRİS KOÇ;R.A.TEKELİ;16;%0.71(13);25;1:44.93;46,80;
7;GONE WITH STORM KG DB SK;3y d  e;BLUEGRASS CAT (USA);RAHAF (USA);56 +0.40;T.ALICI;MELİS KURTEL EMİN;MEH.DEMİR;1;%2.41(8);22;1:45.02;11,85;
8;FIRST ROSE SKG SK;3y d  d;HAKEEM (USA);NYANA;55 +2.00;N.ŞEN;SIDDIK KAYA;S.YARDIMCI;11;%0.48(15);29;1:45.18;52,15;
9;CHECO DB;3y d  e;GRAYSTORM;GOODMARY;55 +1.40;E.AKPINAR AP;MURAT AYDIN;S.S.GÖRGÜ;18;%2.28(9);11;1:45.75;30,70;
10;ZAMBUCCA DB SKG SK;3y d  e;ULAN BATOR;TITANIUM;53 +0.30;E.KADİRLER AP;AHMET ŞEN;M.ANAT;9;%0.85(12);16;1:45.92;72,75;
11;LEONETTA KG K DB;3y d  d;FLY BY ME;HIGH FLYING;54 +2.00;A.İNCİ;ARİFE DAĞLAR KAYA;Ş.Ş.DEMİR;15;%1.99(10);18;1:46.48;27,65;
12;MRS NİLŞAH KG DB SK;3y d  d;EPAULETTE (AUS);PARTY LOVER;54;S.ALTAY AP;ABUZER TUNÇER;F.GARZAN;4;%0.67(14);28;1:47.29;57,80;
13;BABA ZÜLKÜF KG DB;3y d  e;ULAN BATOR;ÖCAL TAY;56 +0.60;K.TOKAÇOĞLU;RAHMİ ÇAKMAK;A.ÖCAL;13;%5.77(7);19;1:47.50;14,05;
14;AKİDE SULTAN KG SK;3y d  d;EPAULETTE (AUS);LADY SHARK;54 +1.20;MAH.TURAN;MUSTAFA SAFRAN;Y.ÖZTAŞ;12;%1.88(11);17;1:48.01;26,00;
15;FIRST MAY KG DB SK;3y d  e;DEDEMİR;DEEP WATER GIRL;54;Ö.F.ÖZEN AP;UFUK KURTLAR;K.ŞENGEL;3;%10.85(3);26;1:48.93;8,05;
16;CIRCUIT BREAKER KG DB SK;3y d  d;LUXOR;ŞEYTAN TÜYÜ;54 +1.50;G.ÖZÇELİK;BİRKAN BORA AKARSU;MİR.İPEK;6;%9.9(4);15;1:52.68;6,50;
17;SWEET APPLAUSE KG K;3y d  d;CALL TO VICTORY;NAZLUŞ;54 +0.80;C.PASO;MEHMET ERCÜMENT ULAŞ;M.U.TURAN;7;%0.39(16);;1:54.38;86,25;
18;MADAM FREYA K DB;3y d  d;VICTOIRE PISA (JPN);ASTRONOMİK;54 +1.80;İ.GÜREKE AP;FERİDUNCAN YAVUZ;Y.GÜNDOĞDİ;17;%0.15(17);;2:45.18;141,70;
19;SOSAN KG DB SK (Koşmaz);3y d  e;ENYALIOS;LADY JULIET;60;M.ÇİÇEK;MUSA SOSAN;İ.TURAN;14;%4.31(18);33;Koşmaz;;
20;EMRES GAME DB SK (Koşmaz);3y d  d;GREYS ANATOMY (FR);CEM KIZI;51 +0.40;R.YILDIZ AP;DİLEK BURAN;R.COŞKUN;2;%0.16(19);;Koşmaz;;
[(9)TIZ TEMPEST,(8)GONE WITH STORM,] eküridir.GANYAN(9) :11,85 TL, 7'Lİ PLASE(1,2/10,11/6,12/1,7/2,6,7/2,3,12/1,8,9) :910,80 TL, 2. 6'LI GANYAN(11/6/1/6/2,12/8,9) :33.757,68 TL, 2. 5'Lİ GANYAN(6/1/6/2,12/8,9) :3.718,95 TL, 2. 4'LÜ GANYAN(1/6/2,12/8,9) :1.032,93 TL, 2. 3'LÜ GANYAN(6/2,12/8,9) :529,60 TL, İKİLİ(1/9) :171,00 TL, SIRALI İKİLİ(9/1) :351,20 TL, PLASE(1) :4,40 TL, PLASE(9) :16,65 TL, PLASE İKİLİ(1/4) :25,20 TL, PLASE İKİLİ(1/9) :60,80 TL, PLASE İKİLİ(4/9) :44,40 TL, SIRALI 5 Lİ BAHİS(9/1/4/2/5) :68.704,12 TL, TABELA BAHİS(9/1/4/2) :17.650,87 TL Çıkan 1 Atla: 54,15 TL Çıkan 2 Atla: 21,60 TL, TABELA BAHİS SIRASIZ(9/1/4/2) :108,30 TL, 10. ÇİFTE(2,12/8,9) :74,80 TL, 7'Lİ GANYAN(2/11/6/1/6/2,12/8,9) :107.017,00 TL

