tarih,saat,hipodrom,kosu,no,ad,oran,kosmaz,kesinti_ganyan
2026-10-10,1145,gulfstreamparkabd,1,1,GUILDENSTERN (IRE),,1,0
2026-10-10,1145,gulfstreamparkabd,1,2,EDDIE THE GREAT (USA),,1,0
2026-10-10,1145,gulfstreamparkabd,1,3,SEAVER (USA),,1,0
2026-10-10,1145,gulfstreamparkabd,1,4,ORTUS (USA),,1,0
2026-10-10,1145,gulfstreamparkabd,1,5,BAY OF BENGAL (USA),,1,0
2026-10-10,1145,gulfstreamparkabd,1,6,GOLD FOOT (USA),,1,0
2026-10-10,1145,gulfstreamparkabd,1,7,MYTHICAL MAN (CAN),,1,0
2026-10-10,1145,gulfstreamparkabd,1,8,GRAND DAVID (USA),,1,0
2026-10-10,1145,gulfstreamparkabd,1,9,NEVER SAY NEVER (USA),,1,0
2026-10-10,1145,gulfstreamparkabd,1,10,SOUPER LEGACY (USA),,1,0
2026-10-10,1145,gulfstreamparkabd,2,1,SEA GOD (USA),,1,0
2026-10-10,1145,gulfstreamparkabd,2,2,SUNDAY SONG (USA),,1,0
2026-10-10,1145,gulfstreamparkabd,2,3,LAST SHALL B FIRST (USA),,1,0
2026-10-10,1145,gulfstreamparkabd,2,4,RASKOLNIKOV (USA),,1,0
2026-10-10,1145,gulfstreamparkabd,2,5,TAPARINO (USA),,1,0
2026-10-10,1145,gulfstreamparkabd,2,6,EXCUSES (USA),,1,0
2026-10-10,1145,gulfstreamparkabd,2,7,ACTION DELIGHT (USA),,1,0
2026-10-10,1145,gulfstreamparkabd,3,1,AMBERSSOHN (USA),,1,0
2026-10-10,1145,gulfstreamparkabd,3,2,STARSHIP ICEMAN (USA),,1,0
2026-10-10,1145,gulfstreamparkabd,3,3,LORD HINENI (USA),,1,0
2026-10-10,1145,gulfstreamparkabd,3,4,RUDI (USA),,1,0
2026-10-10,1145,gulfstreamparkabd,3,5,TOM B THE GOAT (USA),,1,0
2026-10-10,1145,gulfstreamparkabd,3,6,HOLY COW (USA),,1,0
2026-10-10,1145,gulfstreamparkabd,3,7,FIFTEEN HUNDRED R (USA),,1,0
2026-10-10,1145,gulfstreamparkabd,3,8,LIGHTING ARROW (USA),,1,0
2026-10-10,1145,gulfstreamparkabd,4,1,CALLING THE SHOTS (USA),,1,0
2026-10-10,1145,gulfstreamparkabd,4,2,MELODY FACTOR (USA),,1,0
2026-10-10,1145,gulfstreamparkabd,4,3,LIST (USA),,1,0
2026-10-10,1145,gulfstreamparkabd,4,4,TINKATWO (USA),,1,0
2026-10-10,1145,gulfstreamparkabd,4,5,ILIANA (USA),,1,0
2026-10-10,1145,gulfstreamparkabd,4,6,SOUFFLE ON FIRE (USA),,1,0
2026-10-10,1145,gulfstreamparkabd,4,7,ZARAFA (USA),,1,0
2026-10-10,1145,gulfstreamparkabd,5,1,NEOPHYTE (USA),,1,0
2026-10-10,1145,gulfstreamparkabd,5,2,MAITRE D (USA),,1,0
2026-10-10,1145,gulfstreamparkabd,5,3,RACHEL'S COACH (USA),,1,0
2026-10-10,1145,gulfstreamparkabd,5,4,JAVA BUZZ (USA),,1,0
2026-10-10,1145,gulfstreamparkabd,5,5,READIER (USA),,1,0
2026-10-10,1145,gulfstreamparkabd,5,6,BOLD N BREEZY (USA),,1,0
2026-10-10,1145,gulfstreamparkabd,5,7,VELOCIRAPTOR (USA),,1,0
2026-10-10,1145,gulfstreamparkabd,5,8,HOTTAKEJAKE (USA),,1,0
2026-10-10,1145,gulfstreamparkabd,6,1,EARTHLY DELIGHTS (USA),,1,0
2026-10-10,1145,gulfstreamparkabd,6,2,IRISH BRIGADE (USA),,1,0
2026-10-10,1145,gulfstreamparkabd,6,3,FIREBALLER (USA),,1,0
2026-10-10,1145,gulfstreamparkabd,6,4,SUBTLE SIR (USA),,1,0
2026-10-10,1145,gulfstreamparkabd,6,5,HANGMAN (USA),,1,0
2026-10-10,1145,gulfstreamparkabd,6,6,CLASSIC ROADSTER (USA),,1,0
2026-10-10,1145,gulfstreamparkabd,6,7,SULTAN JAK (USA),,1,0
2026-10-10,1145,gulfstreamparkabd,7,1,FULL DISCLOSURE (USA),,1,0
2026-10-10,1145,gulfstreamparkabd,7,2,EXTENDO (USA),,1,0
2026-10-10,1145,gulfstreamparkabd,7,3,ESPERON (USA),,1,0
2026-10-10,1145,gulfstreamparkabd,7,4,AXTHELM (USA),,1,0
2026-10-10,1145,gulfstreamparkabd,7,5,ITZA BOSS (USA),,1,0
2026-10-10,1145,gulfstreamparkabd,7,6,ROUKI (USA),,1,0
2026-10-10,1145,gulfstreamparkabd,7,7,SOUPER QUEST (USA),,1,0
2026-10-10,1145,gulfstreamparkabd,7,8,NAUGHTY RASCAL (USA),,1,0
2026-10-10,1145,gulfstreamparkabd,7,9,MATTINGLY (USA),,1,0
2026-10-10,1145,gulfstreamparkabd,7,10,GUNS LOADED (USA),,1,0
2026-10-10,1145,gulfstreamparkabd,7,11,THREE ZERO (USA),,1,0
2026-10-10,1145,gulfstreamparkabd,7,12,AJAAYB (USA),,1,0
2026-10-10,1145,gulfstreamparkabd,8,1,SPEED CONTROL (USA),,1,0
2026-10-10,1145,gulfstreamparkabd,8,2,DIME PAPI (USA),,1,0
2026-10-10,1145,gulfstreamparkabd,8,3,WANNABEELOVED (USA),,1,0
2026-10-10,1145,gulfstreamparkabd,8,4,OASIS PRINCE (USA),,1,0
2026-10-10,1145,gulfstreamparkabd,8,5,BLUE SLIDE PARK (USA),,1,0
2026-10-10,1145,gulfstreamparkabd,8,6,JADES JAY (USA),,1,0
2026-10-10,1145,gulfstreamparkabd,8,7,SIMO (USA),,1,0
